Site,Location,Session,MSE,PSNR,NMI,SSIM,SoftwareVersion,Temperature
137-0014,Pretoria,2023-09-13 10_51_52,0.0025038753942683,33.991760515892494,1.47306269697853,0.9828805811598568,rc8.6.0,
137-0014,Pretoria,2023-09-13 10_51_52,0.0025034340442936,33.99252610013065,1.4730693936991364,0.9828817630364394,rc8.6.0,
137-0014,Pretoria,2023-09-13 10_51_52,0.0025037538952469,33.99197125974543,1.4730666206516831,0.9828811367892836,rc8.6.0,
137-0014,Pretoria,2023-09-13 10_51_52,0.0025037538952469,33.99197125974543,1.4730666206516831,0.9828811367892836,rc8.6.0,
137-0014,Pretoria,2023-09-26 10_13_00,0.0024899507930854,33.55998220744779,1.4677584262323926,0.9823010011479506,rc8.6.0,
137-0014,Pretoria,2023-09-26 10_13_00,0.0024904443861238,33.559121373213195,1.4677451630913447,0.9822979679880324,rc8.6.0,
137-0014,Pretoria,2023-09-26 10_13_00,0.0024902897381068,33.559391063498936,1.467755509627313,0.98229828463109,rc8.6.0,
137-0014,Pretoria,2023-09-26 10_13_00,0.0024902897381068,33.559391063498936,1.467755509627313,0.98229828463109,rc8.6.0,
137-0014,Pretoria,2023-10-03 10_35_30,0.0025001325240766,33.79641477403658,1.470404169961908,0.9830995835191124,rc8.6.0,
137-0014,Pretoria,2023-10-03 10_35_30,0.0025009168146395,33.79505260764536,1.4703787654103766,0.9830970057875592,rc8.6.0,
137-0014,Pretoria,2023-10-03 10_35_30,0.002500194838817,33.796306529331936,1.47040248727359,0.9831002735557864,rc8.6.0,
137-0014,Pretoria,2023-10-03 10_35_30,0.002500194838817,33.796306529331936,1.47040248727359,0.9831002735557864,rc8.6.0,
137-0014,Pretoria,2024-03-06 08_51_39,0.0024130792968679,33.74787687326591,1.4706868457065825,0.983176562935,rc8.6.0,29.0
137-0014,Pretoria,2024-03-06 08_51_39,0.0024128415205748,33.748304832762145,1.4707306179603965,0.9831778472027916,rc8.6.0,29.0
137-0014,Pretoria,2024-03-06 08_51_39,0.0024127599112882,33.74845172621512,1.4707091064707922,0.9831783576618804,rc8.6.0,29.0
137-0014,Pretoria,2024-03-06 08_51_39,0.0024127599112882,33.74845172621512,1.4707091064707922,0.9831783576618804,rc8.6.0,29.0
137-0014,Pretoria,2024-03-05 10_12_03,0.0024992562109324,33.69656733683748,1.469024535134849,0.9829244338011104,rc8.6.0,29.0
137-0014,Pretoria,2024-03-05 10_12_03,0.002499329433015,33.696440101060475,1.4690285430907783,0.9829239465156738,rc8.6.0,29.0
137-0014,Pretoria,2024-03-05 10_12_03,0.0024992847789069,33.69651769469712,1.4690369877738727,0.9829227921090696,rc8.6.0,29.0
137-0014,Pretoria,2024-03-05 10_12_03,0.0024992847789069,33.69651769469712,1.4690369877738727,0.9829227921090696,rc8.6.0,29.0
137-0014,Pretoria,2024-03-04 15_25_21,0.0024953470659963,34.03537631336575,1.473834020574863,0.9831573443963804,rc8.6.0,29.0
137-0014,Pretoria,2024-03-04 15_25_21,0.0024956490720641,34.03485072863168,1.4738358234926034,0.9831586213497048,rc8.6.0,29.0
137-0014,Pretoria,2024-03-04 15_25_21,0.0024955136618779,34.0350863767153,1.4738356947807534,0.9831580218771956,rc8.6.0,29.0
137-0014,Pretoria,2024-03-04 15_25_21,0.0024955136618779,34.0350863767153,1.4738356947807534,0.9831580218771956,rc8.6.0,29.0
137-0030,Lusaka,2024-02-12 15_54_47,0.0032861897896003,32.48911039279755,1.4472691596248226,0.976163398832816,8.7.0,
137-0030,Lusaka,2024-02-12 15_54_47,0.0032861467879861,32.48916722300872,1.4472762085034068,0.97616542976175,8.7.0,
137-0030,Lusaka,2024-02-12 15_54_47,0.003286052695964,32.489291576038745,1.4472885615221651,0.976162106082222,8.7.0,
137-0030,Lusaka,2024-02-12 15_54_47,0.0032862975949824,32.48896792228425,1.447269789889445,0.9761652607620022,8.7.0,
137-0030,Lusaka,2024-02-13 14_46_30,0.0024270204710318,33.39128859762583,1.4667503556289907,0.9846798837894788,8.7.0,
137-0030,Lusaka,2024-02-13 14_46_30,0.0024271066331631,33.391134420624056,1.46673744371958,0.9846801088132048,8.7.0,
137-0030,Lusaka,2024-02-13 14_46_30,0.0024271009248665,33.39114463478022,1.466735161142818,0.9846794820258814,8.7.0,
137-0030,Lusaka,2024-02-13 14_46_30,0.0024270617872509,33.391214666427345,1.466746456945977,0.9846796705976832,8.7.0,
137-0030,Lusaka,2024-02-14 14_51_36,0.0024722362946022,33.72157126335193,1.4697105366999834,0.9850669777809778,8.7.0,
137-0030,Lusaka,2024-02-14 14_51_36,0.0024722166658621,33.72160574503723,1.4697135206837502,0.985066867378712,8.7.0,
137-0030,Lusaka,2024-02-14 14_51_36,0.0024723353633264,33.72139723412068,1.4697064582131285,0.9850666208592296,8.7.0,
137-0030,Lusaka,2024-02-14 14_51_36,0.0024722379092655,33.72156842689533,1.4697081038318511,0.9850669948944668,8.7.0,
137-0030,Lusaka,2024-02-15 09_48_28,0.0024216246941959,33.35213133221271,1.4666691998508463,0.9847213372814512,8.7.0,
137-0030,Lusaka,2024-02-15 09_48_28,0.0024217936632762,33.35182831341974,1.4666627854079937,0.9847212107441936,8.7.0,
137-0030,Lusaka,2024-02-15 09_48_28,0.0024217563705945,33.35189519001135,1.466673349376561,0.9847208543919888,8.7.0,
137-0030,Lusaka,2024-02-15 09_48_28,0.0024218028313096,33.35181187263521,1.4666558582671814,0.9847226471003484,8.7.0,
137-0030,Lusaka,2024-02-16 08_59_54,0.0026899070082829,33.09758170885887,1.4609355129237802,0.9836168500932504,8.7.0,
137-0030,Lusaka,2024-02-16 08_59_54,0.002690154784728,33.097181683925726,1.4609198232986278,0.9836176708863036,8.7.0,
137-0030,Lusaka,2024-02-16 08_59_54,0.0026899073319815,33.097581186236724,1.4609175681430395,0.9836159471735088,8.7.0,
137-0030,Lusaka,2024-02-16 08_59_54,0.0026898632312146,33.09765238897478,1.4609435866558955,0.9836150569191896,8.7.0,
137-0030,Lusaka,2024-06-24 09_34_41,0.0027085511999425,34.30291555047064,1.480028897019534,0.9845000575274973,8.7.0,24.0
137-0030,Lusaka,2024-06-24 09_34_41,0.0027086236457974,34.30279939090064,1.480023384658512,0.984500526309071,8.7.0,24.0
137-0030,Lusaka,2024-06-24 09_34_41,0.0025057480175335,34.63242815258831,1.4817437721356863,0.9848426266155742,8.7.0,24.0
137-0030,Lusaka,2024-06-25 08_49_23,0.0030855963316633,33.54015160573999,1.482255993126553,0.9837886958372676,8.7.0,24.0
137-0030,Lusaka,2024-06-25 08_49_23,0.0023525523528018,34.69802870984662,1.48485410032765,0.9859535529815068,8.7.0,24.0
137-0030,Lusaka,2024-06-26 09_02_10,0.0029736538780297,33.394662501627394,1.4746842703999892,0.9837843503809468,8.7.0,24.0
137-0030,Lusaka,2024-06-26 09_02_10,0.0024352703043474,34.24320950469946,1.4779217836858034,0.9850068251770286,8.7.0,24.0
137-0030,Lusaka,2024-06-27 09_09_49,0.0028934879392565,33.52360878382268,1.4709625463165643,0.9832424109662964,8.7.0,26.0
137-0030,Lusaka,2024-06-27 09_09_49,0.002621763296444,33.935699602760444,1.471694009817675,0.9836706447478594,8.7.0,26.0
137-0030,Lusaka,2024-06-28 09_32_58,0.0027879197292457,33.4828499923927,1.4671266284779116,0.9828969275319992,8.7.0,26.0
137-0030,Lusaka,2024-06-28 09_32_58,0.0027263501129174,33.55620963626185,1.4664118290701191,0.9826455416482694,8.7.0,26.0
137-0030,Lusaka,2024-07-03 09_16_27,0.0028656258411828,33.81614956574312,1.4759650573575742,0.9838949913273513,8.7.0,24.0
137-0030,Lusaka,2024-07-03 09_16_27,0.0024846257691613,34.416324800443256,1.479442370365611,0.984634223050948,8.7.0,24.0
137-0030,Lusaka,2024-07-05 08_29_48,0.0027353579236771,33.86893191167685,1.4773477801105466,0.9835968819113132,8.7.0,26.0
137-0030,Lusaka,2024-07-05 08_29_48,0.0023733266841724,34.469148799059816,1.4816428244171211,0.9845792874389412,8.7.0,26.0
137-0030,Lusaka,2024-07-09 08_38_32,0.0027432928967575,33.48921913558581,1.4748096274874274,0.9830594790648872,8.7.0,24.0
137-0030,Lusaka,2024-07-09 08_38_32,0.0023716084368438,34.10575535583769,1.477743169437415,0.984231556036977,8.7.0,24.0
137-0030,Lusaka,2024-07-10 08_55_49,0.0026164200675586,33.8647264705883,1.4774398547409886,0.9832045632182518,8.7.0,24.0
137-0030,Lusaka,2024-07-10 08_55_49,0.0023849487478532,34.248349885269086,1.4786615241358163,0.983753871475932,8.7.0,24.0
137-0030,Lusaka,2024-07-11 09_08_23,0.0030060059984413,32.746613478885,1.4644924411880844,0.9803728874992684,8.7.0,26.0
137-0030,Lusaka,2024-07-11 09_08_23,0.002600064056441,33.359458576832665,1.465993379320687,0.9820616714625978,8.7.0,26.0
137-0030,Lusaka,2024-07-12 08_24_01,0.0025475141346695,33.31670487071649,1.471222532327137,0.9833610732811868,8.7.0,26.0
137-0030,Lusaka,2024-07-12 08_24_01,0.0023943246328719,33.56861912116877,1.470981144613668,0.9837680476002438,8.7.0,26.0
137-0030,Lusaka,2024-07-15 08_28_01,0.0023952373262058,33.96108873248576,1.4769564249607434,0.9841158185463648,8.7.0,26.0
137-0030,Lusaka,2024-07-15 08_28_01,0.0023944099042509,33.94705828287505,1.4756800277066224,0.9836888876200994,8.7.0,26.0
137-0030,Lusaka,2024-07-16 08_10_13,0.0028151199294311,32.89876596901623,1.4687776401003736,0.9819386768025198,8.7.0,26.0
137-0030,Lusaka,2024-07-16 08_10_13,0.0023951190303128,33.58505616294432,1.4713405010541174,0.9833007386975884,8.7.0,26.0
137-0030,Lusaka,2024-07-17 08_32_19,0.0023643583868933,33.62194698020575,1.4735580327499982,0.984478476713786,8.7.0,26.0
137-0030,Lusaka,2024-07-17 08_32_19,0.0024143092461422,33.51632513429007,1.4705133397010828,0.983910612411933,8.7.0,26.0
137-0030,Lusaka,2024-07-18 08_38_28,0.0026417591500416,33.56965051703361,1.4755501235680826,0.983118527717388,8.7.0,28.0
137-0030,Lusaka,2024-07-18 08_38_28,0.0023208685332838,34.12220119289266,1.478737452709406,0.984293078756371,8.7.0,28.0
137-0030,Lusaka,2024-07-19 08_27_39,0.0023927016140913,33.61046148345325,1.4724380502536536,0.9839417838523224,8.7.0,28.0
137-0030,Lusaka,2024-07-19 08_27_39,0.002392237384733,33.60124204136911,1.471014795235238,0.9834984804458926,8.7.0,28.0
137-0030,Lusaka,2024-07-22 09_33_20,0.0032908449032863,32.60762950802936,1.468535701175197,0.9810347316032236,8.7.0,26.0
137-0030,Lusaka,2024-07-22 09_33_20,0.0032908449032863,32.60762950802936,1.468535701175197,0.9810347316032236,8.7.0,26.0
137-0030,Lusaka,2024-07-23 09_03_24,0.0026661346034204,33.172980631895456,1.4687307954940032,0.9825949302822834,8.7.0,
137-0030,Lusaka,2024-07-23 09_03_24,0.0024479383895254,33.53119702438277,1.4698578452972362,0.9829259660584296,8.7.0,
137-0030,Lusaka,2024-07-24 08_50_50,0.0157912852872093,25.598562371537543,1.4322296278450617,0.9387983323760448,8.7.0,
137-0030,Lusaka,2024-07-24 08_50_50,0.0023448865516949,33.87383197250348,1.475411866511808,0.9840361081603672,8.7.0,
137-0030,Lusaka,2024-07-26 08_37_21,0.0037966999331702,31.590483699725475,1.4603723773217252,0.977230615096778,8.7.0,26.0
137-0030,Lusaka,2024-07-26 08_37_21,0.0025663164920894,33.27844968748218,1.465913653787603,0.9817562586345858,8.7.0,26.0
137-0030,Lusaka,2024-07-29 09_05_05,0.0040481324859068,31.599565417743744,1.4607036036300534,0.9773031303796862,8.7.0,26.0
137-0030,Lusaka,2024-07-29 09_05_05,0.0028767934420352,33.05992302008527,1.4647424562903657,0.9823331370623016,8.7.0,26.0
137-0030,Lusaka,2024-07-30 08_47_59,0.0026165592394248,34.05406234628083,1.4766748367589766,0.9844253430736364,8.7.0,26.0
137-0030,Lusaka,2024-07-30 08_47_59,0.0024921600759382,34.24381092477103,1.4771630257528858,0.9844546340872986,8.7.0,26.0
137-0030,Lusaka,2024-07-31 08_47_21,0.0027214031033435,33.6016984751012,1.4779320169787,0.9843493495751678,8.7.0,28.0
137-0030,Lusaka,2024-07-31 08_47_21,0.0023180622451334,34.28249501845181,1.4789895998285694,0.9854303111804684,8.7.0,28.0
137-0030,Lusaka,2024-08-02 08_22_57,0.0026461607296255,33.50786138041887,1.4737329166390545,0.9848823321403812,8.7.0,26.0
137-0030,Lusaka,2024-08-02 08_22_57,0.0023340247473074,34.02972435748393,1.4761930213529837,0.9853717271130938,8.7.0,26.0
137-0030,Lusaka,2024-08-06 08_51_26,0.003107737187569,33.23073912477928,1.4762630263001384,0.9836498419631172,8.7.0,26.0
137-0030,Lusaka,2024-08-06 08_51_26,0.0022666223050089,34.58231823721045,1.483961226690722,0.985964137710478,8.7.0,26.0
137-0030,Lusaka,2024-08-07 08_33_22,0.0023178538029968,33.988083471636,1.4776621548477982,0.9859410184143956,8.7.0,26.0
137-0030,Lusaka,2024-08-07 08_33_22,0.0023342043934691,33.944690087574216,1.475320536551442,0.985486590411694,8.7.0,26.0
137-0030,Lusaka,2024-08-08 08_40_24,0.0026718992900459,33.55384190086233,1.4717212324135418,0.9847619960937216,8.7.0,26.0
137-0030,Lusaka,2024-08-08 08_40_24,0.0023862112584804,34.0266731467367,1.475697927052273,0.98516941249881,8.7.0,26.0
137-0030,Lusaka,2024-08-12 08_49_07,0.0030347424475459,33.13414364364769,1.4738042374799791,0.9835185643824476,8.7.0,26.0
137-0030,Lusaka,2024-08-12 08_49_07,0.0023760881033617,34.17298899033707,1.4773643249486017,0.98537209104685,8.7.0,26.0
137-0030,Lusaka,2024-08-13 08_45_38,0.0028948028182342,33.138350414989674,1.473388989966009,0.9837951401818243,8.7.0,26.0
137-0030,Lusaka,2024-08-13 08_45_38,0.0023729228449813,33.97836672238847,1.4748483494495674,0.9852447432410916,8.7.0,26.0
137-0030,Lusaka,2024-08-14 08_54_40,0.0030200172694249,32.8339212796418,1.469814845898185,0.9836138245786964,8.7.0,26.0
137-0030,Lusaka,2024-08-14 08_54_40,0.0023493799037935,33.898906078192,1.4741275191789218,0.9853387633153105,8.7.0,26.0
137-0030,Lusaka,2024-08-15 12_19_17,0.0023665846594128,34.502712930820245,1.4843427817788215,0.985965057533181,8.7.0,26.0
137-0030,Lusaka,2024-08-15 12_19_17,0.0023125667927606,34.58116040800521,1.4829546823155018,0.9857962247546508,8.7.0,26.0
137-0030,Lusaka,2024-08-22 09_34_21,0.0026784387964443,33.58944776542525,1.4773256325581343,0.9849693415418058,8.7.0,26.0
137-0030,Lusaka,2024-08-22 09_34_21,0.0023144242773301,34.2055386206839,1.4792291564010216,0.9857627034227712,8.7.0,26.0
137-0030,Lusaka,2024-08-20 08_48_24,0.0023445361280295,34.335898798174235,1.4802810100133217,0.985512125717135,8.7.0,26.0
137-0030,Lusaka,2024-08-27 09_03_38,0.0023230936169375,34.396705882304296,1.4807024568775815,0.9857827774265224,8.7.0,26.0
137-0030,Lusaka,2024-08-26 08_58_23,0.0023977195142161,34.6861046552472,1.4867910386418854,0.9859023699971596,8.7.0,
137-0030,Lusaka,2024-08-26 08_58_23,0.002303329011262,34.83814626110738,1.4869290507148316,0.9858859402599952,8.7.0,
137-0030,Lusaka,2024-08-28 08_57_57,0.0023053288514651,34.46005237091476,1.4830342552060805,0.9861979680765204,8.7.0,
137-0030,Lusaka,2024-08-28 08_57_57,0.0023244287828187,34.40489709463097,1.481353756425026,0.985729215201383,8.7.0,
137-0030,Lusaka,2024-08-30 08_50_59,0.0029292453222587,33.511456411160204,1.4776019470325783,0.9840106263141984,8.7.0,26.0
137-0030,Lusaka,2024-08-30 08_50_59,0.0023794992527026,34.40333804927103,1.4801185557188383,0.9853397599560658,8.7.0,26.0
137-0030,Lusaka,2024-09-02 08_44_42,0.0028580267147905,33.24605030352993,1.472244387050786,0.9843207052309556,8.7.0,26.0
137-0030,Lusaka,2024-09-02 08_44_42,0.0023242551756021,34.128222082464056,1.4777201329591918,0.9854602426131904,8.7.0,26.0
137-0030,Lusaka,2024-09-03 09_11_18,0.0023392870230603,34.01457403101804,1.47809235837978,0.9860333415074096,8.7.0,
137-0030,Lusaka,2024-09-03 09_11_18,0.0022935053648575,34.08749057178304,1.4778371097097898,0.9857957512015318,8.7.0,
137-0030,Lusaka,2024-09-04 09_13_05,0.0024912109771837,34.19275342176119,1.4828035321424442,0.9855357840992304,8.7.0,
137-0030,Lusaka,2024-09-04 09_13_05,0.0022976948859306,34.52560388630141,1.4826271991016755,0.9859500872198076,8.7.0,
137-0030,Lusaka,2024-09-05 08_59_54,0.0028068214760323,33.94258567679341,1.4841522894651988,0.98457531007651,8.7.0,
137-0030,Lusaka,2024-09-05 08_59_54,0.0022408867103636,34.903874590960235,1.4890485675230425,0.9860142371066972,8.7.0,
137-0030,Lusaka,2024-09-06 09_50_58,0.0029684821390055,33.694912347220985,1.4770148626433348,0.9839975541688104,8.7.0,
137-0030,Lusaka,2024-09-06 09_50_58,0.002358595097716,34.6770685264726,1.483893674203171,0.985571470135502,8.7.0,
137-0030,Lusaka,2024-09-09 08_55_11,0.0029270705455132,33.36382412022412,1.4763910675169096,0.9843667577068416,8.7.0,
137-0030,Lusaka,2024-09-09 08_55_11,0.0022987576162961,34.39986491420615,1.4809875882592511,0.9860308185805116,8.7.0,
137-0030,Lusaka,2024-09-10 08_56_00,0.0032233443335653,32.788696296873184,1.4688400827777917,0.983057317595577,8.7.0,
137-0030,Lusaka,2024-09-10 08_56_00,0.0023908385256736,34.065266940415306,1.4755278617806702,0.9851720230808444,8.7.0,
137-0030,Lusaka,2024-09-11 09_19_34,0.0026331145517475,34.24359768083797,1.4822485292948546,0.9854071033838172,8.7.0,26.0
137-0030,Lusaka,2024-09-11 09_19_34,0.0022870664215086,34.835990833329284,1.486636131320063,0.9859681216820252,8.7.0,26.0
137-0030,Lusaka,2024-09-12 08_49_53,0.0024093115175573,33.74114424900831,1.4755954173036494,0.985793283436316,8.7.0,
137-0030,Lusaka,2024-09-12 08_49_53,0.0023284617383049,33.869107625732646,1.4741478737280649,0.9856947140137502,8.7.0,
137-0030,Lusaka,2024-09-13 09_09_46,0.0027949500409798,33.26751380653675,1.4713756772187427,0.9841885131648652,8.7.0,26.0
137-0030,Lusaka,2024-09-13 09_09_46,0.0023835920275345,33.935683865373505,1.474885518209362,0.9851557924169042,8.7.0,26.0
137-0030,Lusaka,2024-09-16 09_04_49,0.0024662139624505,33.62165055619536,1.4731612481512764,0.985261434540922,8.7.0,28.0
137-0030,Lusaka,2024-09-16 09_04_49,0.0023309838118843,33.84627412382331,1.4737844076456657,0.9852972834011916,8.7.0,28.0
137-0030,Lusaka,2024-09-17 09_08_02,0.00270129742738,33.30176172824889,1.4694114080710254,0.983667306090184,8.7.0,28.0
137-0030,Lusaka,2024-09-17 09_08_02,0.0024664500210408,33.68401959195189,1.470832254217551,0.9841614266935824,8.7.0,28.0
137-0030,Lusaka,2024-09-18 09_03_56,0.0602755686660603,19.80967137174897,1.3661018623357206,0.8568038846326655,8.7.0,28.0
137-0030,Lusaka,2024-09-18 09_03_56,0.0024237105241781,33.716832050669574,1.471214743392638,0.9843088996478532,8.7.0,28.0
137-0030,Lusaka,2024-09-19 09_18_33,0.0026988389145368,33.162470207371406,1.472243645463363,0.983877522386298,8.7.0,30.0
137-0030,Lusaka,2024-09-19 09_18_33,0.0023435328473826,33.750382817785166,1.4723757387544882,0.9848745569811768,8.7.0,30.0
137-0030,Lusaka,2024-09-20 09_10_16,0.0099541381918612,27.621244366905543,1.4331354232633624,0.9603266537784944,8.7.0,30.0
137-0030,Lusaka,2024-09-20 09_10_16,0.002775980702059,33.137071917535366,1.4587055711798134,0.9824017399723096,8.7.0,30.0
137-0030,Lusaka,2024-09-23 09_31_21,0.0033689508981646,32.1428987004967,1.460342050510295,0.9800520649041728,8.7.0,28.0
137-0030,Lusaka,2024-09-23 09_31_21,0.0025391286581634,33.3534004016926,1.4661168879683508,0.9829762831410616,8.7.0,28.0
137-0030,Lusaka,2024-09-24 08_43_50,0.0033131973870005,32.68037255201257,1.4744673517587554,0.9830281063482555,8.7.0,28.0
137-0030,Lusaka,2024-09-24 08_43_50,0.0022574641463363,34.33353111495216,1.4810053879876823,0.9859517037958652,8.7.0,28.0
137-0030,Lusaka,2024-09-25 09_07_08,0.0027452681850517,33.437103468411,1.4741769536180367,0.9845186197253846,8.7.0,28.0
137-0030,Lusaka,2024-09-25 09_07_08,0.0023609104549891,34.07126093288175,1.475735674279821,0.9852779024096464,8.7.0,28.0
137-0030,Lusaka,2024-09-26 08_49_51,0.009633590860869,28.05573959744262,1.446019715617863,0.9627851678948932,8.7.0,28.0
137-0030,Lusaka,2024-09-26 08_49_51,0.0024975710459188,33.89718752568835,1.4732866450151771,0.9843010732790944,8.7.0,28.0
137-0030,Lusaka,2024-09-27 08_25_09,0.0043552582220051,31.577123556370896,1.4651406485735203,0.97976763271496,8.7.0,28.0
137-0030,Lusaka,2024-09-27 08_25_09,0.002396512103432,34.155480798616715,1.4767097029716614,0.9849715946349497,8.7.0,28.0
137-0030,Lusaka,2024-09-30 08_53_35,0.0036908674720924,31.85260950835797,1.4637028381197676,0.9810860870264536,8.7.0,28.0
137-0030,Lusaka,2024-09-30 08_53_35,0.0023953543697019,33.71009530413368,1.4721096873969663,0.9846012101417504,8.7.0,28.0
137-0030,Lusaka,2024-10-01 09_47_34,0.0027823851183758,32.950304540068814,1.468215547109385,0.9837720475485487,8.7.0,30.0
137-0030,Lusaka,2024-10-01 09_47_34,0.0024065517428342,33.55805110227945,1.46957202043952,0.9845686999542392,8.7.0,30.0
137-0030,Lusaka,2024-10-02 08_57_08,0.0023717631144667,33.69703184652087,1.4761029730449862,0.985480943661406,8.7.0,30.0
137-0030,Lusaka,2024-10-02 08_57_08,0.002246526194989,33.91051453786721,1.4754501127085795,0.98551572134235,8.7.0,30.0
137-0030,Lusaka,2024-10-03 09_04_40,0.0024226619929182,33.56009609859672,1.474660392816845,0.9851603162874684,8.7.0,28.0
137-0030,Lusaka,2024-10-03 09_04_40,0.0022550100853174,33.84721629668963,1.4746580247120231,0.9852692383689576,8.7.0,28.0
137-0030,Lusaka,2024-10-07 08_30_23,0.0023781386009763,34.173190907721484,1.4786485632488142,0.9854078321508368,8.7.0,28.0
137-0030,Lusaka,2024-10-07 08_30_23,0.0024009624014278,34.11316973274365,1.4761356852634815,0.984934287788398,8.7.0,28.0
137-0030,Lusaka,2024-10-08 08_11_00,0.0403284481966017,21.88948261456669,1.3857621210755924,0.8951067738180312,8.7.0,28.0
137-0030,Lusaka,2024-10-08 08_11_00,0.0026999020422249,33.61947746223481,1.466978960931901,0.9833405978113984,8.7.0,28.0
137-0030,Lusaka,2024-10-09 08_39_31,0.0024335677649607,33.80455020107463,1.4771217047530467,0.9852719843856172,8.7.0,28.0
137-0030,Lusaka,2024-10-09 08_39_31,0.0022969984733025,34.03940919817942,1.477022216622705,0.9854102308119572,8.7.0,28.0
137-0030,Lusaka,2024-10-10 08_39_50,0.0024696901414031,33.67902931891469,1.4747120320574398,0.9852735189245708,8.7.0,28.0
137-0030,Lusaka,2024-10-10 08_39_50,0.0023268550026154,33.91979184649652,1.4750511112969185,0.9853084611193172,8.7.0,28.0
137-0030,Lusaka,2024-10-21 08_29_03,0.0023523042421576,33.96432910808551,1.4806959630622514,0.9855833538463714,8.8.0,28.0
137-0030,Lusaka,2024-10-21 08_29_03,0.0021841008395321,34.27921513223781,1.4816812702177982,0.9858748292031976,8.8.0,28.0
137-0030,Lusaka,2024-10-22 08_45_37,0.0026049225294271,33.31899667102562,1.4768055722840416,0.984558976523896,8.8.0,28.0
137-0030,Lusaka,2024-10-22 08_45_37,0.0021551641271848,34.13200654430227,1.4803500253068438,0.9859360639623908,8.8.0,28.0
137-0030,Lusaka,2024-10-23 09_02_35,0.0024556230290735,33.83991087691322,1.482967964962737,0.985432695546133,8.8.0,30.0
137-0030,Lusaka,2024-10-23 09_02_35,0.0020866022099782,34.53675097071182,1.4866368593863688,0.9863259887096916,8.8.0,30.0
137-0030,Lusaka,2024-10-25 08_31_02,0.0022380845537648,33.91805232590325,1.4801347538451513,0.985785200593898,8.8.0,30.0
137-0030,Lusaka,2024-10-25 08_31_02,0.0021370358662168,34.10364587570611,1.4801451292949994,0.9858851648833712,8.8.0,30.0
137-0030,Lusaka,2024-10-28 09_01_01,0.0026675153928759,32.942342866585065,1.473437274393727,0.9843405704198386,8.8.0,30.0
137-0030,Lusaka,2024-10-28 09_01_01,0.0020987362337678,33.96690553864811,1.47895593252222,0.9858717244707887,8.8.0,30.0
137-0030,Lusaka,2024-10-29 08_29_49,0.0026158148890841,33.03926385265975,1.4775819705321904,0.984050307414505,8.8.0,30.0
137-0030,Lusaka,2024-10-29 08_29_49,0.0020952979882515,33.988270726374815,1.479655768959841,0.9860472745461278,8.8.0,30.0
137-0030,Lusaka,2024-10-31 09_01_30,0.0024072657724106,33.78287189188619,1.4805513050639176,0.9846360858136052,8.8.0,30.0
137-0030,Lusaka,2024-10-31 09_01_30,0.0021600191212276,34.24072551038982,1.4818953947817262,0.9853420893121544,8.8.0,30.0
137-0030,Lusaka,2024-10-30 09_09_43,0.002392225171129,33.39862195199188,1.4682005729407273,0.981974519499154,8.8.0,28.0
137-0030,Lusaka,2024-10-30 09_09_43,0.0024488450416891,33.28494007268643,1.4652609676278885,0.9813775108868792,8.8.0,28.0
137-0030,Lusaka,2024-11-01 08_52_01,0.00289332020725,32.78292883510087,1.466944162273479,0.9810924743695082,8.8.0,30.0
137-0030,Lusaka,2024-11-01 08_52_01,0.0024494669111171,33.48619420180821,1.4690844935357183,0.9824587889509232,8.8.0,30.0
137-0030,Lusaka,2024-11-11 07_20_15,0.0020304176550168,34.232715841954686,1.4833808691959325,0.9869037489044415,8.8.0,
137-0030,Lusaka,2024-11-11 07_20_15,0.0020796719081485,34.11879293379564,1.4809434679210691,0.9863855967272748,8.8.0,
137-0030,Lusaka,2024-11-12 07_04_35,0.0028582579461121,32.66304224368054,1.4763738499592372,0.9829742596045108,8.8.0,30.0
137-0030,Lusaka,2024-11-12 07_04_35,0.0021111665620493,33.96420935547849,1.479003110810557,0.986050090591571,8.8.0,30.0
137-0030,Lusaka,2024-11-13 08_43_40,0.0021835608071847,33.74825447168905,1.4773556513546584,0.986007058907542,8.8.0,30.0
137-0030,Lusaka,2024-11-13 08_43_40,0.0021363965597035,33.83108136139647,1.4766037866645323,0.985930737349074,8.8.0,30.0
137-0030,Lusaka,2024-11-14 08_34_49,0.0026612656472791,33.28657021757299,1.4774383286301993,0.9845876460346286,8.8.0,30.0
137-0030,Lusaka,2024-11-14 08_34_49,0.002109210997215,34.278464886967804,1.4827311984850344,0.9861175772579356,8.8.0,30.0
137-0030,Lusaka,2024-11-15 08_43_43,0.0025076535627921,33.24631312171817,1.4743450833195495,0.9849415796623192,8.8.0,30.0
137-0030,Lusaka,2024-11-15 08_43_43,0.0021267308169,33.949809827357555,1.4785681943895237,0.9860160481681924,8.8.0,30.0
137-0030,Lusaka,2024-11-18 09_06_32,0.0021803989391654,34.18492941591959,1.480888737514078,0.9857175834633868,8.8.0,28.0
137-0030,Lusaka,2024-11-18 09_06_32,0.0021804153195579,34.18489678937952,1.4808924696456007,0.9857171452223163,8.8.0,28.0
137-0030,Lusaka,2024-11-19 08_42_50,0.0022027745236808,34.282087515794124,1.4817635913787297,0.9857514905671024,8.8.0,30.0
137-0030,Lusaka,2024-11-19 08_42_50,0.0022027626084263,34.282111007727735,1.481766297986481,0.985751668006935,8.8.0,30.0
137-0030,Lusaka,2024-11-20 09_33_35,0.0021473944753586,34.52405336931247,1.485433500232046,0.9859719147226716,8.8.0,30.0
137-0030,Lusaka,2024-11-20 09_33_35,0.0021473213943819,34.52420117264036,1.4854297547264337,0.985973332178948,8.8.0,30.0
137-0030,Lusaka,2024-11-21 08_25_38,0.0022114404041032,33.94749999763715,1.4773947189449876,0.9856128899226646,8.8.0,30.0
137-0030,Lusaka,2024-11-21 08_25_38,0.0022112674829344,33.94783960274509,1.4773909354942805,0.9856132656347606,8.8.0,30.0
137-0030,Lusaka,2024-11-22 08_40_26,0.0022431159894887,33.955651167835164,1.4769835729889833,0.985057698228084,8.8.0,30.0
137-0030,Lusaka,2024-11-22 08_40_26,0.0022426444149026,33.95656428945935,1.476986709569464,0.985060481560714,8.8.0,30.0
137-0030,Lusaka,2024-11-25 08_00_21,0.0021348572242042,33.97743886981165,1.4783985094162522,0.9860941663723092,8.8.0,30.0
137-0030,Lusaka,2024-11-25 08_00_21,0.0021350765761042,33.97699266467456,1.4784013540457708,0.986093780371887,8.8.0,30.0
137-0030,Lusaka,2024-11-26 08_00_13,0.0034968623164504,32.06804844731967,1.441753970734744,0.9798552249106398,8.8.0,30.0
137-0030,Lusaka,2024-11-26 08_00_13,0.003496747663831,32.068190843021114,1.441762030074226,0.9798566807365652,8.8.0,30.0
137-0030,Lusaka,2024-11-27 08_47_01,0.0022917006407443,34.45611948767248,1.4834360304931322,0.9844187668965084,8.8.0,28.0
137-0030,Lusaka,2024-11-27 08_47_01,0.0022916805794859,34.45615750542997,1.4834443625261862,0.9844187142301656,8.8.0,28.0
137-0030,Lusaka,2024-11-28 09_03_50,0.0023079231868889,33.6656824244563,1.473052794152566,0.9841752630059348,8.8.0,30.0
137-0030,Lusaka,2024-11-28 09_03_50,0.0023079467416018,33.665638100495734,1.4730455832234073,0.9841753677121572,8.8.0,30.0
137-0030,Lusaka,2024-11-29 08_28_35,0.0022337452596911,33.60412769384662,1.4730622189760605,0.9850355279463274,8.8.0,30.0
137-0030,Lusaka,2024-11-29 08_28_35,0.0022337353351234,33.604146989666106,1.4730520788283026,0.9850365610061008,8.8.0,30.0
137-0030,Lusaka,2024-12-02 08_18_42,0.0021679950724352,34.426471936989344,1.4844329564716687,0.9855367081794718,8.8.0,
137-0030,Lusaka,2024-12-02 08_18_42,0.0021679893279208,34.42648344446105,1.4844297443025094,0.9855372974929356,8.8.0,
137-0030,Lusaka,2024-12-03 09_28_06,0.0022531821214341,33.73460651982572,1.475006739754148,0.9847877940136212,8.8.0,30.0
137-0030,Lusaka,2024-12-03 09_28_06,0.0022529739987697,33.73500768890372,1.4749913532795056,0.9847894504122564,8.8.0,30.0
137-0030,Lusaka,2024-12-04 09_13_58,0.0021905757859335,33.74329444908322,1.4752687244347225,0.9854037411690028,8.8.0,30.0
137-0030,Lusaka,2024-12-04 09_13_58,0.0021901691995211,33.74410060528008,1.4752790193649412,0.9854059518178006,8.8.0,30.0
137-0030,Lusaka,2024-12-06 08_23_19,0.0021317142295258,34.036166015193025,1.4790562602394146,0.986294230876276,8.8.0,30.0
137-0030,Lusaka,2024-12-06 08_23_19,0.0021316596765681,34.03627715744332,1.4790564849198395,0.986294743896545,8.8.0,30.0
137-0030,Lusaka,2024-12-09 08_10_11,0.0021485669035266,34.36585825497488,1.4820323251227692,0.986022488311632,8.8.0,30.0
137-0030,Lusaka,2024-12-09 08_10_11,0.0021487311326012,34.36552630787561,1.482027263711586,0.9860214917043064,8.8.0,30.0
137-0030,Lusaka,2024-12-10 08_29_14,0.0021491425017345,34.280306851432826,1.4819838321221102,0.985913026989699,8.8.0,30.0
137-0030,Lusaka,2024-12-10 08_29_14,0.0021491062574127,34.28038009386172,1.4819779444374384,0.9859130507759236,8.8.0,30.0
137-0030,Lusaka,2024-12-11 08_06_09,0.0021563660249136,34.27865295939714,1.4816644222403828,0.9860583066458288,8.8.0,30.0
137-0030,Lusaka,2024-12-11 08_06_09,0.0021563081622798,34.27876949693967,1.4816641681363585,0.9860584201497,8.8.0,30.0
137-0030,Lusaka,2024-12-12 08_05_07,0.0021763251482459,34.26427364826891,1.4810343538597244,0.9860295215718454,8.8.0,30.0
137-0030,Lusaka,2024-12-12 08_05_07,0.0021764628762862,34.263998815092584,1.4810441359067317,0.9860281995340868,8.8.0,30.0
137-0030,Lusaka,2024-12-13 08_17_02,0.0021808389553216,33.95630438920433,1.4777919963902717,0.9857163656030832,8.8.0,30.0
137-0030,Lusaka,2024-12-13 08_17_02,0.0021807280106654,33.95652533113808,1.477788716160888,0.9857166048074611,8.8.0,30.0
137-0030,Lusaka,2024-12-16 09_08_40,0.0021513914971406,34.63754536991063,1.4867544205037306,0.9864907677343616,8.8.0,28.0
137-0030,Lusaka,2024-12-16 09_08_40,0.0021514678748725,34.63739119137645,1.4867593730332398,0.9864897569912368,8.8.0,28.0
137-0030,Lusaka,2024-12-17 08_14_20,0.0022386012180793,34.11750155305271,1.4789784803669703,0.985678574382823,8.8.0,28.0
137-0030,Lusaka,2024-12-17 08_14_20,0.002238813223593,34.11709027629455,1.4789635925359257,0.9856783735865702,8.8.0,28.0
137-0030,Lusaka,2024-12-18 08_21_08,0.0022220274784063,34.268201095261304,1.4808684835002908,0.9858416125514348,8.8.0,30.0
137-0030,Lusaka,2024-12-18 08_21_08,0.002222089164098,34.2680805324694,1.4808572052186892,0.9858414892240936,8.8.0,30.0
137-0030,Lusaka,2024-12-20 08_42_34,0.0021983410752124,33.90402048508417,1.4764380951103957,0.9857618769714236,8.8.0,30.0
137-0030,Lusaka,2024-12-20 08_42_34,0.0021984138289068,33.90387675850077,1.4764428626710024,0.985762470739204,8.8.0,30.0
137-0030,Lusaka,2024-12-23 08_23_48,0.0022058807336194,34.32956843356793,1.4813464865483292,0.9857261845272216,8.8.0,28.0
137-0030,Lusaka,2024-12-23 08_23_48,0.0022058325012394,34.329663394665246,1.481339875032663,0.9857256779894856,8.8.0,28.0
137-0030,Lusaka,2024-12-24 08_24_47,0.0021342063352224,34.354731611704985,1.4833421214705222,0.9863873531944728,8.8.0,28.0
137-0030,Lusaka,2024-12-24 08_24_47,0.0021341307049335,34.354885516219994,1.4833671970612627,0.9863867258821304,8.8.0,28.0
137-0030,Lusaka,2024-12-26 08_28_07,0.0021297333288055,34.397536102798185,1.4837451915342192,0.9863424121128092,8.8.0,28.0
137-0030,Lusaka,2024-12-26 08_28_07,0.0021299311571563,34.397132710646204,1.4837364993519089,0.9863412761918732,8.8.0,28.0
137-0030,Lusaka,2024-12-27 08_30_07,0.0021875795880095,34.363294228777,1.4830373565697152,0.9859994019915648,8.8.0,30.0
137-0030,Lusaka,2024-12-27 08_30_07,0.0021872912817764,34.363866633357766,1.483049375149318,0.9860007151989028,8.8.0,30.0
137-0030,Lusaka,2024-12-30 09_21_44,0.0022665056396524,34.20137666497428,1.4790389698776325,0.985576646744907,8.8.0,28.0
137-0030,Lusaka,2024-12-30 09_21_44,0.0022664832181149,34.20141962801826,1.4790324179310832,0.9855769471835968,8.8.0,28.0
137-0030,Lusaka,2024-12-31 08_30_51,0.0021706998274507,33.783289343488,1.4761021097052855,0.9857847823263995,8.8.0,30.0
137-0030,Lusaka,2024-12-31 08_30_51,0.0021708808829194,33.782927118776385,1.476101457560198,0.9857835708021984,8.8.0,30.0
137-0030,Lusaka,2025-01-02 08_59_50,0.0022066439477018,34.53742959127728,1.4846004588576451,0.9858340744001508,8.8.0,30.0
137-0030,Lusaka,2025-01-02 08_59_50,0.0022067146978524,34.5372903485712,1.484597474339956,0.9858337139155516,8.8.0,30.0
137-0030,Lusaka,2025-01-03 08_38_07,0.0021545434224007,34.222244850994294,1.4817585652649523,0.9859274456635616,8.8.0,30.0
137-0030,Lusaka,2025-01-03 08_38_07,0.0021546378601199,34.22205449566864,1.4817615465699172,0.9859268785446278,8.8.0,30.0
137-0030,Lusaka,2025-01-06 09_17_08,0.0023154806920758,33.961758173329606,1.4770158507132083,0.984858889898202,8.8.0,28.0
137-0030,Lusaka,2025-01-06 09_17_08,0.0023154913133853,33.96173825191324,1.4770230950714327,0.9848584014134076,8.8.0,28.0
137-0030,Lusaka,2025-01-07 08_48_47,0.0021716313932278,34.505837411707375,1.483877051729269,0.9861844146935852,8.8.0,28.0
137-0030,Lusaka,2025-01-07 08_48_47,0.0021718541766438,34.505391900346815,1.483887035864344,0.9861840058095503,8.8.0,28.0
137-0030,Lusaka,2025-01-09 09_15_51,0.0022073343632599,34.184623011057724,1.4804807742323878,0.985617274968887,8.8.0,28.0
137-0030,Lusaka,2025-01-09 09_15_51,0.0022073798513017,34.18453351395959,1.4804868380099314,0.9856166533168992,8.8.0,28.0
137-0030,Lusaka,2025-01-08 09_16_04,0.0022108180597637,34.45457775804054,1.483439426315274,0.9859617338921552,8.8.0,28.0
137-0030,Lusaka,2025-01-10 08_59_04,0.0022017041342431,34.359203923434045,1.4827349699563164,0.985916884106188,8.8.0,28.0
137-0030,Lusaka,2025-01-10 08_59_04,0.0022019766791554,34.35866635154069,1.482704345466527,0.985916431407778,8.8.0,28.0
137-0030,Lusaka,2025-01-13 08_12_28,0.002161502157428,34.61418756728844,1.4859700855082467,0.986084266677786,8.8.0,28.0
137-0030,Lusaka,2025-01-13 08_12_28,0.0021614478534419,34.6142966776018,1.4859802376953606,0.9860848471985147,8.8.0,28.0
137-0030,Lusaka,2025-01-14 08_26_02,0.0020701090151595,34.62131846351526,1.4876018470007242,0.9866091661330296,8.8.0,28.0
137-0030,Lusaka,2025-01-14 08_26_02,0.002070136967682,34.62125982146203,1.4876034895860943,0.986609373503414,8.8.0,28.0
137-0030,Lusaka,2025-01-15 08_54_48,0.0021514597550301,34.67870449137078,1.487063012612925,0.9860387976408028,8.8.0,28.0
137-0030,Lusaka,2025-01-15 08_54_48,0.002151388229254,34.678848875973586,1.4870611649438683,0.9860391220441403,8.8.0,28.0
137-0030,Lusaka,2025-01-16 09_11_38,0.0021250707270454,34.53963709801546,1.4858279915787669,0.985955258079394,8.8.0,30.0
137-0030,Lusaka,2025-01-16 09_11_38,0.0021249300408121,34.53992462386858,1.4858378646346917,0.985956940429748,8.8.0,30.0
137-0030,Lusaka,2025-01-17 08_54_38,0.0021496992019506,34.62497000040776,1.4865356031295869,0.9859951948473504,8.8.0,30.0
137-0030,Lusaka,2025-01-17 08_54_38,0.0021498676449164,34.62462971566194,1.4865401010359092,0.9859948075087134,8.8.0,30.0
137-0030,Lusaka,2025-01-20 08_19_55,0.0021606671739755,34.41905485465658,1.4840456590511206,0.9858689410905755,8.8.0,28.0
137-0030,Lusaka,2025-01-20 08_19_55,0.0021611927476822,34.41799857904426,1.484030802691807,0.9858660921191824,8.8.0,28.0
137-0030,Lusaka,2025-01-21 09_37_35,0.0021867948410627,33.93433387754626,1.4774449367007654,0.9850549330189516,8.8.0,28.0
137-0030,Lusaka,2025-01-21 09_37_35,0.0021870356815165,33.93385559801681,1.4774481856651271,0.9850539402274532,8.8.0,28.0
137-0030,Lusaka,2025-01-22 09_10_36,0.0023217920547718,33.54457418577431,1.4717595569320634,0.9832844343103196,8.8.0,30.0
137-0030,Lusaka,2025-01-22 09_10_36,0.0023218979073491,33.544376191547414,1.4717697693700162,0.9832817426153146,8.8.0,30.0
137-0030,Lusaka,2025-01-23 08_25_36,0.0020795770793686,34.387646465275594,1.4841769109274443,0.9865200760524364,8.8.0,28.0
137-0030,Lusaka,2025-01-23 08_25_36,0.0020795995754103,34.387599485271515,1.484184670221645,0.986520447864252,8.8.0,28.0
137-0030,Lusaka,2025-01-24 08_30_57,0.0021012278736363,34.3236492153443,1.483225898807124,0.9862411538465634,8.8.0,
137-0030,Lusaka,2025-01-24 08_30_57,0.0021012209508571,34.32366352378648,1.4832173609081063,0.9862413609336166,8.8.0,
137-0030,Lusaka,2025-01-28 08_35_31,0.0022322301937037,34.53073277593048,1.485321542839368,0.9856877533050676,8.8.0,28.0
137-0030,Lusaka,2025-01-28 08_35_31,0.0022321068650613,34.53097272622186,1.485321929541362,0.9856886778153002,8.8.0,28.0
137-0030,Lusaka,2025-01-30 08_56_58,0.0022140094250933,34.35518412477958,1.4817367051491594,0.9856677943300348,8.8.0,28.0
137-0030,Lusaka,2025-01-30 08_56_58,0.0022136484765804,34.35589220996252,1.481732197971201,0.9856710732534846,8.8.0,28.0
137-0030,Lusaka,2025-02-03 10_23_54,0.0023500958381831,33.88727701364874,1.47442550050265,0.9846578000658298,8.8.0,28.0
137-0030,Lusaka,2025-02-03 10_23_54,0.0023498502776729,33.887730829807566,1.4743984173464575,0.9846594578852752,8.8.0,28.0
137-0030,Lusaka,2025-02-04 08_27_54,0.0022074380960737,34.0356519919265,1.478744900808759,0.985385900517584,8.8.0,28.0
137-0030,Lusaka,2025-02-04 08_27_54,0.0022074996908073,34.035530811270185,1.4787616806084174,0.9853859107195932,8.8.0,28.0
137-0030,Lusaka,2025-02-05 10_19_29,0.0022276948530474,34.03168493120327,1.4783242564737442,0.9853560495514748,8.8.0,28.0
137-0030,Lusaka,2025-02-05 10_19_29,0.002227601966785,34.031866018986406,1.4783201965593933,0.9853559177339136,8.8.0,28.0
137-0030,Lusaka,2025-02-06 08_41_11,0.0023658774269239,33.516296486732415,1.4686933942188625,0.9826268035791648,8.8.0,30.0
137-0030,Lusaka,2025-02-06 08_41_11,0.0023662240229271,33.51566030116659,1.4687084795734588,0.9826241771527214,8.8.0,30.0
137-0030,Lusaka,2025-02-07 08_36_59,0.0024020333432044,34.02175689908999,1.475426922780916,0.983694621479988,8.8.0,28.0
137-0030,Lusaka,2025-02-07 08_36_59,0.0024021147164195,34.021609776487445,1.4754426324794885,0.9836918553235532,8.8.0,28.0
137-0030,Lusaka,2025-02-10 07_35_29,0.0023685140904903,33.955449627533184,1.4751176925501512,0.9839546955353524,8.8.0,
137-0030,Lusaka,2025-02-10 07_35_29,0.002368887883072,33.95476428963352,1.475111291879721,0.9839521977725932,8.8.0,
137-0030,Lusaka,2025-02-11 08_30_35,0.0022711184100366,34.87633922956738,1.488527676536502,0.9858936342065312,8.8.0,
137-0030,Lusaka,2025-02-11 08_30_35,0.0022712353085145,34.876115696275946,1.488541141358335,0.985893274538039,8.8.0,
137-0030,Lusaka,2025-02-12 08_36_36,0.0023230257365675,34.218689571603385,1.4785101461681454,0.9849033963874836,8.8.1,28.0
137-0030,Lusaka,2025-02-12 08_36_36,0.0023230862424914,34.2185764559962,1.478509769457976,0.9849031507025452,8.8.1,28.0
137-0030,Lusaka,2025-02-13 08_40_23,0.0023315820373571,34.27469896328319,1.4795674603387587,0.9849629374222262,8.8.1,26.0
137-0030,Lusaka,2025-02-13 08_40_23,0.0023316291539388,34.27461120199335,1.479546973472205,0.9849637618147126,8.8.1,26.0
137-0030,Lusaka,2025-02-14 09_04_29,0.0022033626216693,34.45714439506312,1.483652532962646,0.985932610559446,8.8.1,28.0
137-0030,Lusaka,2025-02-14 09_04_29,0.0022034584568161,34.456955503003755,1.483650186957408,0.9859323122064676,8.8.1,28.0
137-0030,Lusaka,2025-02-17 08_47_14,0.0022838884542628,34.71373005937294,1.485695058414482,0.9858790282712871,8.8.1,26.0
137-0030,Lusaka,2025-02-17 08_47_14,0.0022840429394375,34.71343630689224,1.4857101618780213,0.985876431618655,8.8.1,26.0
137-0030,Lusaka,2025-02-18 12_03_32,0.0022406532907039,34.529640656060266,1.483992356432753,0.98600508020116,8.8.1,26.0
137-0030,Lusaka,2025-02-18 12_03_32,0.002240684637833,34.52957989793223,1.483988595648679,0.9860051546107204,8.8.1,26.0
137-0030,Lusaka,2025-02-19 09_11_47,0.0025186697281659,34.0512162391143,1.4749405053330402,0.9831674599244192,8.8.1,26.0
137-0030,Lusaka,2025-02-19 09_11_47,0.0025187627769501,34.0510557979631,1.4749891961408097,0.983163882032121,8.8.1,26.0
137-0030,Lusaka,2025-02-20 10_01_46,0.0021679547032889,34.76698251954274,1.488771630881779,0.9861950633363048,8.8.1,26.0
137-0030,Lusaka,2025-02-20 10_01_46,0.0021678999110349,34.767092283248864,1.488768494339097,0.986195269543308,8.8.1,26.0
137-0030,Lusaka,2025-02-21 10_11_39,0.0022767632036618,34.75075518609448,1.4869503285861363,0.9858633593506998,8.8.1,26.0
137-0030,Lusaka,2025-02-21 10_11_39,0.002276686238389,34.75090200047644,1.4869548887492028,0.9858633534932169,8.8.1,26.0
137-0030,Lusaka,2025-02-24 10_37_02,0.002171132988566,35.14211805790382,1.492724553191336,0.9865011131951612,8.8.1,26.0
137-0030,Lusaka,2025-02-24 10_37_02,0.0021711862778691,35.142011463943824,1.492722893714117,0.986500873977752,8.8.1,26.0
137-0030,Lusaka,2025-02-25 09_16_33,0.0021461112932086,34.79755562456999,1.488615105473668,0.986592533743192,8.8.1,26.0
137-0030,Lusaka,2025-02-25 09_16_33,0.0021460947256156,34.797589151451824,1.488635077660804,0.9865929628020406,8.8.1,26.0
137-0030,Lusaka,2025-02-26 11_44_08,0.0022012388566178,34.646992790573734,1.4863061599969285,0.9862792512203538,8.8.1,26.0
137-0030,Lusaka,2025-02-26 11_44_08,0.0022013264769742,34.6468199230094,1.4863099047799064,0.9862778978121092,8.8.1,26.0
137-0030,Lusaka,2025-02-27 08_52_54,0.0022008063779107,35.180028150451164,1.493343867985358,0.9864906836205448,8.8.1,
137-0030,Lusaka,2025-02-27 08_52_54,0.002200642263397,35.18035201667591,1.493363686730587,0.98649091605954,8.8.1,
137-0030,Lusaka,2025-03-03 08_15_32,0.0024110867176111,33.74539263102396,1.4711772055715433,0.9847870782522926,8.8.1,28.0
137-0030,Lusaka,2025-03-03 08_15_32,0.0024111513287929,33.745276252365535,1.4711819115877391,0.9847864435727522,8.8.1,28.0
137-0030,Lusaka,2025-03-05 09_10_52,0.0021271314387821,34.54508484958086,1.485588009965701,0.9865471924257996,8.8.1,28.0
137-0030,Lusaka,2025-03-05 09_10_52,0.0021270239732699,34.54530426647779,1.4856026124528412,0.9865477111685256,8.8.1,28.0
137-0030,Lusaka,2025-03-06 11_22_08,0.0021331988800303,34.458953285554664,1.4851221369777727,0.9858901404734453,8.8.1,28.0
137-0030,Lusaka,2025-03-06 11_22_08,0.0021331670843027,34.459018018440474,1.485128127788092,0.9858902400768808,8.8.1,28.0
137-0030,Lusaka,2025-03-10 08_40_10,0.0023827987533046,34.50607606062378,1.4829658425137304,0.9844125430679036,8.8.1,26.0
137-0030,Lusaka,2025-03-10 08_40_10,0.002382791250804,34.506089734878714,1.4829645769610509,0.984412696303725,8.8.1,26.0
137-0030,Lusaka,2025-03-13 09_54_58,0.0025107884124816,33.820349820569206,1.4744694682405235,0.9830295301408688,8.8.1,26.0
137-0030,Lusaka,2025-03-13 09_54_58,0.002509931301339,33.82183263046281,1.4744801450510907,0.9830310422164988,8.8.1,26.0
137-0030,Lusaka,2025-03-14 09_04_03,0.0021651193522604,34.99165260403443,1.490021100080774,0.9865616470210816,8.8.1,26.0
137-0030,Lusaka,2025-03-14 09_04_03,0.002165010369891,34.99187121384388,1.490017581244396,0.9865622839034924,8.8.1,26.0
137-0030,Lusaka,2025-03-17 08_55_33,0.0022589186484136,34.947282693224565,1.4926406968148354,0.9865769159217948,8.8.1,
137-0030,Lusaka,2025-03-17 08_55_33,0.0021448581001706,35.15832508211004,1.492688297843764,0.986771794012962,8.8.1,
137-0030,Lusaka,2025-03-21 09_08_05,0.0022293617316088,34.754552372080674,1.4884725637581917,0.9861713467602036,8.8.1,
137-0030,Lusaka,2025-03-21 09_08_05,0.0021961532314548,34.8060976337966,1.4889779519928816,0.985979020320732,8.8.1,
137-0030,Lusaka,2025-03-24 10_40_56,0.0025343836480758,33.79260290146493,1.4805512087025656,0.985381229616924,8.8.1,28.0
137-0030,Lusaka,2025-03-24 10_40_56,0.0021440538815184,34.511173146872224,1.4848257917412424,0.9866472798956272,8.8.1,28.0
137-0030,Lusaka,2025-03-25 09_13_32,0.0025610954726763,33.813884425553525,1.4814646183856346,0.984671719424607,8.8.1,26.0
137-0030,Lusaka,2025-03-25 09_13_32,0.0022086252359337,34.44638259513412,1.4839320759139782,0.9859677762551023,8.8.1,26.0
137-0030,Lusaka,2025-03-27 07_39_54,0.0023241546869341,34.06104694400856,1.4825198299315498,0.9860428978578968,8.8.1,28.0
137-0030,Lusaka,2025-03-27 07_39_54,0.0021251083260116,34.438981635922225,1.4847522274431058,0.9864961548976892,8.8.1,28.0
137-0030,Lusaka,2025-03-31 09_16_40,0.0025643853281029,34.33490075054543,1.4857970925658848,0.9849347383915013,8.8.1,26.0
137-0030,Lusaka,2025-03-31 09_16_40,0.0022568459768265,34.87864068432976,1.4887962207342906,0.985813367600235,8.8.1,26.0
137-0030,Lusaka,2025-04-01 09_47_52,0.0022100656082933,34.59738013990088,1.4857856226757955,0.9858910672077316,8.8.1,26.0
137-0030,Lusaka,2025-04-01 09_47_52,0.0022444107090721,34.51972713605953,1.4837312082358611,0.9854615990440364,8.8.1,26.0
137-0030,Lusaka,2025-04-02 09_06_12,0.0021838678678553,35.12779679865015,1.4927512449318696,0.9866080737566124,8.8.1,26.0
137-0030,Lusaka,2025-04-02 09_06_12,0.0022291929378192,35.02741019845892,1.4907263958212158,0.9861145050410636,8.8.1,26.0
137-0030,Lusaka,2025-04-03 08_34_43,0.0028327694718624,33.39126853251069,1.4797994689440976,0.9832550457883154,8.8.1,26.0
137-0030,Lusaka,2025-04-03 08_34_43,0.0022675112758358,34.34206166833227,1.4816388383514827,0.985728696329391,8.8.1,26.0
137-0030,Lusaka,2025-04-07 08_56_51,0.0028918916009117,33.576995626504555,1.481940871163274,0.9826350120802946,8.8.1,26.0
137-0030,Lusaka,2025-04-07 08_56_51,0.0022808795190887,34.59960485188314,1.4846286901029702,0.9856492045821664,8.8.1,26.0
137-0030,Lusaka,2025-04-08 09_18_21,0.0025548089215013,34.06636439858662,1.4788368433666248,0.9846586325819682,8.8.1,26.0
137-0030,Lusaka,2025-04-08 09_18_21,0.0024746798147821,34.19396817263059,1.480349021450342,0.9845756268829456,8.8.1,26.0
137-0030,Lusaka,2025-04-09 08_54_12,0.0034797335488555,32.81378859009099,1.481248257172343,0.9808989891609085,8.8.1,26.0
137-0030,Lusaka,2025-04-09 08_54_12,0.0021692290919338,34.855321823494265,1.4892052962521138,0.9864310543768656,8.8.1,26.0
137-0030,Lusaka,2025-04-10 09_12_53,0.0024117672085032,34.27109191613507,1.484319039435929,0.9856576851003503,8.8.1,28.0
137-0030,Lusaka,2025-04-10 09_12_53,0.0021665511923503,34.72543723743583,1.4876810355757353,0.9861970421936084,8.8.1,28.0
137-0030,Lusaka,2025-04-14 08_03_31,0.0035124910350031,32.39233877426038,1.4682563067982486,0.9772898826497948,8.8.1,
137-0030,Lusaka,2025-04-14 08_03_31,0.0023956562238095,34.04640286830269,1.4763407354167717,0.9831668166053382,8.8.1,
137-0030,Lusaka,2025-04-15 08_52_35,0.0025630442722953,33.90636201965758,1.4830000348456618,0.9846402460489904,8.8.1,26.0
137-0030,Lusaka,2025-04-15 08_52_35,0.0021943009864667,34.57303087469049,1.485007751601774,0.9861485965170104,8.8.1,26.0
137-0030,Lusaka,2025-04-17 08_33_06,0.0024739934666641,33.91464433720591,1.4819372516467932,0.984549012655662,8.8.1,
137-0030,Lusaka,2025-04-17 08_33_06,0.0022015578224649,34.410916586553725,1.4834751685246497,0.985626295109976,8.8.1,
137-0030,Lusaka,2025-04-22 09_49_42,0.0025244141132512,34.38318984757983,1.4864444343839371,0.9849467801998943,8.8.1,26.0
137-0030,Lusaka,2025-04-22 09_49_42,0.0022167762729412,34.93930642801825,1.4896497123163357,0.9859490454250878,8.8.1,26.0
137-0030,Lusaka,2025-04-23 08_52_41,0.0023390197851025,34.5266038606955,1.487758081304344,0.985938711291326,8.8.1,26.0
137-0030,Lusaka,2025-04-23 08_52_41,0.0021633235221325,34.85525565965429,1.4892137955498126,0.9864294367069008,8.8.1,26.0
137-0030,Lusaka,2025-04-24 08_58_18,0.0025764490199429,34.14136615396641,1.483916043086814,0.9844943998671196,8.8.1,26.0
137-0030,Lusaka,2025-04-24 08_58_18,0.0022132325197923,34.79323217227547,1.487754624325954,0.985938600945165,8.8.1,26.0
137-0030,Lusaka,2025-04-25 11_37_45,0.0036033303415727,32.37536804510039,1.4757274509358047,0.9807450160939952,8.8.1,28.0
137-0030,Lusaka,2025-04-25 11_37_45,0.0021762103113513,34.552740434155766,1.4844842682560726,0.9863595704486222,8.8.1,28.0
137-0030,Lusaka,2025-04-29 10_18_09,0.0030593018751455,33.24674450388099,1.478293467815306,0.9820761557539048,8.8.1,26.0
137-0030,Lusaka,2025-04-29 10_18_09,0.0022978100926635,34.48186719100355,1.482684363803276,0.9853014653956438,8.8.1,26.0
137-0030,Lusaka,2025-04-30 08_24_59,0.0024378971264764,34.42170178044641,1.4877161812106832,0.9857042097899652,8.8.1,26.0
137-0030,Lusaka,2025-04-30 08_24_59,0.0021356966906945,34.982823659325575,1.4910140636093212,0.9867336825849388,8.8.1,26.0
137-0030,Lusaka,2025-05-02 08_18_38,0.0027608841130328,33.70201599542459,1.4807932596509776,0.9841663261183542,8.8.1,26.0
137-0030,Lusaka,2025-05-02 08_18_38,0.0021670752547238,34.74024420382267,1.4873674833586426,0.9866903172082222,8.8.1,26.0
137-0030,Lusaka,2025-05-05 08_13_52,0.0022750350992019,34.552180913238885,1.4874098443556365,0.9861880191920522,8.8.1,26.0
137-0030,Lusaka,2025-05-05 08_13_52,0.0022056408465758,34.67595161639559,1.4866781475287143,0.9862224970807332,8.8.1,26.0
137-0030,Lusaka,2025-05-06 09_12_54,0.0058871177112033,30.72355336492382,1.4704952607490345,0.972834987915886,8.8.1,26.0
137-0030,Lusaka,2025-05-06 09_12_54,0.0021177477971576,35.14991281344264,1.494043935425632,0.9869518416645732,8.8.1,26.0
137-0030,Lusaka,2025-05-07 09_14_33,0.0033664257033173,32.732585208690864,1.4730368346819036,0.978815427859548,8.8.1,26.0
137-0030,Lusaka,2025-05-07 09_14_33,0.002357953153838,34.26558746683761,1.4800551119803924,0.9834326802747128,8.8.1,26.0
137-0030,Lusaka,2025-05-09 08_33_45,0.0026216546286814,34.07301107987092,1.4874496150839434,0.9844291403600398,8.8.1,26.0
137-0030,Lusaka,2025-05-09 08_33_45,0.0022071564905903,34.80944257200993,1.488448981411104,0.9863531602133322,8.8.1,26.0
137-0030,Lusaka,2025-05-12 08_39_21,0.0023351570306508,34.85103030565411,1.4901632575566237,0.9859679148862536,8.8.1,26.0
137-0030,Lusaka,2025-05-12 08_39_21,0.0021999537310355,35.10452774003205,1.4915554749626734,0.9861692134197082,8.8.1,26.0
137-0030,Lusaka,2025-05-13 09_29_16,0.0023292194744644,34.41758525666647,1.4887273464842978,0.9859871140914508,8.8.1,26.0
137-0030,Lusaka,2025-05-13 09_29_16,0.0021589130059585,34.739306133749324,1.4884222115955503,0.9865968782859256,8.8.1,26.0
137-0030,Lusaka,2025-05-14 08_32_08,0.0035457195150831,33.02675814885682,1.4852074677159768,0.9818271535616608,8.8.1,26.0
137-0030,Lusaka,2025-05-14 08_32_08,0.0020838604833196,35.32374483035608,1.4964451973602402,0.9870802238972188,8.8.1,26.0
137-0030,Lusaka,2025-05-15 08_25_28,0.0029737711342224,33.279544546694204,1.4807994531224276,0.9833125979930856,8.8.1,28.0
137-0030,Lusaka,2025-05-15 08_25_28,0.0022107653017957,34.55645214654235,1.4843940123502837,0.9863194993038048,8.8.1,28.0
137-0030,Lusaka,2025-05-16 08_48_02,0.0022730267044067,34.607569872996955,1.486595855835248,0.9863717751204504,8.8.1,26.0
137-0030,Lusaka,2025-05-16 08_48_02,0.0021574820887074,34.82332862584873,1.4881788655493138,0.9864928511415576,8.8.1,26.0
137-0030,Lusaka,2025-05-19 08_40_11,0.0021081688771957,34.983413802260664,1.4916251952661594,0.9871140479349008,8.8.1,
137-0030,Lusaka,2025-05-19 08_40_11,0.0021078004107237,34.984172929972466,1.491632634301268,0.9871158656838503,8.8.1,
137-0030,Lusaka,2025-05-20 08_15_20,0.0022612566086381,34.64040792299959,1.4856582649629164,0.9852054135101234,8.8.1,26.0
137-0030,Lusaka,2025-05-20 08_15_20,0.0022609916181779,34.640916890614605,1.485644078698172,0.9852068391278992,8.8.1,26.0
137-0030,Lusaka,2025-05-21 07_32_34,0.0021288157371104,34.87696876755471,1.4915213322178325,0.9870213458446776,8.8.1,26.0
137-0030,Lusaka,2025-05-21 07_32_34,0.0021288183455181,34.876963446209416,1.4915324338874376,0.9870208414259906,8.8.1,26.0
137-0030,Lusaka,2025-05-27 08_59_35,0.0021680529419037,34.96640033831077,1.4902789696919905,0.9864606760012792,8.8.1,26.0
137-0030,Lusaka,2025-05-28 11_36_59,0.0022061707008242,34.675237050402224,1.4859801291038237,0.986260248982616,8.8.1,26.0
137-0030,Lusaka,2025-05-30 09_32_29,0.0021662914181813,35.03052438796628,1.4913928869338315,0.986773166972026,8.8.1,26.0
137-0030,Lusaka,2025-06-02 09_18_21,0.0021725497984966,35.276412630925186,1.4941303235715389,0.986859100673067,8.8.1,26.0
137-0030,Lusaka,2025-06-03 08_47_32,0.002267301451343,34.85762297349821,1.4884956739167376,0.98540026186934,8.8.1,26.0
137-0030,Lusaka,2025-06-04 11_32_15,0.0020804250774652,35.0588642139988,1.4935615800234197,0.9871538780803024,8.8.1,26.0
137-0030,Lusaka,2025-06-05 08_53_47,0.002160065339254,35.27621480683558,1.4948404667900106,0.986636925592206,8.8.1,26.0
137-0030,Lusaka,2025-06-06 09_18_16,0.0022406155884812,34.7388061639328,1.487382408703254,0.9859719222634152,8.8.1,26.0
137-0030,Lusaka,2025-06-09 09_00_07,0.0022337778343282,35.38811661288294,1.4949794065532935,0.9861410086653308,8.8.1,24.0
137-0030,Lusaka,2025-06-10 13_07_27,0.002280840969377,34.832968654751,1.4870760323849594,0.985784818429261,8.8.1,26.0
137-0030,Lusaka,2025-06-11 09_18_34,0.0021478176020757,35.140972503432444,1.4933619539613772,0.986765711013912,8.8.1,26.0
137-0030,Lusaka,2025-06-13 08_38_50,0.002133293045336,35.2579813565941,1.495318385735357,0.9868873632946654,8.8.1,26.0
137-0030,Lusaka,2025-06-12 08_37_37,0.0022001810481298,34.847366105873114,1.4886426215603703,0.986543933825347,8.8.1,26.0
137-0030,Lusaka,2025-06-16 09_56_34,0.0022495520653337,35.1545178101976,1.4918485543530675,0.986252722532495,8.8.1,24.0
137-0030,Lusaka,2025-06-17 08_57_13,0.0021938928097044,35.086328019085684,1.492553761827004,0.9866023297708184,8.8.1,26.0
137-0030,Lusaka,2025-06-19 08_55_59,0.0025083034882251,34.63793200672652,1.4850621976351557,0.9847590168364742,8.8.1,26.0
137-0030,Lusaka,2025-06-26 08_31_04,0.0021926156725103,34.68332985082967,1.4869174513958008,0.9862240577357024,8.8.1,26.0
137-0030,Lusaka,2025-06-25 09_04_04,0.0021885209096263,35.249740338837434,1.494056448636245,0.986624462887288,8.8.1,26.0
137-0030,Lusaka,2025-07-02 08_27_19,0.0023989083617529,35.07577547005375,1.4895185133013076,0.9848947492483892,8.8.1,26.0
137-0030,Lusaka,2025-06-30 08_06_45,0.0022003499325495,35.03323563496483,1.4914218148180065,0.986184442642235,8.8.1,26.0
137-0030,Lusaka,2025-07-01 08_06_09,0.0021991414318083,34.74296432702118,1.4878119477323504,0.9860039101957228,8.8.1,26.0
137-0030,Lusaka,2025-07-03 08_04_05,0.0021683817099567,34.79320307402368,1.4888686250279892,0.9859593380152156,8.8.1,26.0
137-0030,Lusaka,2025-07-04 08_42_39,0.0021078270400776,34.78966438975492,1.489051828755569,0.98637211508641,8.8.1,26.0
137-0030,Lusaka,2025-07-09 08_45_18,0.0024093571913593,34.781909431429995,1.48531257225073,0.9849234864143636,8.8.1,26.0
137-0030,Lusaka,2025-07-10 11_07_00,0.0021838365345051,34.786809177904985,1.4884989009601766,0.9860327985225478,8.8.1,26.0
137-0030,Lusaka,2025-07-11 09_00_58,0.0021444742409442,35.06698757839243,1.4928905230517902,0.9865749937731528,8.8.1,24.0
137-0030,Lusaka,2025-07-15 08_25_15,0.0021924635015015,35.2304455293134,1.493755577377007,0.9862121101592844,8.8.1,24.0
137-0030,Lusaka,2025-07-17 08_34_24,0.0022260448771863,34.802127720916495,1.4881864676990542,0.9861236418948156,8.8.1,24.0
137-0030,Lusaka,2025-07-18 08_17_31,0.0021297413814026,35.19450549935456,1.4942178802078308,0.9865023555365422,8.8.1,26.0
137-0030,Lusaka,2025-07-16 08_48_10,0.0022250565210058,35.44602731100295,1.496140140706592,0.9863184823300188,8.8.1,26.0
137-0030,Lusaka,2025-07-14 10_29_54,0.0022065468853537,35.21694489397955,1.4930758363795036,0.9862980053825474,8.8.1,24.0
137-0030,Lusaka,2025-07-22 08_16_15,0.0021458349081209,35.33297776839957,1.4957703444954649,0.9869349624910846,8.8.1,26.0
137-0030,Lusaka,2025-07-21 08_47_38,0.002187173413613,35.36519006753007,1.4950137955864673,0.9864924305030022,8.8.1,24.0
137-0030,Lusaka,2025-07-23 08_54_53,0.0021662817700424,35.211684359640735,1.4938181687412282,0.9865177362320312,8.8.1,26.0
137-0030,Lusaka,2025-07-24 08_10_41,0.0021942813628982,34.65563521790399,1.4857700098481488,0.9865269406969994,8.8.1,26.0
137-0030,Lusaka,2025-07-25 09_42_03,0.002086577371112,35.382512278412804,1.4967637764633397,0.9869818910237492,8.8.1,26.0
137-0030,Lusaka,2025-07-28 10_41_58,0.0022194359199957,35.582543588657444,1.497734701557219,0.9864266384740435,8.8.1,24.0
137-0030,Lusaka,2025-07-29 08_40_02,0.0021593873742895,34.959761053495164,1.490731561935606,0.9870052272866692,8.8.1,24.0
137-0030,Lusaka,2025-07-30 08_43_03,0.002178375485892,35.29893671192689,1.4947520727551764,0.9868188962359952,8.8.1,26.0
137-0030,Lusaka,2025-08-07 10_14_26,0.0022353744151206,35.396877951432096,1.494684633211555,0.9861417123692222,8.8.1,24.0
137-0030,Lusaka,2025-08-11 09_36_10,0.0021740122179132,35.05463840281786,1.492026741262886,0.9866791778630534,8.8.1,
137-0030,Lusaka,2025-08-14 08_20_46,0.0022090748210432,34.71743828294962,1.4875336553792915,0.9862118778360728,8.8.1,26.0
137-0030,Lusaka,2025-08-19 08_23_03,0.0021056943586429,34.33133419494826,1.483585952938925,0.9865415233878132,8.8.1,28.0
137-0030,Lusaka,2025-08-20 08_27_52,0.0021221656764818,34.76730713769131,1.4885724230698734,0.9867688244610214,8.8.1,26.0
137-0030,Lusaka,2025-08-22 08_42_45,0.0020614005944076,34.86829582154159,1.4916280352303009,0.9871993642491016,8.8.1,26.0
137-0030,Lusaka,2025-08-28 07_46_52,0.0021028042469116,34.79901454960066,1.490286811568183,0.9869864060096962,8.8.1,26.0
137-0030,Lusaka,2025-09-08 10_53_18,0.0023019328068272,34.33128138147531,1.480103708063668,0.9856501105309956,8.8.1,28.0
137-0030,Lusaka,2025-09-11 09_55_42,0.0021958613815001,34.318046585059264,1.481249858998838,0.9859725390645112,8.8.1,
137-0030,Lusaka,2025-09-12 08_23_16,0.0020316834519001,34.52723559712956,1.4859887902594249,0.98708710708776,8.8.1,28.0
137-0030,Lusaka,2025-09-15 09_03_10,0.002260225881845,34.43511633512934,1.4825172230283628,0.9855507298532218,8.8.1,28.0
137-0030,Lusaka,2025-09-15 09_03_10,0.002260225881845,34.43511633512934,1.4825172230283628,0.9855507298532218,8.8.1,28.0
137-0030,Lusaka,2025-09-15 09_03_10,0.002260225881845,34.43511633512934,1.4825172230283628,0.9855507298532218,8.8.1,28.0
137-0030,Lusaka,2025-09-16 08_36_12,0.002211331169585,34.44360196807355,1.4847300052014676,0.9862829693097684,8.8.1,28.0
137-0030,Lusaka,2025-09-16 08_36_12,0.002211331169585,34.44360196807355,1.4847300052014676,0.9862829693097684,8.8.1,28.0
137-0030,Lusaka,2025-09-16 08_36_12,0.002211331169585,34.44360196807355,1.4847300052014676,0.9862829693097684,8.8.1,28.0
137-0030,Lusaka,2025-09-19 09_57_03,0.0020770805852839,34.20014560011812,1.4821123282873905,0.9865979276331508,8.8.1,28.0
137-0030,Lusaka,2025-09-19 09_57_03,0.0020770805852839,34.20014560011812,1.4821123282873905,0.9865979276331508,8.8.1,28.0
137-0030,Lusaka,2025-09-19 09_57_03,0.0020770805852839,34.20014560011812,1.4821123282873905,0.9865979276331508,8.8.1,28.0
137-0030,Lusaka,2025-09-22 08_37_05,0.0021277182833695,34.597948984550406,1.4859111166839458,0.986520742800829,8.8.1,28.0
137-0030,Lusaka,2025-09-23 08_11_40,0.0020676146053379,34.38850991874527,1.4842259112781806,0.9866795633822154,8.8.1,28.0
137-0030,Lusaka,2025-09-24 07_52_10,0.002108773795477,34.600020249752184,1.4859924943674936,0.9866447717410812,8.8.1,28.0
137-0030,Lusaka,2025-09-25 07_59_37,0.0022393051805767,34.11970023321536,1.4785769551785664,0.9853112376435538,8.8.1,28.0
137-0030,Lusaka,2025-09-29 08_14_43,0.002112707356137,33.97580011846638,1.478171044040927,0.986766429261912,8.8.1,30.0
137-0030,Lusaka,2025-09-30 07_58_21,0.0020829378279004,34.77760400957493,1.4887244423109365,0.9866887475972363,8.8.1,28.0
137-0030,Lusaka,2025-10-01 08_23_11,0.0020690230516994,34.65009136199802,1.4878744328896616,0.9870470093837128,8.8.1,28.0
137-0030,Lusaka,2025-10-02 09_26_14,0.0021277958475887,34.333845167087134,1.4829915604587116,0.9862112333547536,8.8.1,28.0
137-0030,Lusaka,2025-10-07 08_20_09,0.0021834126635301,34.56131087661689,1.4849418161506938,0.9860656943132812,8.8.1,28.0
137-0030,Lusaka,2025-10-08 09_51_35,0.0021038017041799,34.139869467586934,1.481117908685928,0.9860932923378448,8.8.1,28.0
137-0030,Lusaka,2025-10-13 08_09_30,0.0022359284330821,34.39670808916566,1.4815217174283024,0.9850629756894708,8.8.1,28.0
137-0030,Lusaka,2025-10-14 08_06_30,0.0021100330630828,34.77810972310622,1.488720036574352,0.986467551288829,8.8.1,28.0
137-0030,Lusaka,2025-10-15 07_49_30,0.0021821305838804,34.60719480385842,1.4844498615029016,0.9860004312973638,8.8.1,28.0
137-0030,Lusaka,2025-10-16 13_49_48,0.0021478194006088,34.444804285352966,1.4839904972610427,0.9859134953677344,8.8.1,28.0
137-0030,Lusaka,2025-10-22 08_11_16,0.0021045172315041,34.35890234043954,1.4836659266153391,0.9864754539980246,8.8.1,28.0
137-0030,Lusaka,2025-10-22 08_11_16,0.0021045172315041,34.35890234043954,1.4836659266153391,0.9864754539980246,8.8.1,28.0
137-0030,Lusaka,2025-10-22 08_11_16,0.0021045172315041,34.35890234043954,1.4836659266153391,0.9864754539980246,8.8.1,28.0
137-0030,Lusaka,2025-10-27 12_30_07,0.0022977120342439,33.62605668956461,1.4729814303910556,0.9829578352922568,8.8.1,28.0
137-0030,Lusaka,2025-10-29 10_11_23,0.0021617154842747,34.71734665223848,1.4876210386293929,0.9860399249023784,8.8.1,28.0
137-0030,Lusaka,2025-10-30 08_28_17,0.0021017992331863,34.81583549471444,1.48927044473217,0.9865387280867156,8.8.1,28.0
137-0007,Cardiff,2023-11-07 09_59_15,0.0024133094715497,35.08388694614699,1.4928454114422718,0.9846419253155818,rc8.7.0_Beta1,0.0
137-0007,Cardiff,2023-11-07 09_59_15,0.0024133094715497,35.08388694614699,1.4928454114422718,0.9846419253155818,rc8.7.0_Beta1,0.0
137-0007,Cardiff,2023-11-07 10_15_00,0.0024133094715497,35.08388694614699,1.4928454114422718,0.9846419253155818,rc8.7.0_Beta1,0.0
137-0007,Cardiff,2023-11-07 10_15_00,0.0024133094715497,35.08388694614699,1.4928454114422718,0.9846419253155818,rc8.7.0_Beta1,0.0
137-0007,Cardiff,2023-11-07 10_15_00,0.0024133094715497,35.08388694614699,1.4928454114422718,0.9846419253155818,rc8.7.0_Beta1,0.0
137-0019,Kampala #2,2025-02-16 17_16_15,0.039619807037426,21.428032621313434,1.2788632733704757,0.7121052228767226,rc8.8.0_Beta1,29.0
137-0019,Kampala #2,2025-02-18 10_55_41,0.0021822262244156,35.04947899171067,1.4931792885236082,0.9853703981711256,rc8.8.0_Beta1,29.0
137-0019,Kampala #2,2025-02-18 12_42_42,0.0026058028425006,33.734564516601154,1.4705481686232498,0.9814922663465768,8.8.1,29.0
137-0019,Kampala #2,2025-02-19 09_22_10,0.0025909109606062,33.62532342457302,1.469323738603553,0.981872268255268,8.8.1,29.0
137-0019,Kampala #2,2025-02-19 09_43_14,0.0023233678801003,34.66906066913433,1.4857254498034247,0.9842905319437842,rc8.8.0_Beta1,29.0
137-0019,Kampala #2,2025-02-20 10_08_01,0.0027639754701826,34.46554327786532,1.4778719865421086,0.9826005239710532,rc8.8.0_Beta1,29.0
137-0019,Kampala #2,2025-02-21 09_30_11,0.0027030927535361,34.53892243816264,1.4807503228557637,0.9826173280622058,rc8.8.0_Beta1,29.0
137-0019,Kampala #2,2025-02-21 09_46_10,0.0028414309866382,34.26206032945053,1.475545737209678,0.981310822901615,8.8.1,29.0
137-0019,Kampala #2,2025-03-07 10_22_17,0.0023346004071433,34.525602772119946,1.4845842026064622,0.9843384991431868,rc8.8.0_Beta1,29.0
137-0019,Kampala #2,2025-03-21 09_38_47,0.0022204993890525,35.583418435380565,1.4989568612760946,0.9853153233853555,rc8.8.0_Beta1,29.0
137-0019,Kampala #2,2025-03-28 10_07_12,0.0024816343819601,34.31635876370493,1.4804623076802643,0.983149290876138,rc8.8.0_Beta1,29.0
137-0019,Kampala #2,2025-04-04 09_49_08,0.0024068516683307,34.81183953571238,1.48808319526127,0.9841698380868084,rc8.8.0_Beta1,29.0
137-0019,Kampala #2,2025-04-11 09_10_26,0.0022705580194307,34.76300119202052,1.488052203073906,0.9848637672569108,rc8.8.0_Beta1,29.0
137-0019,Kampala #2,2025-04-30 10_31_48,0.0024986839056809,34.85445519407339,1.486325029758739,0.9835961158508232,rc8.8.0_Beta1,29.0
137-0008,Vancouver,2023-11-01 13_56_02,0.0021094432068875,34.39904609072429,1.487343173636173,0.9868775855883553,rc8.7.0_Beta1,
137-0008,Vancouver,2023-11-01 13_56_02,0.0021094432068875,34.39904609072429,1.487343173636173,0.9868775855883553,rc8.7.0_Beta1,
137-0008,Vancouver,2023-11-01 14_59_08,0.0022496415545239,34.482756195393854,1.4866567189576148,0.9860412776915348,rc8.7.0_Beta1,
137-0008,Vancouver,2023-11-01 14_59_08,0.0022496415545239,34.482756195393854,1.4866567189576148,0.9860412776915348,rc8.7.0_Beta1,
137-0008,Vancouver,2023-11-01 14_53_03,0.0024343989679625,33.89057653039628,1.478766697989006,0.9849389200686764,rc8.7.0_Beta1,
137-0008,Vancouver,2023-11-01 14_53_03,0.0024343989679625,33.89057653039628,1.478766697989006,0.9849389200686764,rc8.7.0_Beta1,
137-0008,Vancouver,2023-11-01 14_29_16,0.0022128906194617,34.44393413590739,1.4875194932933875,0.9861864316852832,rc8.7.0_Beta1,
137-0008,Vancouver,2023-11-01 14_29_16,0.0022128906194617,34.44393413590739,1.4875194932933875,0.9861864316852832,rc8.7.0_Beta1,
137-0008,Vancouver,2023-11-01 14_15_03,0.0022562922370487,34.3406177280152,1.4863511587211184,0.985969552228847,rc8.7.0_Beta1,
137-0008,Vancouver,2023-11-01 14_15_03,0.0022562922370487,34.3406177280152,1.4863511587211184,0.985969552228847,rc8.7.0_Beta1,
137-0008,Vancouver,2023-11-01 14_07_43,0.0020507043886136,34.573822947598025,1.4909330183739002,0.987218904871386,rc8.7.0_Beta1,
137-0008,Vancouver,2023-11-01 14_07_43,0.0020507043886136,34.573822947598025,1.4909330183739002,0.987218904871386,rc8.7.0_Beta1,
137-0008,Vancouver,2024-03-14 08_03_47,0.0022769690513592,35.089169342955564,1.494019153704052,0.9859685358137514,rc8.7.0_Beta1,29.0
137-0008,Vancouver,2024-03-14 08_03_47,0.002276945617909,35.08921403864659,1.4940198134140532,0.9859686211841576,rc8.7.0_Beta1,29.0
137-0008,Vancouver,2024-03-14 08_03_47,0.002276945617909,35.08921403864659,1.4940198134140532,0.9859686211841576,rc8.7.0_Beta1,29.0
137-0008,Vancouver,2024-03-12 08_03_22,0.0022649101125622,35.07199536139761,1.494062066427833,0.986134894722624,rc8.7.0_Beta1,29.0
137-0008,Vancouver,2024-03-12 08_03_22,0.0022651891846032,35.071460276227604,1.4940488466529491,0.9861332500426762,rc8.7.0_Beta1,29.0
137-0008,Vancouver,2024-03-12 08_03_22,0.0022651891846032,35.071460276227604,1.4940488466529491,0.9861332500426762,rc8.7.0_Beta1,29.0
137-0008,Vancouver,2024-03-13 07_19_48,0.0022530136297765,35.27436277293116,1.4966143798084266,0.986209684643403,rc8.7.0_Beta1,29.0
137-0008,Vancouver,2024-03-13 07_19_48,0.0022531015002238,35.27419339576565,1.4966095021433037,0.9862093202242536,rc8.7.0_Beta1,29.0
137-0008,Vancouver,2024-03-13 07_19_48,0.0022531015002238,35.27419339576565,1.4966095021433037,0.9862093202242536,rc8.7.0_Beta1,29.0
137-0023,Soweto,2023-09-13 10_58_02,0.0027966406622721,33.25894591143276,1.4615036262398748,0.9795132398628268,rc8.6.0,
137-0023,Soweto,2023-09-13 10_58_02,0.0027969173046488,33.25851633062406,1.4615073661315308,0.9795107701941748,rc8.6.0,
137-0023,Soweto,2023-09-13 10_58_02,0.0027966954003084,33.25886090875505,1.4615136279213383,0.979511900611445,rc8.6.0,
137-0023,Soweto,2023-09-13 10_58_02,0.0027966954003084,33.25886090875505,1.4615136279213383,0.979511900611445,rc8.6.0,
137-0023,Soweto,2024-03-20 15_46_16,0.0024589589108857,32.998837343706256,1.4620845245789544,0.9815834260580286,rc8.6.0,29.0
137-0023,Soweto,2024-03-20 15_46_16,0.0024590036297103,32.99875836328048,1.4621061117991203,0.9815854085284496,rc8.6.0,29.0
137-0023,Soweto,2024-03-20 15_46_16,0.0024589287510185,32.99889061155133,1.4621277882908637,0.9815823542110912,rc8.6.0,29.0
137-0023,Soweto,2024-03-20 15_46_16,0.0024589287510185,32.99889061155133,1.4621277882908637,0.9815823542110912,rc8.6.0,29.0
137-0023,Soweto,2024-03-21 10_32_19,0.00234109173125,33.52902755737891,1.4702054805301894,0.9824071976633182,rc8.6.0,29.0
137-0023,Soweto,2024-03-21 10_32_19,0.002341555645385,33.528167038388965,1.4702043662347788,0.9824044406818933,rc8.6.0,29.0
137-0023,Soweto,2024-03-21 10_32_19,0.0023409905740337,33.52921521756092,1.470213340381937,0.9824076404714795,rc8.6.0,29.0
137-0023,Soweto,2024-03-21 10_32_19,0.0023409905740337,33.52921521756092,1.470213340381937,0.9824076404714795,rc8.6.0,29.0
137-0023,Soweto,2024-03-19 15_27_41,0.0025365785669756,33.35974212557777,1.4659792551726765,0.9811718806963768,rc8.6.0,29.0
137-0023,Soweto,2024-03-19 15_27_41,0.0025366800752021,33.359568334073145,1.4659629410262918,0.9811738773028592,rc8.6.0,29.0
137-0023,Soweto,2024-03-19 15_27_41,0.0025369059113972,33.35918170649387,1.4659560174067858,0.9811735229106244,rc8.6.0,29.0
137-0023,Soweto,2024-03-19 15_27_41,0.0025369059113972,33.35918170649387,1.4659560174067858,0.9811735229106244,rc8.6.0,29.0
137-0009,London (SThomas),2023-06-19 16_41_59,0.0024223191274116,33.87393627716831,1.4733675283039684,0.9826781125097546,rc8.6.0,
137-0009,London (SThomas),2023-06-19 16_41_59,0.0024222142550802,33.87412430549311,1.4733598711316889,0.9826783643596018,rc8.6.0,
137-0009,London (SThomas),2023-06-19 16_41_59,0.0024223221065707,33.87393093587551,1.4733557174324594,0.982677779888717,rc8.6.0,
137-0009,London (SThomas),2023-06-19 16_41_59,0.0024223221065707,33.87393093587551,1.4733557174324594,0.982677779888717,rc8.6.0,
137-0009,London (SThomas),2023-06-21 09_56_57,0.002332520369528,33.92987952781479,1.474569815016621,0.9835192157928596,rc8.6.0,
137-0009,London (SThomas),2023-06-21 09_56_57,0.002332407101559,33.930090427787846,1.4745756344888852,0.9835202238859208,rc8.6.0,
137-0009,London (SThomas),2023-06-21 09_56_57,0.0023324668211413,33.92997923127756,1.4745725062201918,0.9835201028411664,rc8.6.0,
137-0009,London (SThomas),2023-06-21 09_56_57,0.0023324668211413,33.92997923127756,1.4745725062201918,0.9835201028411664,rc8.6.0,
137-0009,London (SThomas),2023-06-22 09_33_34,0.0023714996696782,33.894681348426026,1.4739633165723256,0.9830039086123622,rc8.6.0,
137-0009,London (SThomas),2023-06-22 09_33_34,0.0023711186034688,33.895379253856326,1.473982304165796,0.9830035523673258,rc8.6.0,
137-0009,London (SThomas),2023-06-22 09_33_34,0.0023715987149077,33.89449996995495,1.4739625551277005,0.98300431531073,rc8.6.0,
137-0009,London (SThomas),2023-06-22 09_33_34,0.0023715987149077,33.89449996995495,1.4739625551277005,0.98300431531073,rc8.6.0,
137-0009,London (SThomas),2023-06-23 09_45_31,0.0023447041335971,34.258311408034025,1.4785232457954982,0.9833414509102258,rc8.6.0,
137-0009,London (SThomas),2023-06-23 09_45_31,0.002344667266541,34.25837969505011,1.478525046848602,0.9833417011257218,rc8.6.0,
137-0009,London (SThomas),2023-06-23 09_45_31,0.0023447132359536,34.258294548356616,1.478512675291972,0.9833416563289262,rc8.6.0,
137-0009,London (SThomas),2023-06-23 09_45_31,0.0023447132359536,34.258294548356616,1.478512675291972,0.9833416563289262,rc8.6.0,
137-0009,London (SThomas),2023-06-26 11_40_09,0.0023781730907359,33.71225329107729,1.4715137479777656,0.983038699314228,rc8.6.0,
137-0009,London (SThomas),2023-06-26 11_40_09,0.0023782753774015,33.71206650240619,1.4715097716032448,0.9830383946590144,rc8.6.0,
137-0009,London (SThomas),2023-06-26 11_40_09,0.0023784255727101,33.71179224091927,1.4715133570782872,0.9830359097051732,rc8.6.0,
137-0009,London (SThomas),2023-06-26 11_40_09,0.0023784255727101,33.71179224091927,1.4715133570782872,0.9830359097051732,rc8.6.0,
137-0009,London (SThomas),2023-06-28 12_26_18,0.0023638717167419,34.45097200213831,1.4803632998614251,0.9830619225348992,rc8.6.0,
137-0009,London (SThomas),2023-06-28 12_26_18,0.0023638127347424,34.45108036621032,1.4803679865707056,0.9830617185299084,rc8.6.0,
137-0009,London (SThomas),2023-06-28 12_26_18,0.0023638506294764,34.451010744189546,1.480368432792153,0.9830620224058676,rc8.6.0,
137-0009,London (SThomas),2023-06-28 12_26_18,0.0023638506294764,34.451010744189546,1.480368432792153,0.9830620224058676,rc8.6.0,
137-0009,London (SThomas),2023-06-29 17_54_09,0.0023937483904648,34.31431026231967,1.478994887937734,0.9826472067294968,rc8.6.0,
137-0009,London (SThomas),2023-06-29 17_54_09,0.0023937483904648,34.31431026231967,1.478994887937734,0.9826472067294968,rc8.6.0,
137-0009,London (SThomas),2023-06-29 17_54_09,0.0023938356151551,34.3141520146454,1.4789971473187686,0.982647892248771,rc8.6.0,
137-0009,London (SThomas),2023-06-29 17_54_09,0.0023938356151551,34.3141520146454,1.4789971473187686,0.982647892248771,rc8.6.0,
137-0009,London (SThomas),2023-06-30 09_39_57,0.002367410107362,34.3825499970004,1.4799933077239351,0.9829224184926634,rc8.6.0,
137-0009,London (SThomas),2023-06-30 09_39_57,0.002367410107362,34.3825499970004,1.4799933077239351,0.9829224184926634,rc8.6.0,
137-0009,London (SThomas),2023-06-30 09_39_57,0.0023671572108398,34.38301395307831,1.4799984766143826,0.9829234127905686,rc8.6.0,
137-0009,London (SThomas),2023-06-30 09_39_57,0.0023671572108398,34.38301395307831,1.4799984766143826,0.9829234127905686,rc8.6.0,
137-0009,London (SThomas),2023-07-03 09_41_59,0.002442420867869,33.66770780655126,1.4708586764799414,0.9826082370659524,rc8.6.0,
137-0009,London (SThomas),2023-07-03 09_41_59,0.002442420867869,33.66770780655126,1.4708586764799414,0.9826082370659524,rc8.6.0,
137-0009,London (SThomas),2023-07-03 09_41_59,0.0024419927402593,33.66846914035241,1.4708702662232556,0.9826085823981752,rc8.6.0,
137-0009,London (SThomas),2023-07-03 09_41_59,0.0024419927402593,33.66846914035241,1.4708702662232556,0.9826085823981752,rc8.6.0,
137-0009,London (SThomas),2023-07-04 16_22_44,0.0023710969718553,34.01608131809629,1.47529116474343,0.9830868504602148,rc8.6.0,
137-0009,London (SThomas),2023-07-04 16_22_44,0.0023710969718553,34.01608131809629,1.47529116474343,0.9830868504602148,rc8.6.0,
137-0009,London (SThomas),2023-07-04 16_22_44,0.0023712238889594,34.01584886061576,1.475291924184401,0.9830875776988216,rc8.6.0,
137-0009,London (SThomas),2023-07-04 16_22_44,0.0023712238889594,34.01584886061576,1.475291924184401,0.9830875776988216,rc8.6.0,
137-0009,London (SThomas),2023-07-05 15_43_38,0.0023441644814176,33.84151711119562,1.4743847039144444,0.9825799195136398,rc8.6.0,
137-0009,London (SThomas),2023-07-05 15_43_38,0.0023441644814176,33.84151711119562,1.4743847039144444,0.9825799195136398,rc8.6.0,
137-0009,London (SThomas),2023-07-05 15_43_38,0.0023440833661736,33.84166739293842,1.474387415258944,0.9825825536273672,rc8.6.0,
137-0009,London (SThomas),2023-07-05 15_43_38,0.0023440833661736,33.84166739293842,1.474387415258944,0.9825825536273672,rc8.6.0,
137-0009,London (SThomas),2023-07-07 08_47_43,0.0023406246445032,34.05333424681054,1.476237327135972,0.9832134222002512,rc8.6.0,
137-0009,London (SThomas),2023-07-07 08_47_43,0.0023406246445032,34.05333424681054,1.476237327135972,0.9832134222002512,rc8.6.0,
137-0009,London (SThomas),2023-07-07 08_47_43,0.0023402233700394,34.05407886097116,1.476265484654483,0.9832130847072807,rc8.6.0,
137-0009,London (SThomas),2023-07-07 08_47_43,0.0023402233700394,34.05407886097116,1.476265484654483,0.9832130847072807,rc8.6.0,
137-0009,London (SThomas),2023-07-10 09_25_45,0.0023281695078347,33.993582063013925,1.4750339708956757,0.9830826188916528,rc8.6.0,
137-0009,London (SThomas),2023-07-10 09_25_45,0.0023281695078347,33.993582063013925,1.4750339708956757,0.9830826188916528,rc8.6.0,
137-0009,London (SThomas),2023-07-10 09_25_45,0.0023279688621719,33.99395636161623,1.4750469014165162,0.9830835872798932,rc8.6.0,
137-0009,London (SThomas),2023-07-10 09_25_45,0.0023279688621719,33.99395636161623,1.4750469014165162,0.9830835872798932,rc8.6.0,
137-0009,London (SThomas),2023-07-19 09_56_52,0.0026113320332528,34.5232644770353,1.485251299696242,0.9826302030436564,rc8.7.0_Beta1,
137-0009,London (SThomas),2023-07-19 09_56_52,0.0026113320332528,34.5232644770353,1.485251299696242,0.9826302030436564,rc8.7.0_Beta1,
137-0009,London (SThomas),2023-07-19 09_56_52,0.0026108206379562,34.52411506938711,1.4852769862328712,0.9826333859758238,rc8.7.0_Beta1,
137-0009,London (SThomas),2023-07-19 09_56_52,0.0026108206379562,34.52411506938711,1.4852769862328712,0.9826333859758238,rc8.7.0_Beta1,
137-0009,London (SThomas),2023-07-21 09_40_01,0.0024900628642896,34.567808089135376,1.4864889208233882,0.9840056101698488,rc8.7.0_Beta1,22.0
137-0009,London (SThomas),2023-07-21 09_40_01,0.0024900628642896,34.567808089135376,1.4864889208233882,0.9840056101698488,rc8.7.0_Beta1,22.0
137-0009,London (SThomas),2023-07-21 09_40_01,0.0024901216998742,34.56770547458598,1.486491857464694,0.9840050796489612,rc8.7.0_Beta1,22.0
137-0009,London (SThomas),2023-07-21 09_40_01,0.0024901216998742,34.56770547458598,1.486491857464694,0.9840050796489612,rc8.7.0_Beta1,22.0
137-0009,London (SThomas),2023-07-24 12_50_55,0.0024612650927467,35.01700072052288,1.4924033036420858,0.9835827108153816,rc8.7.0_Beta1,22.0
137-0009,London (SThomas),2023-07-24 12_50_55,0.0024612650927467,35.01700072052288,1.4924033036420858,0.9835827108153816,rc8.7.0_Beta1,22.0
137-0009,London (SThomas),2023-07-24 12_50_55,0.0024610691092407,35.01734655057728,1.4924084268375912,0.9835855877521896,rc8.7.0_Beta1,22.0
137-0009,London (SThomas),2023-07-24 12_50_55,0.0024610691092407,35.01734655057728,1.4924084268375912,0.9835855877521896,rc8.7.0_Beta1,22.0
137-0009,London (SThomas),2023-07-25 09_43_14,0.0024401837268019,34.62418960834607,1.4877931837419862,0.9835563666318244,rc8.7.0_Beta1,22.0
137-0009,London (SThomas),2023-07-25 09_43_14,0.0024401837268019,34.62418960834607,1.4877931837419862,0.9835563666318244,rc8.7.0_Beta1,22.0
137-0009,London (SThomas),2023-07-25 09_43_14,0.0024406279500873,34.623399068842126,1.4877873184558066,0.9835532106167476,rc8.7.0_Beta1,22.0
137-0009,London (SThomas),2023-07-25 09_43_14,0.0024406279500873,34.623399068842126,1.4877873184558066,0.9835532106167476,rc8.7.0_Beta1,22.0
137-0009,London (SThomas),2023-07-26 09_34_00,0.0023581614474305,34.917568009354284,1.4920261368131462,0.9842056591095236,rc8.7.0_Beta1,22.0
137-0009,London (SThomas),2023-07-26 09_34_00,0.0023581614474305,34.917568009354284,1.4920261368131462,0.9842056591095236,rc8.7.0_Beta1,22.0
137-0009,London (SThomas),2023-07-26 09_34_00,0.0023582403963047,34.91742261436217,1.4920437351219078,0.9842054023168608,rc8.7.0_Beta1,22.0
137-0009,London (SThomas),2023-07-26 09_34_00,0.0023582403963047,34.91742261436217,1.4920437351219078,0.9842054023168608,rc8.7.0_Beta1,22.0
137-0009,London (SThomas),2023-07-27 15_15_03,0.0024504657976106,34.684022822514834,1.4884495796686696,0.9834648962581458,rc8.7.0_Beta1,22.0
137-0009,London (SThomas),2023-07-27 15_15_03,0.0024504657976106,34.684022822514834,1.4884495796686696,0.9834648962581458,rc8.7.0_Beta1,22.0
137-0009,London (SThomas),2023-07-27 15_15_03,0.0024505215018915,34.683924099297066,1.4884502913400783,0.9834640684433966,rc8.7.0_Beta1,22.0
137-0009,London (SThomas),2023-07-27 15_15_03,0.0024505215018915,34.683924099297066,1.4884502913400783,0.9834640684433966,rc8.7.0_Beta1,22.0
137-0009,London (SThomas),2023-07-31 13_18_16,0.0024561829845971,34.852833524902785,1.490786967965072,0.9836210411627374,rc8.7.0_Beta1,21.0
137-0009,London (SThomas),2023-07-31 13_18_16,0.0024561829845971,34.852833524902785,1.490786967965072,0.9836210411627374,rc8.7.0_Beta1,21.0
137-0009,London (SThomas),2023-07-31 13_18_16,0.0024562948841826,34.85263567211321,1.4907784031408648,0.9836189848711664,rc8.7.0_Beta1,21.0
137-0009,London (SThomas),2023-07-31 13_18_16,0.0024562948841826,34.85263567211321,1.4907784031408648,0.9836189848711664,rc8.7.0_Beta1,21.0
137-0009,London (SThomas),2023-08-07 15_01_55,0.0024900300216393,34.68669883955264,1.4885499102830737,0.9835672034607515,rc8.7.0_Beta1,22.0
137-0009,London (SThomas),2023-08-07 15_01_55,0.0024900300216393,34.68669883955264,1.4885499102830737,0.9835672034607515,rc8.7.0_Beta1,22.0
137-0009,London (SThomas),2023-08-07 15_01_55,0.0024899884665379,34.68677131780257,1.4885518837607854,0.9835671749172744,rc8.7.0_Beta1,22.0
137-0009,London (SThomas),2023-08-07 15_01_55,0.0024899884665379,34.68677131780257,1.4885518837607854,0.9835671749172744,rc8.7.0_Beta1,22.0
137-0009,London (SThomas),2023-08-09 09_33_10,0.0026622574753527,34.314306524390766,1.4817241632290097,0.982804116328284,rc8.7.0_Beta1,21.0
137-0009,London (SThomas),2023-08-09 09_33_10,0.0026622574753527,34.314306524390766,1.4817241632290097,0.982804116328284,rc8.7.0_Beta1,21.0
137-0009,London (SThomas),2023-08-09 09_33_10,0.0026621579067782,34.31446895380097,1.4817191700987125,0.9828008881157472,rc8.7.0_Beta1,21.0
137-0009,London (SThomas),2023-08-09 09_33_10,0.0026621579067782,34.31446895380097,1.4817191700987125,0.9828008881157472,rc8.7.0_Beta1,21.0
137-0009,London (SThomas),2023-09-05 09_35_27,0.0025712015480118,34.84791232886118,1.4892900842328962,0.9831316327828782,rc8.7.0_Beta1,21.0
137-0009,London (SThomas),2023-09-05 09_35_27,0.0025712015480118,34.84791232886118,1.4892900842328962,0.9831316327828782,rc8.7.0_Beta1,21.0
137-0009,London (SThomas),2023-09-05 09_35_27,0.0025712996577138,34.847746617661535,1.4892650730655803,0.9831317018967364,rc8.7.0_Beta1,21.0
137-0009,London (SThomas),2023-09-05 09_35_27,0.0025712996577138,34.847746617661535,1.4892650730655803,0.9831317018967364,rc8.7.0_Beta1,21.0
137-0009,London (SThomas),2023-09-07 09_28_41,0.002436399948128,34.804909966499544,1.489958728442026,0.9842089342671492,rc8.7.0_Beta1,22.0
137-0009,London (SThomas),2023-09-07 09_28_41,0.002436399948128,34.804909966499544,1.489958728442026,0.9842089342671492,rc8.7.0_Beta1,22.0
137-0009,London (SThomas),2023-09-07 09_28_41,0.0024363983049211,34.80491289555853,1.489940757875296,0.98420906267124,rc8.7.0_Beta1,22.0
137-0009,London (SThomas),2023-09-07 09_28_41,0.0024363983049211,34.80491289555853,1.489940757875296,0.98420906267124,rc8.7.0_Beta1,22.0
137-0009,London (SThomas),2023-09-11 16_14_44,0.0023711023991269,34.94773981489232,1.4925510571331502,0.9845337092087147,rc8.7.0_Beta1,22.0
137-0009,London (SThomas),2023-09-11 16_14_44,0.0023711023991269,34.94773981489232,1.4925510571331502,0.9845337092087147,rc8.7.0_Beta1,22.0
137-0009,London (SThomas),2023-09-11 16_14_44,0.0023710130008735,34.94790356108936,1.4925593956963272,0.9845344059225424,rc8.7.0_Beta1,22.0
137-0009,London (SThomas),2023-09-11 16_14_44,0.0023710130008735,34.94790356108936,1.4925593956963272,0.9845344059225424,rc8.7.0_Beta1,22.0
137-0009,London (SThomas),2023-09-12 09_20_18,0.0025632306179495,34.72394848529168,1.4879838252680118,0.9834585178658704,rc8.7.0_Beta1,22.0
137-0009,London (SThomas),2023-09-12 09_20_18,0.0025632306179495,34.72394848529168,1.4879838252680118,0.9834585178658704,rc8.7.0_Beta1,22.0
137-0009,London (SThomas),2023-09-12 09_20_18,0.0025632344922335,34.723941921001725,1.4879804036922506,0.9834584673259416,rc8.7.0_Beta1,22.0
137-0009,London (SThomas),2023-09-12 09_20_18,0.0025632344922335,34.723941921001725,1.4879804036922506,0.9834584673259416,rc8.7.0_Beta1,22.0
137-0009,London (SThomas),2023-09-18 15_48_53,0.0023142797047494,35.18131115524727,1.4955695074286957,0.9850628017888788,rc8.7.0_Beta1,21.0
137-0009,London (SThomas),2023-09-18 15_48_53,0.0023142797047494,35.18131115524727,1.4955695074286957,0.9850628017888788,rc8.7.0_Beta1,21.0
137-0009,London (SThomas),2023-09-18 15_48_53,0.0023140896656706,35.18166779455881,1.4955678114699085,0.9850636864395864,rc8.7.0_Beta1,21.0
137-0009,London (SThomas),2023-09-18 15_48_53,0.0023140896656706,35.18166779455881,1.4955678114699085,0.9850636864395864,rc8.7.0_Beta1,21.0
137-0009,London (SThomas),2023-10-03 16_20_58,0.0024630053977979,35.04745270061961,1.492383129829834,0.9840903708465418,rc8.7.0_Beta1,20.0
137-0009,London (SThomas),2023-10-03 16_20_58,0.0024630053977979,35.04745270061961,1.492383129829834,0.9840903708465418,rc8.7.0_Beta1,20.0
137-0009,London (SThomas),2023-10-03 16_20_58,0.002462830281674,35.047761488696466,1.4923670126523234,0.9840925024723974,rc8.7.0_Beta1,20.0
137-0009,London (SThomas),2023-10-03 16_20_58,0.002462830281674,35.047761488696466,1.4923670126523234,0.9840925024723974,rc8.7.0_Beta1,20.0
137-0009,London (SThomas),2023-10-04 14_23_03,0.0024729886167561,35.44588580395012,1.4974999626956988,0.9840516061624076,rc8.7.0_Beta1,20.0
137-0009,London (SThomas),2023-10-04 14_23_03,0.0024729886167561,35.44588580395012,1.4974999626956988,0.9840516061624076,rc8.7.0_Beta1,20.0
137-0009,London (SThomas),2023-10-04 14_23_03,0.0024730775807438,35.44572957244255,1.4975173403325237,0.9840507093731428,rc8.7.0_Beta1,20.0
137-0009,London (SThomas),2023-10-04 14_23_03,0.0024730775807438,35.44572957244255,1.4975173403325237,0.9840507093731428,rc8.7.0_Beta1,20.0
137-0009,London (SThomas),2023-10-16 14_37_46,0.0027185881620069,34.40426959356586,1.4829338351040362,0.9821644653088412,rc8.7.0_Beta1,20.0
137-0009,London (SThomas),2023-10-16 14_37_46,0.0027185881620069,34.40426959356586,1.4829338351040362,0.9821644653088412,rc8.7.0_Beta1,20.0
137-0009,London (SThomas),2023-10-16 14_37_46,0.0027187086484302,34.40407712075952,1.4829373508565984,0.9821633164052608,rc8.7.0_Beta1,20.0
137-0009,London (SThomas),2023-10-16 14_37_46,0.0027187086484302,34.40407712075952,1.4829373508565984,0.9821633164052608,rc8.7.0_Beta1,20.0
137-0009,London (SThomas),2023-10-19 08_31_53,0.0023702221630685,35.19856917398931,1.4963834598323,0.9836699641592904,rc8.7.0_Beta1,22.0
137-0009,London (SThomas),2023-10-19 08_31_53,0.0023702221630685,35.19856917398931,1.4963834598323,0.9836699641592904,rc8.7.0_Beta1,22.0
137-0009,London (SThomas),2023-10-19 08_31_53,0.0023702062638878,35.1985983060671,1.4963762491977848,0.9836705051112404,rc8.7.0_Beta1,22.0
137-0009,London (SThomas),2023-10-19 08_31_53,0.0023702062638878,35.1985983060671,1.4963762491977848,0.9836705051112404,rc8.7.0_Beta1,22.0
137-0009,London (SThomas),2023-10-31 10_22_32,0.0023503987958858,35.273443992262926,1.496944076783187,0.9844857068391412,rc8.7.0_Beta1,22.0
137-0009,London (SThomas),2023-10-31 10_22_32,0.0023503987958858,35.273443992262926,1.496944076783187,0.9844857068391412,rc8.7.0_Beta1,22.0
137-0009,London (SThomas),2023-10-31 10_22_32,0.0023504371976136,35.27337303612454,1.4969372806228138,0.9844866972755671,rc8.7.0_Beta1,22.0
137-0009,London (SThomas),2023-10-31 10_22_32,0.0023504371976136,35.27337303612454,1.4969372806228138,0.9844866972755671,rc8.7.0_Beta1,22.0
137-0009,London (SThomas),2023-11-16 14_58_30,0.002448937303593,34.796723431445784,1.489796907587303,0.9838837352462249,rc8.7.0_Beta1,22.0
137-0009,London (SThomas),2023-11-16 14_58_30,0.002448937303593,34.796723431445784,1.489796907587303,0.9838837352462249,rc8.7.0_Beta1,22.0
137-0009,London (SThomas),2023-11-16 14_58_30,0.0024489288145172,34.79673848599689,1.4897966710941108,0.9838863011821736,rc8.7.0_Beta1,22.0
137-0009,London (SThomas),2023-11-16 14_58_30,0.0024489288145172,34.79673848599689,1.4897966710941108,0.9838863011821736,rc8.7.0_Beta1,22.0
137-0009,London (SThomas),2023-11-17 09_37_57,0.0024977037486396,34.67706076839568,1.4878104206388971,0.9828080921201932,rc8.7.0_Beta1,22.0
137-0009,London (SThomas),2023-11-17 09_37_57,0.0024977037486396,34.67706076839568,1.4878104206388971,0.9828080921201932,rc8.7.0_Beta1,22.0
137-0009,London (SThomas),2023-11-17 09_37_57,0.002497814360761,34.67686844306372,1.4878003855564,0.982808963114558,rc8.7.0_Beta1,22.0
137-0009,London (SThomas),2023-11-17 09_37_57,0.002497814360761,34.67686844306372,1.4878003855564,0.982808963114558,rc8.7.0_Beta1,22.0
137-0009,London (SThomas),2024-03-11 11_52_51,0.0024644255248895,34.896365383152165,1.4907576036029038,0.9842070595917424,rc8.7.0_Beta1,21.0
137-0009,London (SThomas),2024-03-11 11_52_51,0.0024644255248895,34.896365383152165,1.4907576036029038,0.9842070595917424,rc8.7.0_Beta1,21.0
137-0009,London (SThomas),2024-03-11 11_52_51,0.0024643370328155,34.8965213315021,1.4907491345799226,0.984210414674567,rc8.7.0_Beta1,21.0
137-0009,London (SThomas),2024-03-11 11_52_51,0.0024643370328155,34.8965213315021,1.4907491345799226,0.984210414674567,rc8.7.0_Beta1,21.0
137-0009,London (SThomas),2024-03-12 09_34_59,0.0026259930996394,34.73004491086452,1.4872955005001065,0.9833539617094084,rc8.7.0_Beta1,21.0
137-0009,London (SThomas),2024-03-12 09_34_59,0.0026259930996394,34.73004491086452,1.4872955005001065,0.9833539617094084,rc8.7.0_Beta1,21.0
137-0009,London (SThomas),2024-03-12 09_34_59,0.002625761594401,34.73042779793177,1.4872828774661462,0.9833574281089216,rc8.7.0_Beta1,21.0
137-0009,London (SThomas),2024-03-12 09_34_59,0.002625761594401,34.73042779793177,1.4872828774661462,0.9833574281089216,rc8.7.0_Beta1,21.0
137-0009,London (SThomas),2024-03-13 08_38_21,0.0027142381962881,34.518931806823126,1.4846538972642924,0.9827828316188356,rc8.7.0_Beta1,21.0
137-0009,London (SThomas),2024-03-13 08_38_21,0.0027142381962881,34.518931806823126,1.4846538972642924,0.9827828316188356,rc8.7.0_Beta1,21.0
137-0009,London (SThomas),2024-03-13 08_38_21,0.0027147739892457,34.51807459038028,1.4846483996712845,0.982778744803914,rc8.7.0_Beta1,21.0
137-0009,London (SThomas),2024-03-13 08_38_21,0.0027147739892457,34.51807459038028,1.4846483996712845,0.982778744803914,rc8.7.0_Beta1,21.0
137-007,,2024-08-21 09_12_07,0.0030996510662958,33.32749862470601,1.4615778032306983,0.9740963063602428,rc8.8.0_Beta1,29.0
137-007,,2024-08-21 09_12_07,0.0030994740336429,33.327746673593644,1.4615880570266344,0.9740935176899728,rc8.8.0_Beta1,29.0
137-007,,2024-08-21 09_12_07,0.0030994740336429,33.327746673593644,1.4615880570266344,0.9740935176899728,rc8.8.0_Beta1,29.0
137-0044,Santiago,2025-05-03 10_26_14,0.0024183388484227,35.44544634422134,1.494295733384173,0.9847173125758268,8.8.1,19.0
137-0044,Santiago,2025-05-05 14_25_40,0.0024112524681536,35.132743223627216,1.4912384041887237,0.9844017461093976,8.8.1,19.0
137-0044,Santiago,2025-05-06 09_51_31,0.0023108315166515,35.50074251322037,1.4970128662833295,0.9851443859942102,8.8.1,20.0
137-0044,Santiago,2025-05-07 09_41_57,0.0023230565795371,35.32126913686474,1.4951133020245608,0.9851428358829608,8.8.1,20.0
137-0044,Santiago,2025-05-12 11_52_29,0.0023970631477969,35.38418965812836,1.4946824644966763,0.9845044484187468,8.8.1,18.0
137-0044,Santiago,2025-05-13 15_18_26,0.0024600901145199,35.379198297112104,1.4937430647851064,0.984309818576646,8.8.1,18.0
137-0044,Santiago,2025-05-14 10_21_51,0.0024178258847409,35.79141285901692,1.4997181913828868,0.9844846173964552,8.8.1,18.0
137-0044,Santiago,2025-05-15 09_48_13,0.0024550992024665,35.654171329609014,1.497869469331783,0.984310864625401,8.8.1,18.0
137-0044,Santiago,2025-05-16 12_34_19,0.0024549079610154,35.60965460451061,1.4975235269113727,0.9843646130644496,8.8.1,20.0
137-0044,Santiago,2025-05-20 12_45_47,0.0024842680911658,35.28142627532105,1.4923378391347757,0.9841965696373324,8.8.1,18.0
137-0044,Santiago,2025-05-22 11_36_14,0.0023493081844691,35.5945291972523,1.4974502723401537,0.9850362087520758,8.8.1,20.0
137-0044,Santiago,2025-05-23 12_15_53,0.0023302167886625,35.768717017740464,1.500093907311832,0.9850640220652904,8.8.1,20.0
137-0044,Santiago,2025-05-27 10_07_43,0.0024103243728747,36.039285659442925,1.5032912296432848,0.984302066776508,8.8.1,18.0
137-0044,Santiago,2025-05-27 10_39_41,0.0025550720606884,35.44091856824436,1.493842713562327,0.9820350173300686,8.8.1,18.0
137-0044,Santiago,2025-05-29 15_08_00,0.0024770987804974,35.761962995586885,1.49835092230073,0.9842092319302108,8.8.1,18.0
137-0044,Santiago,2025-05-30 11_01_10,0.0024266204303653,35.75953743279221,1.4992811904016266,0.9844761604597132,8.8.1,18.0
137-0044,Santiago,2025-06-03 15_31_04,0.0024861132780054,35.86571186703252,1.4990753037956634,0.983807616361598,8.8.1,18.0
137-0044,Santiago,2025-06-05 12_03_44,0.0024484700209665,35.6630378795,1.496729121101423,0.9839735699101656,8.8.1,18.0
137-0044,Santiago,2025-06-06 14_42_28,0.0026395606300827,35.12897073666307,1.4892833121690536,0.9814323831284868,8.8.1,18.0
137-0044,Santiago,2025-06-09 12_45_25,0.0024641598308896,35.99956686579431,1.5010995163078085,0.9838326953617276,8.8.1,16.0
137-0044,Santiago,2025-06-10 15_15_20,0.0025506366417962,35.17346825898701,1.4889052497473656,0.9834822136084312,8.8.1,18.0
137-0044,Santiago,2025-06-11 14_30_46,0.0036403389165698,33.847637679316136,1.4751306554155066,0.9781645198153492,8.8.1,18.0
137-0044,Santiago,2025-06-12 09_53_55,0.0024655127730029,35.82999406477254,1.4989585318043763,0.983976683711542,8.8.1,16.0
137-0044,Santiago,2025-06-13 09_20_43,0.0025164243040258,35.983960846914115,1.4999755783180533,0.983518576676275,8.8.1,16.0
137-0044,Santiago,2025-06-13 09_57_03,0.0025341384133108,36.26516892247394,1.5033999971911725,0.9834269776806148,8.8.1,16.0
137-0044,Santiago,2025-06-16 14_51_52,0.0025854671174774,35.56802039790459,1.495200458969171,0.9817987593223004,8.8.1,16.0
137-0044,Santiago,2025-06-17 12_21_20,0.0024243662290292,36.05790900532498,1.5019404035591883,0.984077134956314,8.8.1,18.0
137-0044,Santiago,2025-06-18 10_05_25,0.0025522345098556,35.74167237307825,1.4967552347330628,0.9830827990459416,8.8.1,16.0
137-0044,Santiago,2025-06-19 10_32_21,0.0023930793612172,36.06064600233549,1.502418920143328,0.9844954569984672,8.8.1,17.0
137-0044,Santiago,2025-06-23 10_42_05,0.0024220684137964,35.8062525147339,1.499319206566907,0.9843497799337604,8.8.1,16.0
137-0044,Santiago,2025-06-24 14_29_55,0.0026126187548155,35.34194747048565,1.4914892180341166,0.9815649660184111,8.8.1,18.0
137-0044,Santiago,2025-06-26 09_38_46,0.0024581186212713,35.83923329860152,1.4988377458276698,0.9843269214204964,8.8.1,16.0
137-0044,Santiago,2025-06-30 12_43_35,0.002537304100467,36.18568349412407,1.5023362702789973,0.9832506821128544,8.8.1,18.0
137-0044,Santiago,2025-07-01 10_35_36,0.002760572221371,35.28327465315799,1.4882804068653197,0.9803769420117956,8.8.1,16.0
137-0044,Santiago,2025-07-02 10_30_47,0.0024664622854027,35.675966871591946,1.4972224229948163,0.9840986631229915,8.8.1,16.0
137-0044,Santiago,2025-07-03 09_36_57,0.0024447172341626,35.48877039329555,1.4947697307786572,0.9844279470784976,8.8.1,16.0
137-0044,Santiago,2025-07-04 11_06_21,0.0023816786847876,35.803402980547105,1.500075424415658,0.9846776540201442,8.8.1,18.0
137-0044,Santiago,2025-07-07 10_21_40,0.0024479087807067,35.90030422351383,1.5011473412207688,0.9842847229594728,8.8.1,18.0
137-0044,Santiago,2025-07-08 08_57_52,0.0605893545342709,20.768642658719063,1.28008684110509,0.6716295642115083,8.8.1,16.0
137-0044,Santiago,2025-07-09 15_04_14,0.0023722220609172,35.20092733340124,1.4930618572599348,0.9848992676898146,8.8.1,20.0
137-0044,Santiago,2025-07-10 09_58_05,0.0024398453779285,35.666470012264064,1.4974627100330735,0.9843661205718794,8.8.1,18.0
137-0044,Santiago,2025-07-14 08_52_43,0.0025063455334044,35.98583088934013,1.5001889982993148,0.9835393369711102,8.8.1,16.0
137-0044,Santiago,2025-07-15 11_07_53,0.0025712518785403,36.04024869348587,1.500618469189999,0.9831406997045092,8.8.1,16.0
137-0044,Santiago,2025-07-17 13_37_31,0.0025076412446611,35.65886046143139,1.4965400729567893,0.984027214612818,8.8.1,18.0
137-0044,Santiago,2025-07-18 08_34_39,0.0033199029879525,34.70008606598941,1.4757956202245848,0.9747201636891244,8.8.1,16.0
137-0044,Santiago,2025-07-22 15_24_31,0.0024674545421098,35.9196696387249,1.5000322945012328,0.9842381629929255,8.8.1,18.0
137-0044,Santiago,2025-07-23 12_30_37,0.00241780686124,35.663895195987216,1.4982518595011858,0.9845393480875676,8.8.1,18.0
137-0044,Santiago,2025-07-24 15_51_49,0.002479685850972,36.15368007126644,1.5037006998594205,0.9840684441402344,8.8.1,18.0
137-0044,Santiago,2025-07-24 16_08_08,0.0026594537839697,35.12150154181255,1.4889184074587507,0.9813255413474052,8.8.1,18.0
137-0044,Santiago,2025-07-25 14_57_32,0.0024287978543181,36.11501663359529,1.5037871837446894,0.984424689868606,8.8.1,18.0
137-0044,Santiago,2025-07-28 09_00_50,0.0024743927127221,36.40017086488693,1.5056003828135591,0.9840649849891608,8.8.1,16.0
137-0044,Santiago,2025-07-29 15_15_33,0.0024293175743293,35.384450453344336,1.493704646051031,0.9845168844946728,8.8.1,20.0
137-0044,Santiago,2025-07-30 14_40_10,0.0023459613598876,35.062392026976475,1.4912349663547473,0.9849577492726752,8.8.1,20.0
137-0044,Santiago,2025-08-01 13_10_53,0.0024623701719394,35.880797724835105,1.499773694552281,0.9840488497989603,8.8.1,18.0
137-0044,Santiago,2025-08-05 08_19_42,0.0024543571332303,35.973798276795705,1.5013727740388634,0.984283462321926,8.8.1,16.0
137-0044,Santiago,2025-08-06 10_05_50,0.0024813797577601,36.016402143304774,1.501411156805949,0.9838448876755176,8.8.1,17.0
137-0044,Santiago,2025-08-07 14_38_21,0.0024753704616655,35.429814896643364,1.4943145695848925,0.984077982760674,8.8.1,18.0
137-0044,Santiago,2025-08-08 12_56_21,0.0026442080210613,35.45444431833926,1.493234755124965,0.9814354427181372,8.8.1,18.0
137-0044,Santiago,2025-08-12 12_16_30,0.00251563733446,35.91370132319697,1.4995752822536266,0.9836282402243218,8.8.1,16.0
137-0044,Santiago,2025-08-13 14_57_36,0.002443850726188,35.716200933356006,1.498319950991746,0.9841983605306136,8.8.1,18.0
137-0044,Santiago,2025-08-14 15_08_46,0.002587438138299,35.02159257554245,1.48809884724447,0.981625606251112,8.8.1,18.0
137-0044,Santiago,2025-08-18 08_46_20,0.0024412229913631,35.94901445440225,1.5008404957718315,0.9841915786003094,8.8.1,16.0
137-0044,Santiago,2025-08-19 08_45_15,0.0025388658440199,35.75496169047307,1.4976373087357544,0.98349067449331,8.8.1,16.0
137-0044,Santiago,2025-08-21 13_44_47,0.002485642419451,36.03785755423724,1.5018825789200647,0.983963007293186,8.8.1,18.0
137-0044,Santiago,2025-08-22 15_16_24,0.0025110999806018,35.67162970081966,1.4966345835241857,0.9841320859764048,8.8.1,18.0
137-0044,Santiago,2025-08-25 08_54_04,0.0026175439260903,36.04855834842959,1.4993954549520594,0.9826058062440776,8.8.1,16.0
137-0044,Santiago,2025-08-26 14_57_44,0.0024202448177326,35.70707148151618,1.497771961564195,0.9841829329021358,8.8.1,18.0
137-0044,Santiago,2025-08-27 12_24_18,0.0024704100415078,35.67966627629628,1.497454601161041,0.9839080838625044,8.8.1,18.0
137-0044,Santiago,2025-08-28 09_13_32,0.0024373110551294,35.306445327163225,1.493112397544211,0.9842433982673496,8.8.1,18.0
137-0044,Santiago,2025-08-29 14_33_13,0.0025244509279594,35.77940786993195,1.4980591250416184,0.9833923337900566,8.8.1,18.0
137-0044,Santiago,2025-09-01 08_43_58,0.0025069750450732,35.972450715023605,1.5005670914683882,0.9838481767877102,8.8.1,16.0
137-0044,Santiago,2025-09-03 15_02_06,0.0025391385948723,36.0473637893605,1.5018478144656946,0.9827278025963124,8.8.1,20.0
137-0044,Santiago,2025-09-03 15_23_56,0.0024880270116259,35.54585205278306,1.4962684199436496,0.98373461375964,8.8.1,20.0
137-0044,Santiago,2025-09-05 14_41_54,0.0024774845680347,36.0625569883111,1.5022174948930216,0.9836476611658216,8.8.1,16.0
137-0044,Santiago,2025-09-06 09_58_30,0.002409870345253,35.66285450841477,1.4975975198565612,0.9845435264787876,8.8.1,16.0
137-0044,Santiago,2025-09-10 12_21_18,0.0024609675951417,35.35919847829094,1.4933926875449326,0.9843047143584476,8.8.1,18.0
137-0044,Santiago,2025-09-25 08_59_43,0.0024001415781834,35.357403119978706,1.4943926980972793,0.9847081583414632,8.8.1,20.0
137-0044,Santiago,2025-09-27 11_12_49,0.0024636737410576,35.67142033600903,1.4971226742715664,0.984529492868558,8.8.1,18.0
137-0044,Santiago,2025-09-29 12_19_17,0.0023759264275207,35.55253480020059,1.4971861963668982,0.984416973237889,8.8.1,18.0
137-0044,Santiago,2025-09-30 08_47_11,0.0024384461725762,35.48890993788864,1.4959152261456763,0.984523229298302,8.8.1,20.0
137-0044,Santiago,2025-10-01 12_23_49,0.0024073275673255,35.372674740275365,1.49512255807141,0.98444770361083,8.8.1,20.0
137-0044,Santiago,2025-10-02 08_40_49,0.0024494805668481,35.31126393258936,1.492992087786196,0.9842819531309868,8.8.1,18.0
137-0044,Santiago,2025-10-03 15_07_49,0.0023009114334282,35.24725892902602,1.494272452914576,0.9852123021246086,8.8.1,22.0
137-0044,Santiago,2025-10-06 09_15_35,0.0023883688395909,35.89305103981024,1.5017554666710262,0.9845615527028584,8.8.1,20.0
137-0044,Santiago,2025-10-07 11_30_32,0.0024321311439691,35.354756606923125,1.493673681989309,0.9841724964633132,8.8.1,20.0
137-0044,Santiago,2025-10-18 11_22_50,0.0022934992789379,35.290179093944296,1.494519931945087,0.9856874937979182,8.8.1,22.0
137-0044,Santiago,2025-10-25 10_45_00,0.002401188840623,35.15654866900019,1.492128902333352,0.9847245414649864,8.8.1,20.0
137-0044,Santiago,2025-10-25 10_45_00,0.002401188840623,35.15654866900019,1.492128902333352,0.9847245414649864,8.8.1,20.0
137-0044,Santiago,2025-10-25 10_45_00,0.002401188840623,35.15654866900019,1.492128902333352,0.9847245414649864,8.8.1,20.0
137-0010,Leiden,2024-03-04 09_24_35,0.0025783377301056,34.30577975429611,1.4820436333347882,0.9832892623083376,rc8.7.0_Beta1,29.0
137-0010,Leiden,2024-03-04 09_24_35,0.0025787254826969,34.30512667402884,1.4820181100673286,0.9832868412674438,rc8.7.0_Beta1,29.0
137-0010,Leiden,2024-03-04 09_24_35,0.0025783069250438,34.30583164256549,1.4820241642852716,0.9832887632411588,rc8.7.0_Beta1,29.0
137-0010,Leiden,2024-03-04 09_24_35,0.0025783069250438,34.30583164256549,1.4820241642852716,0.9832887632411588,rc8.7.0_Beta1,29.0
137-0010,Leiden,2024-03-05 09_18_10,0.0027568443503744,33.826274417042896,1.473772130058007,0.9822940385524118,rc8.7.0_Beta1,29.0
137-0010,Leiden,2024-03-05 09_18_10,0.0027571025677208,33.825867658071786,1.4737590256559887,0.982292029066056,rc8.7.0_Beta1,29.0
137-0010,Leiden,2024-03-05 09_18_10,0.0027569052541876,33.82617847438357,1.4737586200733708,0.9822941752272464,rc8.7.0_Beta1,29.0
137-0010,Leiden,2024-03-05 09_18_10,0.0027569052541876,33.82617847438357,1.4737586200733708,0.9822941752272464,rc8.7.0_Beta1,29.0
137-0010,Leiden,2024-03-07 09_19_45,0.0025315852042439,34.2001969555274,1.4801181900648797,0.9832248257552656,rc8.7.0_Beta1,29.0
137-0010,Leiden,2024-03-07 09_19_45,0.0025316861147821,34.2000238465345,1.480098725804615,0.9832248200165266,rc8.7.0_Beta1,29.0
137-0010,Leiden,2024-03-07 09_19_45,0.0025318737988373,34.199701898533775,1.480106350979343,0.983222228781809,rc8.7.0_Beta1,29.0
137-0010,Leiden,2024-03-07 09_19_45,0.0025318737988373,34.199701898533775,1.480106350979343,0.983222228781809,rc8.7.0_Beta1,29.0
137-0004,Lund,2023-06-29 10_07_51,0.0025775029219977,34.60318173134688,1.4849258873364974,0.982509246180944,rc8.7.0_Beta1,
137-0004,Lund,2023-06-29 10_07_51,0.0025775029219977,34.60318173134688,1.4849258873364974,0.982509246180944,rc8.7.0_Beta1,
137-0004,Lund,2023-06-29 10_07_51,0.0025775029219977,34.60318173134688,1.4849258873364974,0.982509246180944,rc8.7.0_Beta1,
137-0004,Lund,2023-06-29 10_07_51,0.0025775029219977,34.60318173134688,1.4849258873364974,0.982509246180944,rc8.7.0_Beta1,
137-0004,Lund,2023-06-29 10_07_51,0.0025775029219977,34.60318173134688,1.4849258873364974,0.982509246180944,rc8.7.0_Beta1,
137-0004,Lund,2023-07-05 07_55_34,0.0025515302438459,34.56351004791501,1.484852239930651,0.9829969678287296,rc8.7.0_Beta1,20.0
137-0004,Lund,2023-07-05 07_55_34,0.0025515302438459,34.56351004791501,1.484852239930651,0.9829969678287296,rc8.7.0_Beta1,20.0
137-0004,Lund,2023-07-05 07_55_34,0.0025515302438459,34.56351004791501,1.484852239930651,0.9829969678287296,rc8.7.0_Beta1,20.0
137-0004,Lund,2023-07-05 07_55_34,0.0025515302438459,34.56351004791501,1.484852239930651,0.9829969678287296,rc8.7.0_Beta1,20.0
137-0004,Lund,2023-07-05 07_55_34,0.0025515302438459,34.56351004791501,1.484852239930651,0.9829969678287296,rc8.7.0_Beta1,20.0
137-0004,Lund,2023-07-06 12_23_47,0.0027724615364873,33.96567851549392,1.4750467531597382,0.9813136327536968,rc8.7.0_Beta1,
137-0004,Lund,2023-07-06 12_23_47,0.0027724615364873,33.96567851549392,1.4750467531597382,0.9813136327536968,rc8.7.0_Beta1,
137-0004,Lund,2023-07-06 12_23_47,0.0027724615364873,33.96567851549392,1.4750467531597382,0.9813136327536968,rc8.7.0_Beta1,
137-0004,Lund,2023-07-06 12_23_47,0.0027724615364873,33.96567851549392,1.4750467531597382,0.9813136327536968,rc8.7.0_Beta1,
137-0004,Lund,2023-07-06 12_23_47,0.0027724615364873,33.96567851549392,1.4750467531597382,0.9813136327536968,rc8.7.0_Beta1,
137-0004,Lund,2023-07-10 09_27_16,0.0025948400089408,34.33954273727622,1.4814332573442408,0.9825198984154234,rc8.7.0_Beta1,
137-0004,Lund,2023-07-10 09_27_16,0.0025948400089408,34.33954273727622,1.4814332573442408,0.9825198984154234,rc8.7.0_Beta1,
137-0004,Lund,2023-07-10 09_27_16,0.0025948400089408,34.33954273727622,1.4814332573442408,0.9825198984154234,rc8.7.0_Beta1,
137-0004,Lund,2023-07-10 09_27_16,0.0025948400089408,34.33954273727622,1.4814332573442408,0.9825198984154234,rc8.7.0_Beta1,
137-0004,Lund,2023-07-10 09_27_16,0.0025948400089408,34.33954273727622,1.4814332573442408,0.9825198984154234,rc8.7.0_Beta1,
137-0004,Lund,2023-07-17 15_08_19,0.0026060057394708,34.33229627227874,1.4813493548304093,0.9825747146052156,rc8.7.0_Beta1,
137-0004,Lund,2023-07-17 15_08_19,0.0026060057394708,34.33229627227874,1.4813493548304093,0.9825747146052156,rc8.7.0_Beta1,
137-0004,Lund,2023-07-17 15_08_19,0.0026060057394708,34.33229627227874,1.4813493548304093,0.9825747146052156,rc8.7.0_Beta1,
137-0004,Lund,2023-07-17 15_08_19,0.0026060057394708,34.33229627227874,1.4813493548304093,0.9825747146052156,rc8.7.0_Beta1,
137-0004,Lund,2023-07-17 15_08_19,0.0026060057394708,34.33229627227874,1.4813493548304093,0.9825747146052156,rc8.7.0_Beta1,
137-0004,Lund,2023-08-14 13_22_23,0.002563528550122,34.586134738406855,1.484834864347753,0.9827997539786492,rc8.7.0_Beta1,
137-0004,Lund,2023-08-14 13_22_23,0.002563528550122,34.586134738406855,1.484834864347753,0.9827997539786492,rc8.7.0_Beta1,
137-0004,Lund,2023-08-14 13_22_23,0.002563528550122,34.586134738406855,1.484834864347753,0.9827997539786492,rc8.7.0_Beta1,
137-0004,Lund,2023-08-14 13_22_23,0.002563528550122,34.586134738406855,1.484834864347753,0.9827997539786492,rc8.7.0_Beta1,
137-0004,Lund,2023-08-14 13_22_23,0.002563528550122,34.586134738406855,1.484834864347753,0.9827997539786492,rc8.7.0_Beta1,
137-0004,Lund,2023-08-21 08_19_45,0.0025502530469236,34.46048390348252,1.483351202034724,0.983332442363788,rc8.7.0_Beta1,
137-0004,Lund,2023-08-21 08_19_45,0.0025502530469236,34.46048390348252,1.483351202034724,0.983332442363788,rc8.7.0_Beta1,
137-0004,Lund,2023-08-21 08_19_45,0.0025502530469236,34.46048390348252,1.483351202034724,0.983332442363788,rc8.7.0_Beta1,
137-0004,Lund,2023-08-21 08_19_45,0.0025502530469236,34.46048390348252,1.483351202034724,0.983332442363788,rc8.7.0_Beta1,
137-0004,Lund,2023-08-21 08_19_45,0.0025502530469236,34.46048390348252,1.483351202034724,0.983332442363788,rc8.7.0_Beta1,
137-0004,Lund,2023-08-23 10_47_50,0.0028587201417308,34.02966696349596,1.4752163817641364,0.980594073817219,rc8.7.0_Beta1,20.0
137-0004,Lund,2023-08-23 10_47_50,0.0028587201417308,34.02966696349596,1.4752163817641364,0.980594073817219,rc8.7.0_Beta1,20.0
137-0004,Lund,2023-08-23 10_47_50,0.0028587201417308,34.02966696349596,1.4752163817641364,0.980594073817219,rc8.7.0_Beta1,20.0
137-0004,Lund,2023-08-23 10_47_50,0.0028587201417308,34.02966696349596,1.4752163817641364,0.980594073817219,rc8.7.0_Beta1,20.0
137-0004,Lund,2023-08-23 10_47_50,0.0028587201417308,34.02966696349596,1.4752163817641364,0.980594073817219,rc8.7.0_Beta1,20.0
137-0004,Lund,2023-08-24 08_46_10,0.002510143248632,34.236609702175095,1.4808095893496938,0.9831203255720624,rc8.7.0_Beta1,
137-0004,Lund,2023-08-24 08_46_10,0.002510143248632,34.236609702175095,1.4808095893496938,0.9831203255720624,rc8.7.0_Beta1,
137-0004,Lund,2023-08-24 08_46_10,0.002510143248632,34.236609702175095,1.4808095893496938,0.9831203255720624,rc8.7.0_Beta1,
137-0004,Lund,2023-08-24 08_46_10,0.002510143248632,34.236609702175095,1.4808095893496938,0.9831203255720624,rc8.7.0_Beta1,
137-0004,Lund,2023-08-24 08_46_10,0.002510143248632,34.236609702175095,1.4808095893496938,0.9831203255720624,rc8.7.0_Beta1,
137-0004,Lund,2023-08-25 10_24_39,0.002519929837838,34.62869128667781,1.4857875929931477,0.9831895566733873,rc8.7.0_Beta1,
137-0004,Lund,2023-08-25 10_24_39,0.002519929837838,34.62869128667781,1.4857875929931477,0.9831895566733873,rc8.7.0_Beta1,
137-0004,Lund,2023-08-25 10_24_39,0.002519929837838,34.62869128667781,1.4857875929931477,0.9831895566733873,rc8.7.0_Beta1,
137-0004,Lund,2023-08-25 10_24_39,0.002519929837838,34.62869128667781,1.4857875929931477,0.9831895566733873,rc8.7.0_Beta1,
137-0004,Lund,2023-08-25 10_24_39,0.002519929837838,34.62869128667781,1.4857875929931477,0.9831895566733873,rc8.7.0_Beta1,
137-0004,Lund,2023-08-28 08_31_12,0.0029003846337271,33.90418102396862,1.4745661214971617,0.980329948725743,rc8.7.0_Beta1,
137-0004,Lund,2023-08-28 08_31_12,0.0029003846337271,33.90418102396862,1.4745661214971617,0.980329948725743,rc8.7.0_Beta1,
137-0004,Lund,2023-08-28 08_31_12,0.0029003846337271,33.90418102396862,1.4745661214971617,0.980329948725743,rc8.7.0_Beta1,
137-0004,Lund,2023-08-28 08_31_12,0.0029003846337271,33.90418102396862,1.4745661214971617,0.980329948725743,rc8.7.0_Beta1,
137-0004,Lund,2023-08-28 08_31_12,0.0029003846337271,33.90418102396862,1.4745661214971617,0.980329948725743,rc8.7.0_Beta1,
137-0004,Lund,2023-08-30 08_54_31,0.0025391133473085,34.514362176396084,1.4839780633934918,0.9830892774683267,rc8.7.0_Beta1,
137-0004,Lund,2023-08-30 08_54_31,0.0025391133473085,34.514362176396084,1.4839780633934918,0.9830892774683267,rc8.7.0_Beta1,
137-0004,Lund,2023-08-30 08_54_31,0.0025391133473085,34.514362176396084,1.4839780633934918,0.9830892774683267,rc8.7.0_Beta1,
137-0004,Lund,2023-08-30 08_54_31,0.0025391133473085,34.514362176396084,1.4839780633934918,0.9830892774683267,rc8.7.0_Beta1,
137-0004,Lund,2023-08-30 08_54_31,0.0025391133473085,34.514362176396084,1.4839780633934918,0.9830892774683267,rc8.7.0_Beta1,
137-0004,Lund,2023-08-31 08_38_46,0.0026627684683065,34.19061079913586,1.479097011261468,0.9818500952181376,rc8.7.0_Beta1,
137-0004,Lund,2023-08-31 08_38_46,0.0026627684683065,34.19061079913586,1.479097011261468,0.9818500952181376,rc8.7.0_Beta1,
137-0004,Lund,2023-08-31 08_38_46,0.0026627684683065,34.19061079913586,1.479097011261468,0.9818500952181376,rc8.7.0_Beta1,
137-0004,Lund,2023-08-31 08_38_46,0.0026627684683065,34.19061079913586,1.479097011261468,0.9818500952181376,rc8.7.0_Beta1,
137-0004,Lund,2023-08-31 08_38_46,0.0026627684683065,34.19061079913586,1.479097011261468,0.9818500952181376,rc8.7.0_Beta1,
137-0004,Lund,2023-09-01 08_54_03,0.0025815468664598,34.56740141956977,1.484570433785932,0.9827110464892276,rc8.7.0_Beta1,
137-0004,Lund,2023-09-01 08_54_03,0.0025815468664598,34.56740141956977,1.484570433785932,0.9827110464892276,rc8.7.0_Beta1,
137-0004,Lund,2023-09-01 08_54_03,0.0025815468664598,34.56740141956977,1.484570433785932,0.9827110464892276,rc8.7.0_Beta1,
137-0004,Lund,2023-09-01 08_54_03,0.0025815468664598,34.56740141956977,1.484570433785932,0.9827110464892276,rc8.7.0_Beta1,
137-0004,Lund,2023-09-01 08_54_03,0.0025815468664598,34.56740141956977,1.484570433785932,0.9827110464892276,rc8.7.0_Beta1,
137-0004,Lund,2024-01-15 08_56_27,0.0028280443820619,34.7552638705313,1.485359902791756,0.981424707018902,rc8.7.0_Beta1,
137-0004,Lund,2024-01-15 08_56_27,0.0028280443820619,34.7552638705313,1.485359902791756,0.981424707018902,rc8.7.0_Beta1,
137-0004,Lund,2024-01-15 08_56_27,0.0028280443820619,34.7552638705313,1.485359902791756,0.981424707018902,rc8.7.0_Beta1,
137-0004,Lund,2024-01-15 08_56_27,0.0028280443820619,34.7552638705313,1.485359902791756,0.981424707018902,rc8.7.0_Beta1,
137-0004,Lund,2024-01-15 08_56_27,0.0028280443820619,34.7552638705313,1.485359902791756,0.981424707018902,rc8.7.0_Beta1,
137-0004,Lund,2024-01-17 09_56_33,0.0027440826652855,34.59512675412502,1.4829404083793964,0.9819967857830244,rc8.7.0_Beta1,
137-0004,Lund,2024-01-17 09_56_33,0.0027440826652855,34.59512675412502,1.4829404083793964,0.9819967857830244,rc8.7.0_Beta1,
137-0004,Lund,2024-01-17 09_56_33,0.0027440826652855,34.59512675412502,1.4829404083793964,0.9819967857830244,rc8.7.0_Beta1,
137-0004,Lund,2024-01-17 09_56_33,0.0027440826652855,34.59512675412502,1.4829404083793964,0.9819967857830244,rc8.7.0_Beta1,
137-0004,Lund,2024-01-17 09_56_33,0.0027440826652855,34.59512675412502,1.4829404083793964,0.9819967857830244,rc8.7.0_Beta1,
137-0004,Lund,2024-01-18 08_11_40,0.0027718481131283,34.26965607177771,1.4786553389022334,0.9814362213965732,rc8.7.0_Beta1,
137-0004,Lund,2024-01-18 08_11_40,0.0027718481131283,34.26965607177771,1.4786553389022334,0.9814362213965732,rc8.7.0_Beta1,
137-0004,Lund,2024-01-18 08_11_40,0.0027718481131283,34.26965607177771,1.4786553389022334,0.9814362213965732,rc8.7.0_Beta1,
137-0004,Lund,2024-01-18 08_11_40,0.0027718481131283,34.26965607177771,1.4786553389022334,0.9814362213965732,rc8.7.0_Beta1,
137-0004,Lund,2024-01-18 08_11_40,0.0027718481131283,34.26965607177771,1.4786553389022334,0.9814362213965732,rc8.7.0_Beta1,
137-0004,Lund,2024-01-19 08_36_20,0.0026994037606121,33.998839749142235,1.474774700035666,0.9796462865331158,rc8.7.0_Beta1,
137-0004,Lund,2024-01-19 08_36_20,0.0026994037606121,33.998839749142235,1.474774700035666,0.9796462865331158,rc8.7.0_Beta1,
137-0004,Lund,2024-01-19 08_36_20,0.0026994037606121,33.998839749142235,1.474774700035666,0.9796462865331158,rc8.7.0_Beta1,
137-0004,Lund,2024-01-19 08_36_20,0.0026994037606121,33.998839749142235,1.474774700035666,0.9796462865331158,rc8.7.0_Beta1,
137-0004,Lund,2024-01-19 08_36_20,0.0026994037606121,33.998839749142235,1.474774700035666,0.9796462865331158,rc8.7.0_Beta1,
137-0004,Lund,2024-02-26 10_02_03,0.0026617449645062,34.37658902291544,1.4802641113360238,0.9808338815501548,rc8.7.0_Beta1,
137-0004,Lund,2024-02-26 10_02_03,0.0026617449645062,34.37658902291544,1.4802641113360238,0.9808338815501548,rc8.7.0_Beta1,
137-0004,Lund,2024-02-26 10_02_03,0.0026617449645062,34.37658902291544,1.4802641113360238,0.9808338815501548,rc8.7.0_Beta1,
137-0004,Lund,2024-02-26 10_02_03,0.0026617449645062,34.37658902291544,1.4802641113360238,0.9808338815501548,rc8.7.0_Beta1,
137-0004,Lund,2024-02-26 10_02_03,0.0026617449645062,34.37658902291544,1.4802641113360238,0.9808338815501548,rc8.7.0_Beta1,
137-0004,Lund,2024-02-27 07_55_02,0.0025995458261424,34.523176849726134,1.4830106291150582,0.9817184296303858,rc8.7.0_Beta1,
137-0004,Lund,2024-02-27 07_55_02,0.0025995458261424,34.523176849726134,1.4830106291150582,0.9817184296303858,rc8.7.0_Beta1,
137-0004,Lund,2024-02-27 07_55_02,0.0025995458261424,34.523176849726134,1.4830106291150582,0.9817184296303858,rc8.7.0_Beta1,
137-0004,Lund,2024-02-27 07_55_02,0.0025995458261424,34.523176849726134,1.4830106291150582,0.9817184296303858,rc8.7.0_Beta1,
137-0004,Lund,2024-02-27 07_55_02,0.0025995458261424,34.523176849726134,1.4830106291150582,0.9817184296303858,rc8.7.0_Beta1,
137-0004,Lund,2024-02-29 08_20_02,0.0026280560763754,34.29554262716918,1.479301569622537,0.9812789722994972,rc8.7.0_Beta1,
137-0004,Lund,2024-02-29 08_20_02,0.0026280560763754,34.29554262716918,1.479301569622537,0.9812789722994972,rc8.7.0_Beta1,
137-0004,Lund,2024-02-29 08_20_02,0.0026280560763754,34.29554262716918,1.479301569622537,0.9812789722994972,rc8.7.0_Beta1,
137-0004,Lund,2024-02-29 08_20_02,0.0026280560763754,34.29554262716918,1.479301569622537,0.9812789722994972,rc8.7.0_Beta1,
137-0004,Lund,2024-02-29 08_20_02,0.0026280560763754,34.29554262716918,1.479301569622537,0.9812789722994972,rc8.7.0_Beta1,
137-0012,Cape Town (CUBIC),2023-09-15 09_57_51,0.0024776492476586,35.1589471589742,1.488729071946262,0.9820642772938192,8.6.1,18.0
137-0012,Cape Town (CUBIC),2023-09-15 09_57_51,0.0024774471007328,35.15930150645109,1.4887345527698574,0.982063900488942,8.6.1,18.0
137-0012,Cape Town (CUBIC),2023-09-15 09_57_51,0.0024776453325592,35.158954021557385,1.4887301935436492,0.9820642718619412,8.6.1,18.0
137-0012,Cape Town (CUBIC),2023-09-15 09_57_51,0.0024777973824962,35.15868750874543,1.4887022977673523,0.9820664635618046,8.6.1,18.0
137-0012,Cape Town (CUBIC),2023-11-10 11_01_15,0.0025573602146824,34.16994474714442,1.4765524624413793,0.9812083188167238,8.6.1,
137-0012,Cape Town (CUBIC),2023-11-10 11_01_15,0.0025575419532414,34.16963612715227,1.4765848187427466,0.981205259145818,8.6.1,
137-0012,Cape Town (CUBIC),2023-11-10 11_01_15,0.0025573294911961,34.16999692251133,1.4766017162775744,0.9812024690960728,8.6.1,
137-0012,Cape Town (CUBIC),2023-11-10 11_01_15,0.0025573755140351,34.16991876564784,1.4765646319906405,0.9812073164033324,8.6.1,
137-0012,Cape Town (CUBIC),2023-12-07 10_05_37,0.0031866198317119,32.4107830082246,1.4506196077324156,0.9769113075493278,8.6.1,
137-0012,Cape Town (CUBIC),2023-12-07 10_05_37,0.0031866646507721,32.41072192615442,1.4506347886867432,0.9769093577993868,8.6.1,
137-0012,Cape Town (CUBIC),2023-12-07 10_05_37,0.0031867608668867,32.41059080003537,1.4506306738748953,0.9769099425500548,8.6.1,
137-0012,Cape Town (CUBIC),2023-12-07 10_05_37,0.0031870212074722,32.410236020162245,1.4506183514658668,0.9769113028572824,8.6.1,
137-0012,Cape Town (CUBIC),2023-10-19 08_28_34,0.0024004004424195,34.07945074182263,1.4778851115773826,0.9833435575715312,8.6.1,
137-0012,Cape Town (CUBIC),2023-10-19 08_28_34,0.0024005131061531,34.07924690879248,1.4778758314858171,0.9833421048629544,8.6.1,
137-0012,Cape Town (CUBIC),2023-10-19 08_28_34,0.0024005187449016,34.07923670732978,1.4778899258513043,0.9833410166845832,8.6.1,
137-0012,Cape Town (CUBIC),2023-10-19 08_28_34,0.0024002664594404,34.079693158427325,1.4778959829466176,0.9833429861108788,8.6.1,
137-0012,Cape Town (CUBIC),2023-11-02 07_25_26,0.002523344391804,34.23020929620601,1.4788122385467553,0.9818627081278848,8.6.1,
137-0012,Cape Town (CUBIC),2023-11-02 07_25_26,0.002523431522689,34.23005933724915,1.4788130488476996,0.9818620610073292,8.6.1,
137-0012,Cape Town (CUBIC),2023-11-02 07_25_26,0.0025235871294109,34.229791538988955,1.478808180166497,0.9818618040788214,8.6.1,
137-0012,Cape Town (CUBIC),2023-11-02 07_25_26,0.0025237622536281,34.22949017098206,1.4787990162664173,0.9818611852413902,8.6.1,
137-0012,Cape Town (CUBIC),2023-12-13 08_28_36,0.0028875740287815,33.760997512833136,1.4700486536303312,0.9795315953126198,8.6.1,
137-0012,Cape Town (CUBIC),2023-12-13 08_28_36,0.0028874275971968,33.76121775321868,1.47005240556348,0.9795308796794868,8.6.1,
137-0012,Cape Town (CUBIC),2023-12-13 08_28_36,0.0028876405313697,33.76089749332113,1.4700514216266425,0.9795298843024196,8.6.1,
137-0012,Cape Town (CUBIC),2023-12-13 08_28_36,0.0028872344527089,33.76150826921642,1.4700509324924511,0.9795319036022154,8.6.1,
137-0012,Cape Town (CUBIC),2024-02-08 10_51_04,0.0025759168924698,33.976139202475125,1.474412391124376,0.98093617746115,8.6.1,
137-0012,Cape Town (CUBIC),2024-02-08 10_51_04,0.0025756951219397,33.97651311928896,1.4744061413891778,0.9809356335426386,8.6.1,
137-0012,Cape Town (CUBIC),2024-02-08 10_51_04,0.0025759165718375,33.976139743054844,1.474401954985571,0.9809378159641048,8.6.1,
137-0012,Cape Town (CUBIC),2024-02-08 10_51_04,0.0025759484858148,33.97608593704847,1.4743894389689165,0.9809391747471484,8.6.1,
137-0012,Cape Town (CUBIC),2024-02-06 10_13_12,0.0031881320154339,33.454028160715474,1.4635751947771318,0.9772161377011022,8.6.1,
137-0012,Cape Town (CUBIC),2024-02-06 10_13_12,0.0031881320154339,33.454028160715474,1.4635751947771318,0.9772161377011022,8.6.1,
137-0012,Cape Town (CUBIC),2024-02-06 10_13_12,0.0031883334218099,33.45375380910606,1.463583573930487,0.9772156954270944,8.6.1,
137-0012,Cape Town (CUBIC),2024-02-06 10_13_12,0.0031881135705553,33.454053286814776,1.463564785103675,0.9772186607434372,8.6.1,
137-0012,Cape Town (CUBIC),2023-10-12 09_08_32,0.0025326569683224,34.259085435363666,1.4790607433779788,0.9817049452149528,8.6.1,
137-0012,Cape Town (CUBIC),2023-10-12 09_08_32,0.0025326569683224,34.259085435363666,1.4790607433779788,0.9817049452149528,8.6.1,
137-0012,Cape Town (CUBIC),2023-10-12 09_08_32,0.0025326751239149,34.25905430266201,1.479065680102032,0.98170275051622,8.6.1,
137-0012,Cape Town (CUBIC),2023-10-12 09_08_32,0.0025325333199997,34.259297469981206,1.479074024848917,0.98170220121884,8.6.1,
137-0012,Cape Town (CUBIC),2023-12-21 07_17_44,0.0026964066801907,34.40679546439996,1.478812701390002,0.9797352095782264,8.6.1,
137-0012,Cape Town (CUBIC),2023-12-21 07_17_44,0.0026964066801907,34.40679546439996,1.478812701390002,0.9797352095782264,8.6.1,
137-0012,Cape Town (CUBIC),2023-12-21 07_17_44,0.0026967329235477,34.40627003505713,1.4787859205001412,0.9797370514507948,8.6.1,
137-0012,Cape Town (CUBIC),2023-12-21 07_17_44,0.0026968013973264,34.406159763081526,1.478790549545178,0.9797374421885704,8.6.1,
137-0012,Cape Town (CUBIC),2024-04-03 09_31_42,0.0023401480205732,35.031205317686506,1.4902970258484185,0.983650214729566,rc8.8.0_Beta1,
137-0012,Cape Town (CUBIC),2024-04-03 09_31_42,0.0023401480205732,35.031205317686506,1.4902970258484185,0.983650214729566,rc8.8.0_Beta1,
137-0012,Cape Town (CUBIC),2024-04-03 09_31_42,0.0023406703543682,35.03023605689643,1.4902979218972017,0.983644485704746,rc8.8.0_Beta1,
137-0012,Cape Town (CUBIC),2024-04-03 09_31_42,0.0023402410867571,35.031032604994515,1.4902922977492248,0.9836504349125416,rc8.8.0_Beta1,
137-0012,Cape Town (CUBIC),2024-04-04 08_21_36,0.0022330299626844,35.056643626038074,1.49191413725113,0.9851640210197437,rc8.8.0_Beta1,
137-0012,Cape Town (CUBIC),2024-04-04 08_21_36,0.0022330299626844,35.056643626038074,1.49191413725113,0.9851640210197437,rc8.8.0_Beta1,
137-0012,Cape Town (CUBIC),2024-04-04 08_21_36,0.0022331703635581,35.056370573688206,1.4919081084290031,0.985163484877766,rc8.8.0_Beta1,
137-0012,Cape Town (CUBIC),2024-04-04 08_21_36,0.0022331722568603,35.056366891701465,1.4919100063269926,0.9851632048014904,rc8.8.0_Beta1,
137-0012,Cape Town (CUBIC),2024-04-05 09_14_22,0.0021380758293165,35.75955800373513,1.5022369899270058,0.9859779705966468,rc8.8.0_Beta1,
137-0012,Cape Town (CUBIC),2024-04-05 09_14_22,0.0021380758293165,35.75955800373513,1.5022369899270058,0.9859779705966468,rc8.8.0_Beta1,
137-0012,Cape Town (CUBIC),2024-04-05 09_14_22,0.0021378411942441,35.76003462999673,1.5022329238906915,0.9859807582657958,rc8.8.0_Beta1,
137-0012,Cape Town (CUBIC),2024-04-05 09_14_22,0.0021377959825768,35.76012647678725,1.502236033534871,0.9859808521835196,rc8.8.0_Beta1,
137-0012,Cape Town (CUBIC),2024-06-03 13_14_28,0.0023512802741791,35.55735346196585,1.498182504633307,0.9844916692244374,rc8.8.0_Beta1,20.0
137-0012,Cape Town (CUBIC),2024-06-03 13_14_28,0.0022745845675677,35.69202887765964,1.498954235668707,0.984802229831232,rc8.8.0_Beta1,20.0
137-0012,Cape Town (CUBIC),2024-06-20 10_07_53,0.0493480109123848,23.00008506013165,1.3678757948364866,0.8350356325204554,rc8.8.0_Beta1,20.0
137-0012,Cape Town (CUBIC),2024-06-20 10_07_53,0.0024898201533436,35.94129968432175,1.4992716162950313,0.9830949282016628,rc8.8.0_Beta1,20.0
137-0012,Cape Town (CUBIC),2024-06-24 11_42_15,0.0027104644069915,35.121789388826656,1.4910302425598774,0.9820836604545916,rc8.8.0_Beta1,20.0
137-0012,Cape Town (CUBIC),2024-06-24 11_42_15,0.0025690081612752,35.33890432084608,1.4925551538886317,0.9823685432883406,rc8.8.0_Beta1,20.0
137-0012,Cape Town (CUBIC),2024-06-27 08_14_48,0.0031114254874146,34.16051224304908,1.491335229778861,0.980033604859463,rc8.8.0_Beta1,20.0
137-0012,Cape Town (CUBIC),2024-06-27 08_14_48,0.0022512158101404,35.5417519930194,1.497268204378991,0.985078271957046,rc8.8.0_Beta1,20.0
137-0012,Cape Town (CUBIC),2024-06-28 08_50_34,0.0072545528136653,31.172129819604685,1.4489238624033147,0.9584192878926991,rc8.8.0_Beta1,20.0
137-0012,Cape Town (CUBIC),2024-06-28 08_50_34,0.0033867621182161,34.45754324349177,1.4684283231482922,0.9757768486606696,rc8.8.0_Beta1,20.0
137-0012,Cape Town (CUBIC),2024-07-04 08_28_19,0.0033085078313187,33.96712043386654,1.4649302803847932,0.9761915839756692,rc8.8.0_Beta1,20.0
137-0012,Cape Town (CUBIC),2024-07-04 08_28_19,0.0034430998778187,33.781937540748295,1.46158083884434,0.974359343898269,rc8.8.0_Beta1,20.0
137-0012,Cape Town (CUBIC),2024-07-12 10_26_27,0.0506209008803217,22.104731991470736,1.3655419849417358,0.8397890059451915,rc8.8.0_Beta1,20.0
137-0012,Cape Town (CUBIC),2024-07-12 10_26_27,0.0022860963472918,35.4990223111565,1.4965613254491954,0.9850472241023372,rc8.8.0_Beta1,20.0
137-0012,Cape Town (CUBIC),2024-07-19 14_09_52,0.0036897032620166,32.99878923012254,1.4787708035646774,0.9791300050903212,rc8.8.0_Beta1,20.0
137-0012,Cape Town (CUBIC),2024-07-19 14_09_52,0.0023578729261627,34.92908150347872,1.4868272352950416,0.9843111282379806,rc8.8.0_Beta1,20.0
137-0012,Cape Town (CUBIC),2024-07-22 08_33_36,0.0025694914999982,35.21120159246487,1.4944928885739306,0.9831527524104792,rc8.8.0_Beta1,18.0
137-0012,Cape Town (CUBIC),2024-07-22 08_33_36,0.0023253013540838,35.62998400463938,1.4968397100462725,0.9842993455264812,rc8.8.0_Beta1,18.0
137-0012,Cape Town (CUBIC),2024-07-29 08_05_18,0.0026661304536594,35.76423260026356,1.5059346487467955,0.9822737461434496,rc8.8.0_Beta1,18.0
137-0012,Cape Town (CUBIC),2024-07-29 08_05_18,0.0022630088258128,36.47029225722088,1.5086227986096334,0.9848265847024568,rc8.8.0_Beta1,18.0
137-0012,Cape Town (CUBIC),2024-07-30 08_46_21,0.003272745802819,34.734042065912504,1.498655796986602,0.979908422841266,rc8.8.0_Beta1,20.0
137-0012,Cape Town (CUBIC),2024-07-30 08_46_21,0.0022856692477966,36.286495021875794,1.5062964479867609,0.9849168006850748,rc8.8.0_Beta1,20.0
137-0012,Cape Town (CUBIC),2024-08-01 08_23_03,0.0029300570637873,34.68235358997215,1.4943099764644463,0.9814803212201054,rc8.8.0_Beta1,18.0
137-0012,Cape Town (CUBIC),2024-08-01 08_23_03,0.0022773383504662,35.764354387965774,1.4998159983077195,0.9849444189014576,rc8.8.0_Beta1,18.0
137-0012,Cape Town (CUBIC),2024-08-07 09_00_05,0.0058915161741529,31.682834722497194,1.4761189950487028,0.9707773955651308,rc8.8.0_Beta1,18.0
137-0012,Cape Town (CUBIC),2024-08-07 09_00_05,0.0023313258601298,35.69590287564199,1.4980147490048237,0.9844756100208424,rc8.8.0_Beta1,18.0
137-0012,Cape Town (CUBIC),2024-08-13 09_19_58,0.0530937319613824,23.227031220223623,1.339097350626648,0.8246049464294726,rc8.8.0_Beta1,18.0
137-0012,Cape Town (CUBIC),2024-08-13 09_19_58,0.0042006147893743,34.20422306684187,1.4608960108253732,0.9668949894159852,rc8.8.0_Beta1,18.0
137-0012,Cape Town (CUBIC),2024-09-03 09_24_23,0.0043844573977361,34.00722152090698,1.4699815317288476,0.973396332325586,rc8.8.0_Beta1,18.0
137-0012,Cape Town (CUBIC),2024-09-03 09_24_23,0.0040389856495126,34.27153112564937,1.4680311166684796,0.9764622327036684,rc8.8.0_Beta1,18.0
137-0012,Cape Town (CUBIC),2024-09-16 08_08_23,0.0186728157396452,26.42027902348188,1.439501934089063,0.9307096479058627,rc8.8.0_Beta1,20.0
137-0012,Cape Town (CUBIC),2024-09-16 08_08_23,0.002202485477672,35.67590999443955,1.4994813332068015,0.9853415382395992,rc8.8.0_Beta1,20.0
137-0012,Cape Town (CUBIC),2024-09-17 09_09_39,0.0175772947714058,27.01718932951108,1.4458614206743106,0.9357520439258296,rc8.8.0_Beta1,20.0
137-0012,Cape Town (CUBIC),2024-09-17 09_09_39,0.0022614518716542,35.88840287056213,1.5017804945549085,0.9850196750573672,rc8.8.0_Beta1,20.0
137-0012,Cape Town (CUBIC),2024-09-18 07_56_53,0.0024482301722082,35.16277291171721,1.497623636147674,0.9839908588994832,rc8.8.0_Beta1,22.0
137-0012,Cape Town (CUBIC),2024-09-18 07_56_53,0.0022518410077098,35.507786490632085,1.497808623436598,0.9849114400191088,rc8.8.0_Beta1,22.0
137-0012,Cape Town (CUBIC),2024-09-20 09_40_56,0.0027305633954355,34.78026325376506,1.4956903009580151,0.9827789902986922,rc8.8.0_Beta1,20.0
137-0012,Cape Town (CUBIC),2024-09-20 09_40_56,0.0022399912565762,35.63104813925359,1.4986389942641227,0.985234346287876,rc8.8.0_Beta1,20.0
137-0012,Cape Town (CUBIC),2024-09-23 07_55_52,0.0026664070468185,35.119851153318635,1.4977965007276557,0.9835867338076554,rc8.8.0_Beta1,20.0
137-0012,Cape Town (CUBIC),2024-09-23 07_55_52,0.0022130502828704,35.92292301853284,1.5023876213638796,0.985476695396334,rc8.8.0_Beta1,20.0
137-0012,Cape Town (CUBIC),2024-09-27 09_47_15,0.0025306770938015,34.9729782478174,1.4932125391575806,0.9838923694718898,rc8.8.0_Beta1,20.0
137-0012,Cape Town (CUBIC),2024-09-27 09_47_15,0.0022491608257558,35.4611212645571,1.496229997303189,0.9849779917459666,rc8.8.0_Beta1,20.0
137-0012,Cape Town (CUBIC),2024-09-30 08_12_28,0.0023918719535517,35.732395127795634,1.49813908198322,0.984693120771482,rc8.8.0_Beta1,20.0
137-0012,Cape Town (CUBIC),2024-09-30 08_12_28,0.0023023946120709,35.88275785704563,1.5004252689554478,0.9847680904321896,rc8.8.0_Beta1,20.0
137-0012,Cape Town (CUBIC),2024-10-01 08_47_42,0.0028047123209635,34.67514413279109,1.491200786797135,0.9827617549805842,rc8.8.0_Beta1,20.0
137-0012,Cape Town (CUBIC),2024-10-01 08_47_42,0.0023114329597723,35.49932243748817,1.4960362846472202,0.98462795605613,rc8.8.0_Beta1,20.0
137-0012,Cape Town (CUBIC),2024-10-02 09_47_33,0.0496605951391745,22.726415055808392,1.37122161926314,0.8426714052106274,rc8.8.0_Beta1,20.0
137-0012,Cape Town (CUBIC),2024-10-02 09_47_33,0.0022248654082334,36.160439458789234,1.505427234982066,0.9851366045997434,rc8.8.0_Beta1,20.0
137-0012,Cape Town (CUBIC),2024-10-03 11_48_34,0.0030534155453191,34.377428596277554,1.4882419220753722,0.9810832629705056,rc8.8.0_Beta1,20.0
137-0012,Cape Town (CUBIC),2024-10-03 11_48_34,0.0023619973632426,35.47089633923041,1.4950581198932418,0.9835049093796872,rc8.8.0_Beta1,20.0
137-0012,Cape Town (CUBIC),2024-10-08 09_08_22,0.0049350193354573,31.849930261988742,1.4778336089138198,0.9743337616595596,rc8.8.0_Beta1,24.0
137-0012,Cape Town (CUBIC),2024-10-08 09_08_22,0.0022593474727185,35.21969482915755,1.4946545636981057,0.9849799825215988,rc8.8.0_Beta1,24.0
137-0012,Cape Town (CUBIC),2024-10-09 08_28_20,0.0059193641768468,31.176801879738257,1.4756145943711432,0.9711632982178436,rc8.8.0_Beta1,24.0
137-0012,Cape Town (CUBIC),2024-10-09 08_28_20,0.0021609764915805,35.541098987136145,1.4982543512192708,0.9857247244075444,rc8.8.0_Beta1,24.0
137-0012,Cape Town (CUBIC),2024-10-11 10_21_42,0.0023009969876155,35.33602555103043,1.4963680226403144,0.9847631107506286,8.8.0,22.0
137-0012,Cape Town (CUBIC),2024-10-11 10_21_42,0.0022360220460707,35.448408952238296,1.4958840169991352,0.984867487145471,8.8.0,22.0
137-0012,Cape Town (CUBIC),2024-10-14 08_11_17,0.0025304172188658,35.009391095231706,1.4928064187543402,0.9831075758393832,8.8.0,22.0
137-0012,Cape Town (CUBIC),2024-10-14 08_11_17,0.0023034568014458,35.402292887650475,1.4945547320882615,0.9844513642283708,8.8.0,22.0
137-0012,Cape Town (CUBIC),2024-10-16 07_13_21,0.0027828416752549,33.62061148089216,1.479522278543589,0.9832266627946972,8.8.0,22.0
137-0012,Cape Town (CUBIC),2024-10-16 07_13_21,0.0022145360632217,34.610003937056646,1.4849814547574962,0.9852297243453751,8.8.0,22.0
137-0012,Cape Town (CUBIC),2024-10-17 08_30_41,0.0022194465495858,35.86660914804634,1.5019713027319983,0.9850121591187068,8.8.0,22.0
137-0012,Cape Town (CUBIC),2024-10-17 08_30_41,0.002244041086445,35.800092624073784,1.5005199970577985,0.9845847780594668,8.8.0,22.0
137-0012,Cape Town (CUBIC),2024-10-21 08_23_18,0.0510233442403843,21.860204298690032,1.3627170986509756,0.8392462913848457,8.8.0,22.0
137-0012,Cape Town (CUBIC),2024-10-21 08_23_18,0.0023018763578303,35.2789405741348,1.4930983523999273,0.9847331925579248,8.8.0,22.0
137-0012,Cape Town (CUBIC),2024-10-22 09_15_14,0.0023235687726187,35.77375461507515,1.499311011139763,0.9846025192888652,8.8.0,22.0
137-0012,Cape Town (CUBIC),2024-10-22 09_15_14,0.0022478493049699,35.89560251468577,1.5013479154470506,0.9846217473266844,8.8.0,22.0
137-0012,Cape Town (CUBIC),2024-10-24 10_26_53,0.0179254476000863,26.23461883847544,1.4340673350203716,0.9336753241432008,8.8.0,22.0
137-0012,Cape Town (CUBIC),2024-10-24 10_26_53,0.0022486280307493,35.22099137725294,1.492795102609478,0.9846037014048492,8.8.0,22.0
137-0012,Cape Town (CUBIC),2024-10-28 07_48_53,0.0032523011897205,33.824391551562385,1.4865682419940789,0.9808422965050204,8.8.0,22.0
137-0012,Cape Town (CUBIC),2024-10-28 07_48_53,0.0023288892896354,35.26280462478315,1.4932553382384566,0.9846920943679244,8.8.0,22.0
137-0012,Cape Town (CUBIC),2024-10-29 07_26_18,0.0032770935391068,32.55584254005521,1.4662259326161222,0.9813917830420468,8.8.0,22.0
137-0012,Cape Town (CUBIC),2024-10-29 07_26_18,0.0024480074521354,33.817395634387964,1.4731836273701715,0.9839264775198124,8.8.0,22.0
137-0012,Cape Town (CUBIC),2024-10-30 07_14_05,0.002375688969373,33.68137791098734,1.472599173247733,0.9846081728711116,8.8.0,22.0
137-0012,Cape Town (CUBIC),2024-10-30 07_14_05,0.0022801078397531,33.844632788413634,1.4742293707229894,0.984713651185738,8.8.0,22.0
137-0012,Cape Town (CUBIC),2024-11-01 08_37_22,0.0025382392794142,34.73429941062089,1.4884203118651342,0.9833757606231336,8.8.0,22.0
137-0012,Cape Town (CUBIC),2024-11-01 08_37_22,0.0022897160457635,35.15853450411019,1.4919067995596518,0.9841424359589128,8.8.0,22.0
137-0012,Cape Town (CUBIC),2024-11-04 07_27_30,0.0022202005694762,35.68669661606316,1.5010517426213998,0.9854328845378678,8.8.0,22.0
137-0012,Cape Town (CUBIC),2024-11-04 07_27_30,0.0021741759142099,35.76542756033632,1.5006877283575637,0.9855043087145132,8.8.0,22.0
137-0012,Cape Town (CUBIC),2024-11-06 08_27_02,0.0025258749546234,34.901744386956544,1.495607435321899,0.9838722987723714,8.8.0,22.0
137-0012,Cape Town (CUBIC),2024-11-06 08_27_02,0.0021629236558236,35.55163742921772,1.49781099686608,0.9857185141063204,8.8.0,22.0
137-0012,Cape Town (CUBIC),2024-11-07 08_26_42,0.0053031821777203,32.01751067545808,1.4505195392056185,0.9662635508491374,8.8.0,22.0
137-0012,Cape Town (CUBIC),2024-11-07 08_26_42,0.0036481461371694,33.62654314359001,1.4610436936629654,0.9765875461247372,8.8.0,22.0
137-0012,Cape Town (CUBIC),2024-11-11 07_24_59,0.0029464341452717,33.904041579346966,1.4848894350092994,0.9816808285311054,8.8.0,22.0
137-0012,Cape Town (CUBIC),2024-11-11 07_24_59,0.0022650430170809,35.02340561579776,1.490091226933857,0.9850559709562406,8.8.0,22.0
137-0012,Cape Town (CUBIC),2024-11-12 08_30_08,0.0030148858605885,33.700005522084275,1.4820466189933303,0.9812405555106098,8.8.0,22.0
137-0012,Cape Town (CUBIC),2024-11-12 08_30_08,0.0023672570960799,34.73348381942025,1.487095802595368,0.9842437460522384,8.8.0,22.0
137-0012,Cape Town (CUBIC),2024-11-13 09_09_34,0.0029726788688327,33.54313975514147,1.4774857931170031,0.9811596442415482,8.8.0,22.0
137-0012,Cape Town (CUBIC),2024-11-13 09_09_34,0.0023746444413241,34.507709151712696,1.4812359234060395,0.983574380611166,8.8.0,22.0
137-0012,Cape Town (CUBIC),2024-11-14 08_41_42,0.0026239037787788,34.8824619404019,1.4951801871513115,0.9819485014800275,8.8.0,22.0
137-0012,Cape Town (CUBIC),2024-11-14 08_41_42,0.0022511574900242,35.53270961960042,1.497330819051747,0.9843382100464356,8.8.0,22.0
137-0012,Cape Town (CUBIC),2024-11-15 06_07_11,0.0024972170901579,33.99125435730416,1.4805970251567628,0.984330119941363,8.8.0,24.0
137-0012,Cape Town (CUBIC),2024-11-15 06_07_11,0.0022243873415005,34.48840873867183,1.4831563125008274,0.9851651100344534,8.8.0,24.0
137-0012,Cape Town (CUBIC),2024-11-19 08_27_09,0.0033986086014628,33.12584014064918,1.4803983013508617,0.9779768693031,8.8.0,22.0
137-0012,Cape Town (CUBIC),2024-11-19 08_27_09,0.0022766671879976,34.84082976173835,1.4880641052249528,0.9839012631330012,8.8.0,22.0
137-0012,Cape Town (CUBIC),2024-11-20 08_05_11,0.0022750735125053,35.26715916804293,1.493220059482908,0.984649603738524,8.8.0,22.0
137-0012,Cape Town (CUBIC),2024-11-20 08_05_11,0.0022325461277578,35.340172916828664,1.4943634556627472,0.984560527715115,8.8.0,22.0
137-0012,Cape Town (CUBIC),2024-11-22 08_14_31,0.00232404881927,34.68132889608743,1.4885894783928777,0.984447152778774,8.8.0,24.0
137-0012,Cape Town (CUBIC),2024-11-22 08_14_31,0.0022271560951356,34.84422030493204,1.4886757094943095,0.9845680092648682,8.8.0,24.0
137-0012,Cape Town (CUBIC),2024-11-26 08_09_25,0.0033101198333475,33.61315843542857,1.4855971818821667,0.980673389118482,8.8.0,22.0
137-0012,Cape Town (CUBIC),2024-11-26 08_09_25,0.0022378139412234,35.292803488557745,1.4936709777458477,0.984726047949721,8.8.0,22.0
137-0012,Cape Town (CUBIC),2024-11-27 13_29_11,0.0023751667920671,35.22360848979129,1.4906503020137711,0.9837074334225868,8.8.0,22.0
137-0012,Cape Town (CUBIC),2024-11-27 13_29_11,0.0024143479799348,35.12795548551721,1.4893405649891365,0.9832370078724538,8.8.0,22.0
137-0012,Cape Town (CUBIC),2024-11-28 08_57_09,0.0025800576253384,35.17501316229038,1.4932160917389363,0.9828394225197228,8.8.0,
137-0012,Cape Town (CUBIC),2024-11-28 08_57_09,0.002388502975919,35.49146605534425,1.494377395085861,0.9837299973417124,8.8.0,
137-0012,Cape Town (CUBIC),2024-12-02 07_27_36,0.0042409927587139,32.22004125817835,1.4756460278843566,0.9763459460313972,8.8.0,
137-0012,Cape Town (CUBIC),2024-12-02 07_27_36,0.0022882888828268,34.88851593385431,1.4895224254424169,0.9848686772277434,8.8.0,
137-0021,,2023-09-02 12_21_57,0.0026946447038704,32.58045639327633,1.4543781587452866,0.9822122903377372,8.6.1,
137-0021,,2023-09-02 12_21_57,0.002694667666192,32.580419385180114,1.4543780060159766,0.9822119662199126,8.6.1,
137-0021,,2023-09-02 12_21_57,0.002694482366302,32.58071803977043,1.4543826542564688,0.982212189391633,8.6.1,
137-0021,,2023-09-02 12_21_57,0.002694482366302,32.58071803977043,1.4543826542564688,0.982212189391633,8.6.1,
137-0021,,2023-09-01 10_41_30,0.0027569654612353,33.22692175850554,1.462959390367935,0.9801724042895448,8.6.1,
137-0021,,2023-09-01 10_41_30,0.0027569029760678,33.227020190173924,1.4629419618428072,0.9801781133711224,8.6.1,
137-0021,,2023-09-01 10_41_30,0.0027568842368336,33.22704971015972,1.4629743069488177,0.9801743903936622,8.6.1,
137-0021,,2023-09-01 10_41_30,0.0027568842368336,33.22704971015972,1.4629743069488177,0.9801743903936622,8.6.1,
137-0013,London (CNS),2023-06-21 13_28_58,0.0026865889537776,33.70011042441483,1.4681657271919395,0.9801285411630112,rc8.6.0,
137-0013,London (CNS),2023-06-21 13_28_58,0.0026864428593992,33.70034659641087,1.4681550511273596,0.98012809376479,rc8.6.0,
137-0013,London (CNS),2023-06-21 13_28_58,0.0026864663310634,33.700308651923564,1.4681646665818966,0.9801296129460072,rc8.6.0,
137-0013,London (CNS),2023-06-21 13_28_58,0.0026864663310634,33.700308651923564,1.4681646665818966,0.9801296129460072,rc8.6.0,
137-0013,London (CNS),2024-04-08 08_53_08,0.0026375099833499,34.65142579828077,1.484972520626455,0.9823542806367228,rc8.7.0_Beta1,29.0
137-0013,London (CNS),2024-04-08 08_53_08,0.0026376419246849,34.65120854806797,1.4849568105881854,0.982355506760946,rc8.7.0_Beta1,29.0
137-0013,London (CNS),2024-04-08 08_53_08,0.0026376628874151,34.651174032534136,1.48495831970879,0.9823545219684322,rc8.7.0_Beta1,29.0
137-0013,London (CNS),2024-04-08 08_53_08,0.0026376628874151,34.651174032534136,1.48495831970879,0.9823545219684322,rc8.7.0_Beta1,29.0
137-0013,London (CNS),2024-04-09 08_08_56,0.00266409980707,34.33876537076367,1.4807087553663552,0.9820018132487668,rc8.7.0_Beta1,29.0
137-0013,London (CNS),2024-04-09 08_08_56,0.002664139414341,34.338700804521366,1.4806968535863911,0.9820021114559762,rc8.7.0_Beta1,29.0
137-0013,London (CNS),2024-04-09 08_08_56,0.0026641303765627,34.338715537473746,1.4807032351440224,0.9820007438654276,rc8.7.0_Beta1,29.0
137-0013,London (CNS),2024-04-09 08_08_56,0.0026641303765627,34.338715537473746,1.4807032351440224,0.9820007438654276,rc8.7.0_Beta1,29.0
137-0013,London (CNS),2024-04-10 08_10_30,0.002657835314691,34.0662375589002,1.477270971570677,0.981927627009083,rc8.7.0_Beta1,29.0
137-0013,London (CNS),2024-04-10 08_10_30,0.0026586419648559,34.06491967978704,1.4772580287975996,0.9819228286894838,rc8.7.0_Beta1,29.0
137-0013,London (CNS),2024-04-10 08_10_30,0.0026585535522316,34.065064105978415,1.4772622964051678,0.9819236197132708,rc8.7.0_Beta1,29.0
137-0013,London (CNS),2024-04-10 08_10_30,0.0026585535522316,34.065064105978415,1.4772622964051678,0.9819236197132708,rc8.7.0_Beta1,29.0
137-0027,Dhaka,2024-03-05 09_22_47,0.0042920170798239,30.48882427061904,1.4180195816853316,0.9677532647191422,8.6.1,
137-0027,Dhaka,2024-03-05 09_22_47,0.0042920170798239,30.48882427061904,1.4180195816853316,0.9677532647191422,8.6.1,
137-0027,Dhaka,2024-03-05 09_22_47,0.0042920170798239,30.48882427061904,1.4180195816853316,0.9677532647191422,8.6.1,
137-0027,Dhaka,2024-03-05 09_22_47,0.0042920170798239,30.48882427061904,1.4180195816853316,0.9677532647191422,8.6.1,
137-0027,Dhaka,2024-03-05 09_22_47,0.0042920170798239,30.48882427061904,1.4180195816853316,0.9677532647191422,8.6.1,
137-0027,Dhaka,2024-03-04 09_53_13,0.0043168204291868,30.79152858754108,1.4223673893674451,0.969192126406404,8.6.1,
137-0027,Dhaka,2024-03-04 09_53_13,0.0043168204291868,30.79152858754108,1.4223673893674451,0.969192126406404,8.6.1,
137-0027,Dhaka,2024-03-04 09_53_13,0.0043168204291868,30.79152858754108,1.4223673893674451,0.969192126406404,8.6.1,
137-0027,Dhaka,2024-03-04 09_53_13,0.0043168204291868,30.79152858754108,1.4223673893674451,0.969192126406404,8.6.1,
137-0027,Dhaka,2024-03-04 09_53_13,0.0043168204291868,30.79152858754108,1.4223673893674451,0.969192126406404,8.6.1,
137-0027,Dhaka,2024-03-06 13_25_26,0.0042468523521657,30.6303697037157,1.4205487675243194,0.9687767629735592,8.6.1,
137-0027,Dhaka,2024-03-06 13_25_26,0.0042468523521657,30.6303697037157,1.4205487675243194,0.9687767629735592,8.6.1,
137-0027,Dhaka,2024-03-06 13_25_26,0.0042468523521657,30.6303697037157,1.4205487675243194,0.9687767629735592,8.6.1,
137-0027,Dhaka,2024-03-06 13_25_26,0.0042468523521657,30.6303697037157,1.4205487675243194,0.9687767629735592,8.6.1,
137-0027,Dhaka,2024-03-06 13_25_26,0.0042468523521657,30.6303697037157,1.4205487675243194,0.9687767629735592,8.6.1,
137-0027,Dhaka,2024-03-07 09_22_15,0.0043833856440847,30.28408780461557,1.4171961351458284,0.9679136598318948,8.6.1,
137-0027,Dhaka,2024-03-07 09_22_15,0.0043833856440847,30.28408780461557,1.4171961351458284,0.9679136598318948,8.6.1,
137-0027,Dhaka,2024-03-07 09_22_15,0.0043833856440847,30.28408780461557,1.4171961351458284,0.9679136598318948,8.6.1,
137-0027,Dhaka,2024-03-07 09_22_15,0.0043833856440847,30.28408780461557,1.4171961351458284,0.9679136598318948,8.6.1,
137-0027,Dhaka,2024-03-07 09_22_15,0.0043833856440847,30.28408780461557,1.4171961351458284,0.9679136598318948,8.6.1,
137-0027,Dhaka,2024-03-11 09_29_01,0.004318960994378,30.4647129556268,1.4178189529264145,0.9681454139615124,8.6.1,
137-0027,Dhaka,2024-03-11 09_29_01,0.004318960994378,30.4647129556268,1.4178189529264145,0.9681454139615124,8.6.1,
137-0027,Dhaka,2024-03-11 09_29_01,0.004318960994378,30.4647129556268,1.4178189529264145,0.9681454139615124,8.6.1,
137-0027,Dhaka,2024-03-11 09_29_01,0.004318960994378,30.4647129556268,1.4178189529264145,0.9681454139615124,8.6.1,
137-0027,Dhaka,2024-03-11 09_29_01,0.004318960994378,30.4647129556268,1.4178189529264145,0.9681454139615124,8.6.1,
137-0027,Dhaka,2024-03-13 10_10_45,0.0040270484226914,30.65515211910405,1.4223786977940096,0.9706841380282684,8.6.1,
137-0027,Dhaka,2024-03-13 10_10_45,0.0040270484226914,30.65515211910405,1.4223786977940096,0.9706841380282684,8.6.1,
137-0027,Dhaka,2024-03-13 10_10_45,0.0040270484226914,30.65515211910405,1.4223786977940096,0.9706841380282684,8.6.1,
137-0027,Dhaka,2024-03-13 10_10_45,0.0040270484226914,30.65515211910405,1.4223786977940096,0.9706841380282684,8.6.1,
137-0027,Dhaka,2024-03-13 10_10_45,0.0040270484226914,30.65515211910405,1.4223786977940096,0.9706841380282684,8.6.1,
137-0027,Dhaka,2023-11-07 11_36_43,0.0062260851166193,29.084122370481925,1.3934064796511598,0.9547318770634616,8.6.1,25.0
137-0027,Dhaka,2023-11-07 11_36_43,0.0062260851166193,29.084122370481925,1.3934064796511598,0.9547318770634616,8.6.1,25.0
137-0027,Dhaka,2023-11-07 11_36_43,0.0062260851166193,29.084122370481925,1.3934064796511598,0.9547318770634616,8.6.1,25.0
137-0027,Dhaka,2023-11-07 11_36_43,0.0062260851166193,29.084122370481925,1.3934064796511598,0.9547318770634616,8.6.1,25.0
137-0027,Dhaka,2023-11-07 11_36_43,0.0062260851166193,29.084122370481925,1.3934064796511598,0.9547318770634616,8.6.1,25.0
137-0027,Dhaka,2024-03-20 14_10_45,0.0045472894393994,30.557870882282696,1.417896603245446,0.967161558259838,8.6.1,
137-0027,Dhaka,2024-03-20 14_10_45,0.0045472894393994,30.557870882282696,1.417896603245446,0.967161558259838,8.6.1,
137-0027,Dhaka,2024-03-20 14_10_45,0.0045472894393994,30.557870882282696,1.417896603245446,0.967161558259838,8.6.1,
137-0027,Dhaka,2024-03-20 14_10_45,0.0045472894393994,30.557870882282696,1.417896603245446,0.967161558259838,8.6.1,
137-0027,Dhaka,2024-03-20 14_10_45,0.0045472894393994,30.557870882282696,1.417896603245446,0.967161558259838,8.6.1,
137-0027,Dhaka,2024-03-21 13_30_21,0.0041892250515078,30.4095881039342,1.4189776133325966,0.9686754636414476,8.6.1,
137-0027,Dhaka,2024-03-21 13_30_21,0.0041892250515078,30.4095881039342,1.4189776133325966,0.9686754636414476,8.6.1,
137-0027,Dhaka,2024-03-21 13_30_21,0.0041892250515078,30.4095881039342,1.4189776133325966,0.9686754636414476,8.6.1,
137-0027,Dhaka,2024-03-21 13_30_21,0.0041892250515078,30.4095881039342,1.4189776133325966,0.9686754636414476,8.6.1,
137-0027,Dhaka,2024-03-21 13_30_21,0.0041892250515078,30.4095881039342,1.4189776133325966,0.9686754636414476,8.6.1,
137-0027,Dhaka,2024-03-25 09_15_22,0.0040679979227698,30.631386885941737,1.4218313248607155,0.971593551163698,8.6.1,
137-0027,Dhaka,2024-03-25 09_15_22,0.0040679979227698,30.631386885941737,1.4218313248607155,0.971593551163698,8.6.1,
137-0027,Dhaka,2024-03-25 09_15_22,0.0040679979227698,30.631386885941737,1.4218313248607155,0.971593551163698,8.6.1,
137-0027,Dhaka,2024-03-25 09_15_22,0.0040679979227698,30.631386885941737,1.4218313248607155,0.971593551163698,8.6.1,
137-0027,Dhaka,2024-03-25 09_15_22,0.0040679979227698,30.631386885941737,1.4218313248607155,0.971593551163698,8.6.1,
137-0027,Dhaka,2023-10-12 16_10_14,0.0054254196427561,29.45694875868548,1.402316820027049,0.9620032089866596,8.6.1,
137-0027,Dhaka,2023-10-12 16_10_14,0.0054254196427561,29.45694875868548,1.402316820027049,0.9620032089866596,8.6.1,
137-0027,Dhaka,2023-10-12 16_10_14,0.0054254196427561,29.45694875868548,1.402316820027049,0.9620032089866596,8.6.1,
137-0027,Dhaka,2023-10-12 16_10_14,0.0054254196427561,29.45694875868548,1.402316820027049,0.9620032089866596,8.6.1,
137-0027,Dhaka,2023-10-12 16_10_14,0.0054254196427561,29.45694875868548,1.402316820027049,0.9620032089866596,8.6.1,
137-0027,Dhaka,2024-04-01 09_14_15,0.005218788476317,29.84283986159189,1.406456381484667,0.9613167491196856,8.6.1,
137-0027,Dhaka,2024-04-01 09_14_15,0.005218788476317,29.84283986159189,1.406456381484667,0.9613167491196856,8.6.1,
137-0027,Dhaka,2024-04-01 09_14_15,0.005218788476317,29.84283986159189,1.406456381484667,0.9613167491196856,8.6.1,
137-0027,Dhaka,2024-04-01 09_14_15,0.005218788476317,29.84283986159189,1.406456381484667,0.9613167491196856,8.6.1,
137-0027,Dhaka,2024-04-01 09_14_15,0.005218788476317,29.84283986159189,1.406456381484667,0.9613167491196856,8.6.1,
137-0027,Dhaka,2024-04-03 09_04_47,0.0041692040366973,30.608611223301683,1.4206282241666734,0.9700172359964052,8.6.1,
137-0027,Dhaka,2024-04-03 09_04_47,0.0041692040366973,30.608611223301683,1.4206282241666734,0.9700172359964052,8.6.1,
137-0027,Dhaka,2024-04-03 09_04_47,0.0041692040366973,30.608611223301683,1.4206282241666734,0.9700172359964052,8.6.1,
137-0027,Dhaka,2024-04-03 09_04_47,0.0041692040366973,30.608611223301683,1.4206282241666734,0.9700172359964052,8.6.1,
137-0027,Dhaka,2024-04-03 09_04_47,0.0041692040366973,30.608611223301683,1.4206282241666734,0.9700172359964052,8.6.1,
137-0027,Dhaka,2024-04-08 10_09_08,0.0043357298564802,29.85188073659604,1.411327169164478,0.9681423711340916,8.6.1,
137-0027,Dhaka,2024-04-08 10_09_08,0.0043357298564802,29.85188073659604,1.411327169164478,0.9681423711340916,8.6.1,
137-0027,Dhaka,2024-04-08 10_09_08,0.0043357298564802,29.85188073659604,1.411327169164478,0.9681423711340916,8.6.1,
137-0027,Dhaka,2024-04-08 10_09_08,0.0043357298564802,29.85188073659604,1.411327169164478,0.9681423711340916,8.6.1,
137-0027,Dhaka,2024-04-08 10_09_08,0.0043357298564802,29.85188073659604,1.411327169164478,0.9681423711340916,8.6.1,
137-0027,Dhaka,2024-04-15 10_59_11,0.004410680348737,30.434850533552563,1.4166775859080285,0.9676245582281878,8.6.1,
137-0027,Dhaka,2024-04-15 10_59_11,0.004410680348737,30.434850533552563,1.4166775859080285,0.9676245582281878,8.6.1,
137-0027,Dhaka,2024-04-15 10_59_11,0.004410680348737,30.434850533552563,1.4166775859080285,0.9676245582281878,8.6.1,
137-0027,Dhaka,2024-04-15 10_59_11,0.004410680348737,30.434850533552563,1.4166775859080285,0.9676245582281878,8.6.1,
137-0027,Dhaka,2024-04-15 10_59_11,0.004410680348737,30.434850533552563,1.4166775859080285,0.9676245582281878,8.6.1,
137-0027,Dhaka,2024-04-17 09_14_27,0.0046382437459168,30.303741812612508,1.4143788142069589,0.9654919461301632,8.6.1,
137-0027,Dhaka,2024-04-17 09_14_27,0.0046382437459168,30.303741812612508,1.4143788142069589,0.9654919461301632,8.6.1,
137-0027,Dhaka,2024-04-17 09_14_27,0.0046382437459168,30.303741812612508,1.4143788142069589,0.9654919461301632,8.6.1,
137-0027,Dhaka,2024-04-17 09_14_27,0.0046382437459168,30.303741812612508,1.4143788142069589,0.9654919461301632,8.6.1,
137-0027,Dhaka,2024-04-17 09_14_27,0.0046382437459168,30.303741812612508,1.4143788142069589,0.9654919461301632,8.6.1,
137-0027,Dhaka,2024-04-22 09_13_47,0.0030074011558764,32.32015526323228,1.449649765607161,0.975147770169713,rc8.8.0_Beta1,
137-0027,Dhaka,2024-04-22 09_13_47,0.0030074011558764,32.32015526323228,1.449649765607161,0.975147770169713,rc8.8.0_Beta1,
137-0027,Dhaka,2024-04-22 09_13_47,0.0030074011558764,32.32015526323228,1.449649765607161,0.975147770169713,rc8.8.0_Beta1,
137-0027,Dhaka,2024-04-22 09_13_47,0.0030074011558764,32.32015526323228,1.449649765607161,0.975147770169713,rc8.8.0_Beta1,
137-0027,Dhaka,2024-04-22 09_13_47,0.0030074011558764,32.32015526323228,1.449649765607161,0.975147770169713,rc8.8.0_Beta1,
137-0027,Dhaka,2024-05-09 10_26_05,0.0028814623492815,32.76094956900584,1.456270464623585,0.9740191868019296,rc8.8.0_Beta1,
137-0027,Dhaka,2024-05-09 10_26_05,0.0028814623492815,32.76094956900584,1.456270464623585,0.9740191868019296,rc8.8.0_Beta1,
137-0027,Dhaka,2024-05-09 10_26_05,0.0028814623492815,32.76094956900584,1.456270464623585,0.9740191868019296,rc8.8.0_Beta1,
137-0027,Dhaka,2024-05-09 10_26_05,0.0028814623492815,32.76094956900584,1.456270464623585,0.9740191868019296,rc8.8.0_Beta1,
137-0027,Dhaka,2024-05-09 10_26_05,0.0028814623492815,32.76094956900584,1.456270464623585,0.9740191868019296,rc8.8.0_Beta1,
137-0027,Dhaka,2024-05-13 08_51_35,0.0029302297183595,32.66410385552176,1.4544555722451766,0.9757284341253658,rc8.8.0_Beta1,
137-0027,Dhaka,2024-05-13 08_51_35,0.0029302297183595,32.66410385552176,1.4544555722451766,0.9757284341253658,rc8.8.0_Beta1,
137-0027,Dhaka,2024-05-13 08_51_35,0.0029302297183595,32.66410385552176,1.4544555722451766,0.9757284341253658,rc8.8.0_Beta1,
137-0027,Dhaka,2024-05-13 08_51_35,0.0029302297183595,32.66410385552176,1.4544555722451766,0.9757284341253658,rc8.8.0_Beta1,
137-0027,Dhaka,2024-05-13 08_51_35,0.0029302297183595,32.66410385552176,1.4544555722451766,0.9757284341253658,rc8.8.0_Beta1,
137-0027,Dhaka,2024-04-30 13_28_43,0.0030406685700384,32.58949667742477,1.4519877254514435,0.9743296503242098,rc8.8.0_Beta1,
137-0027,Dhaka,2024-04-30 13_28_43,0.0030406685700384,32.58949667742477,1.4519877254514435,0.9743296503242098,rc8.8.0_Beta1,
137-0027,Dhaka,2024-04-30 13_28_43,0.0030406685700384,32.58949667742477,1.4519877254514435,0.9743296503242098,rc8.8.0_Beta1,
137-0027,Dhaka,2024-04-30 13_28_43,0.0030406685700384,32.58949667742477,1.4519877254514435,0.9743296503242098,rc8.8.0_Beta1,
137-0027,Dhaka,2024-04-30 13_28_43,0.0030406685700384,32.58949667742477,1.4519877254514435,0.9743296503242098,rc8.8.0_Beta1,
137-0027,Dhaka,2024-04-25 09_44_35,0.0028525447902757,33.04593315307012,1.4589107249580953,0.9752865520842824,rc8.8.0_Beta1,
137-0027,Dhaka,2024-04-25 09_44_35,0.0028525447902757,33.04593315307012,1.4589107249580953,0.9752865520842824,rc8.8.0_Beta1,
137-0027,Dhaka,2024-04-25 09_44_35,0.0028525447902757,33.04593315307012,1.4589107249580953,0.9752865520842824,rc8.8.0_Beta1,
137-0027,Dhaka,2024-04-25 09_44_35,0.0028525447902757,33.04593315307012,1.4589107249580953,0.9752865520842824,rc8.8.0_Beta1,
137-0027,Dhaka,2024-04-25 09_44_35,0.0028525447902757,33.04593315307012,1.4589107249580953,0.9752865520842824,rc8.8.0_Beta1,
137-0027,Dhaka,2024-05-20 09_01_58,0.0027965536240903,33.31756541879379,1.4632510583245553,0.9767060960801236,rc8.8.0_Beta1,
137-0027,Dhaka,2024-05-20 09_01_58,0.0027965536240903,33.31756541879379,1.4632510583245553,0.9767060960801236,rc8.8.0_Beta1,
137-0027,Dhaka,2024-05-20 09_01_58,0.0027965536240903,33.31756541879379,1.4632510583245553,0.9767060960801236,rc8.8.0_Beta1,
137-0027,Dhaka,2024-05-20 09_01_58,0.0027965536240903,33.31756541879379,1.4632510583245553,0.9767060960801236,rc8.8.0_Beta1,
137-0027,Dhaka,2024-05-20 09_01_58,0.0027965536240903,33.31756541879379,1.4632510583245553,0.9767060960801236,rc8.8.0_Beta1,
137-0027,Dhaka,2024-05-21 09_01_34,0.0025556179387683,33.897290532040415,1.473386672707368,0.979266413272275,rc8.8.0_Beta1,
137-0027,Dhaka,2024-05-21 09_01_34,0.0025556179387683,33.897290532040415,1.473386672707368,0.979266413272275,rc8.8.0_Beta1,
137-0027,Dhaka,2024-05-21 09_01_34,0.0025556179387683,33.897290532040415,1.473386672707368,0.979266413272275,rc8.8.0_Beta1,
137-0027,Dhaka,2024-05-21 09_01_34,0.0025556179387683,33.897290532040415,1.473386672707368,0.979266413272275,rc8.8.0_Beta1,
137-0027,Dhaka,2024-05-21 09_01_34,0.0025556179387683,33.897290532040415,1.473386672707368,0.979266413272275,rc8.8.0_Beta1,
137-0027,Dhaka,2024-05-26 09_03_38,0.0031581895687603,33.03909423877508,1.4572140746715263,0.972192320571505,rc8.8.0_Beta1,
137-0027,Dhaka,2024-05-26 09_03_38,0.0031581895687603,33.03909423877508,1.4572140746715263,0.972192320571505,rc8.8.0_Beta1,
137-0027,Dhaka,2024-05-26 09_03_38,0.0031581895687603,33.03909423877508,1.4572140746715263,0.972192320571505,rc8.8.0_Beta1,
137-0027,Dhaka,2024-05-26 09_03_38,0.0031581895687603,33.03909423877508,1.4572140746715263,0.972192320571505,rc8.8.0_Beta1,
137-0027,Dhaka,2024-05-26 09_03_38,0.0031581895687603,33.03909423877508,1.4572140746715263,0.972192320571505,rc8.8.0_Beta1,
137-0027,Dhaka,2024-05-28 08_50_44,0.0028285530014608,32.6137964963288,1.4547205092092033,0.9761896449515828,rc8.8.0_Beta1,
137-0027,Dhaka,2024-05-28 08_50_44,0.0028285530014608,32.6137964963288,1.4547205092092033,0.9761896449515828,rc8.8.0_Beta1,
137-0027,Dhaka,2024-05-28 08_50_44,0.0028285530014608,32.6137964963288,1.4547205092092033,0.9761896449515828,rc8.8.0_Beta1,
137-0027,Dhaka,2024-05-28 08_50_44,0.0028285530014608,32.6137964963288,1.4547205092092033,0.9761896449515828,rc8.8.0_Beta1,
137-0027,Dhaka,2024-05-28 08_50_44,0.0028285530014608,32.6137964963288,1.4547205092092033,0.9761896449515828,rc8.8.0_Beta1,
137-0027,Dhaka,2024-05-29 09_09_04,0.0046273801663455,30.92873203168714,1.421286783631312,0.9641223137111262,rc8.8.0_Beta1,
137-0027,Dhaka,2024-05-29 09_09_04,0.0046273801663455,30.92873203168714,1.421286783631312,0.9641223137111262,rc8.8.0_Beta1,
137-0027,Dhaka,2024-05-29 09_09_04,0.0046273801663455,30.92873203168714,1.421286783631312,0.9641223137111262,rc8.8.0_Beta1,
137-0027,Dhaka,2024-05-29 09_09_04,0.0046273801663455,30.92873203168714,1.421286783631312,0.9641223137111262,rc8.8.0_Beta1,
137-0027,Dhaka,2024-05-29 09_09_04,0.0046273801663455,30.92873203168714,1.421286783631312,0.9641223137111262,rc8.8.0_Beta1,
137-0027,Dhaka,2024-06-04 15_40_19,0.0028561457061395,32.92565407265493,1.4579664427223196,0.9770461584650468,rc8.8.0_Beta1,
137-0027,Dhaka,2024-06-04 15_40_19,0.0028561457061395,32.92565407265493,1.4579664427223196,0.9770461584650468,rc8.8.0_Beta1,
137-0027,Dhaka,2024-06-04 15_40_19,0.0028561457061395,32.92565407265493,1.4579664427223196,0.9770461584650468,rc8.8.0_Beta1,
137-0027,Dhaka,2024-06-04 15_40_19,0.0028561457061395,32.92565407265493,1.4579664427223196,0.9770461584650468,rc8.8.0_Beta1,
137-0027,Dhaka,2024-06-04 15_40_19,0.0028561457061395,32.92565407265493,1.4579664427223196,0.9770461584650468,rc8.8.0_Beta1,
137-0027,Dhaka,2024-06-06 09_24_02,0.0026742894012095,33.692487259672006,1.4694659963687406,0.9784479881047998,rc8.8.0_Beta1,
137-0027,Dhaka,2024-06-06 09_24_02,0.0026742894012095,33.692487259672006,1.4694659963687406,0.9784479881047998,rc8.8.0_Beta1,
137-0027,Dhaka,2024-06-06 09_24_02,0.0026742894012095,33.692487259672006,1.4694659963687406,0.9784479881047998,rc8.8.0_Beta1,
137-0027,Dhaka,2024-06-06 09_24_02,0.0026742894012095,33.692487259672006,1.4694659963687406,0.9784479881047998,rc8.8.0_Beta1,
137-0027,Dhaka,2024-06-06 09_24_02,0.0026742894012095,33.692487259672006,1.4694659963687406,0.9784479881047998,rc8.8.0_Beta1,
137-0027,Dhaka,2024-06-27 12_52_53,0.0030933205312201,32.80590530672404,1.4554825508459752,0.9753452643333688,rc8.8.0_Beta1,28.0
137-0027,Dhaka,2024-06-27 12_52_53,0.0030933205312201,32.80590530672404,1.4554825508459752,0.9753452643333688,rc8.8.0_Beta1,28.0
137-0027,Dhaka,2024-06-27 12_52_53,0.0030933205312201,32.80590530672404,1.4554825508459752,0.9753452643333688,rc8.8.0_Beta1,28.0
137-0027,Dhaka,2024-06-27 12_52_53,0.0030933205312201,32.80590530672404,1.4554825508459752,0.9753452643333688,rc8.8.0_Beta1,28.0
137-0027,Dhaka,2024-06-27 12_52_53,0.0030933205312201,32.80590530672404,1.4554825508459752,0.9753452643333688,rc8.8.0_Beta1,28.0
137-0027,Dhaka,2024-07-01 10_08_20,0.0030883501767167,32.337275262752094,1.448762213110585,0.973310463386378,rc8.8.0_Beta1,28.0
137-0027,Dhaka,2024-07-01 10_08_20,0.0030883501767167,32.337275262752094,1.448762213110585,0.973310463386378,rc8.8.0_Beta1,28.0
137-0027,Dhaka,2024-07-01 10_08_20,0.0030883501767167,32.337275262752094,1.448762213110585,0.973310463386378,rc8.8.0_Beta1,28.0
137-0027,Dhaka,2024-07-01 10_08_20,0.0030883501767167,32.337275262752094,1.448762213110585,0.973310463386378,rc8.8.0_Beta1,28.0
137-0027,Dhaka,2024-07-01 10_08_20,0.0030883501767167,32.337275262752094,1.448762213110585,0.973310463386378,rc8.8.0_Beta1,28.0
137-0027,Dhaka,2024-07-02 08_52_03,0.0026459973816964,33.7963264699917,1.47103319667584,0.9782730835847327,rc8.8.0_Beta1,28.0
137-0027,Dhaka,2024-07-02 08_52_03,0.0026459973816964,33.7963264699917,1.47103319667584,0.9782730835847327,rc8.8.0_Beta1,28.0
137-0027,Dhaka,2024-07-02 08_52_03,0.0026459973816964,33.7963264699917,1.47103319667584,0.9782730835847327,rc8.8.0_Beta1,28.0
137-0027,Dhaka,2024-07-02 08_52_03,0.0026459973816964,33.7963264699917,1.47103319667584,0.9782730835847327,rc8.8.0_Beta1,28.0
137-0027,Dhaka,2024-07-02 08_52_03,0.0026459973816964,33.7963264699917,1.47103319667584,0.9782730835847327,rc8.8.0_Beta1,28.0
137-0027,Dhaka,2024-07-03 08_49_46,0.0027760865297289,33.34863994563234,1.4638115795576334,0.977199379358136,rc8.8.0_Beta1,28.0
137-0027,Dhaka,2024-07-03 08_49_46,0.0027760865297289,33.34863994563234,1.4638115795576334,0.977199379358136,rc8.8.0_Beta1,28.0
137-0027,Dhaka,2024-07-03 08_49_46,0.0027760865297289,33.34863994563234,1.4638115795576334,0.977199379358136,rc8.8.0_Beta1,28.0
137-0027,Dhaka,2024-07-03 08_49_46,0.0027760865297289,33.34863994563234,1.4638115795576334,0.977199379358136,rc8.8.0_Beta1,28.0
137-0027,Dhaka,2024-07-03 08_49_46,0.0027760865297289,33.34863994563234,1.4638115795576334,0.977199379358136,rc8.8.0_Beta1,28.0
137-0027,Dhaka,2024-07-09 12_58_21,0.0029274316882558,32.666636767545526,1.4545819220336296,0.9758620890547588,rc8.8.0_Beta1,28.0
137-0027,Dhaka,2024-07-09 12_58_21,0.0029274316882558,32.666636767545526,1.4545819220336296,0.9758620890547588,rc8.8.0_Beta1,28.0
137-0027,Dhaka,2024-07-09 12_58_21,0.0029274316882558,32.666636767545526,1.4545819220336296,0.9758620890547588,rc8.8.0_Beta1,28.0
137-0027,Dhaka,2024-07-09 12_58_21,0.0029274316882558,32.666636767545526,1.4545819220336296,0.9758620890547588,rc8.8.0_Beta1,28.0
137-0027,Dhaka,2024-07-09 12_58_21,0.0029274316882558,32.666636767545526,1.4545819220336296,0.9758620890547588,rc8.8.0_Beta1,28.0
137-0027,Dhaka,2024-07-10 08_45_08,0.0029268547672274,33.15237288756245,1.4596509777830096,0.9760090814879836,rc8.8.0_Beta1,28.0
137-0027,Dhaka,2024-07-10 08_45_08,0.0029268547672274,33.15237288756245,1.4596509777830096,0.9760090814879836,rc8.8.0_Beta1,28.0
137-0027,Dhaka,2024-07-10 08_45_08,0.0029268547672274,33.15237288756245,1.4596509777830096,0.9760090814879836,rc8.8.0_Beta1,28.0
137-0027,Dhaka,2024-07-10 08_45_08,0.0029268547672274,33.15237288756245,1.4596509777830096,0.9760090814879836,rc8.8.0_Beta1,28.0
137-0027,Dhaka,2024-07-10 08_45_08,0.0029268547672274,33.15237288756245,1.4596509777830096,0.9760090814879836,rc8.8.0_Beta1,28.0
137-0027,Dhaka,2024-07-16 08_50_18,0.0029073972175943,33.16626646669279,1.460299641165096,0.9756536379020304,rc8.8.0_Beta1,28.0
137-0027,Dhaka,2024-07-16 08_50_18,0.0029073972175943,33.16626646669279,1.460299641165096,0.9756536379020304,rc8.8.0_Beta1,28.0
137-0027,Dhaka,2024-07-16 08_50_18,0.0029073972175943,33.16626646669279,1.460299641165096,0.9756536379020304,rc8.8.0_Beta1,28.0
137-0027,Dhaka,2024-07-16 08_50_18,0.0029073972175943,33.16626646669279,1.460299641165096,0.9756536379020304,rc8.8.0_Beta1,28.0
137-0027,Dhaka,2024-07-16 08_50_18,0.0029073972175943,33.16626646669279,1.460299641165096,0.9756536379020304,rc8.8.0_Beta1,28.0
137-0027,Dhaka,2024-07-28 10_22_12,0.0031271237666541,32.263597096785965,1.4476986231938735,0.97356819193884,rc8.8.0_Beta1,28.0
137-0027,Dhaka,2024-07-28 10_22_12,0.0031271237666541,32.263597096785965,1.4476986231938735,0.97356819193884,rc8.8.0_Beta1,28.0
137-0027,Dhaka,2024-07-28 10_22_12,0.0031271237666541,32.263597096785965,1.4476986231938735,0.97356819193884,rc8.8.0_Beta1,28.0
137-0027,Dhaka,2024-07-28 10_22_12,0.0031271237666541,32.263597096785965,1.4476986231938735,0.97356819193884,rc8.8.0_Beta1,28.0
137-0027,Dhaka,2024-07-28 10_22_12,0.0031271237666541,32.263597096785965,1.4476986231938735,0.97356819193884,rc8.8.0_Beta1,28.0
137-0027,Dhaka,2024-07-30 09_03_31,0.0031012326045516,32.45707716665446,1.4488883707853135,0.9740860345974376,rc8.8.0_Beta1,28.0
137-0027,Dhaka,2024-07-30 09_03_31,0.0031012326045516,32.45707716665446,1.4488883707853135,0.9740860345974376,rc8.8.0_Beta1,28.0
137-0027,Dhaka,2024-07-30 09_03_31,0.0031012326045516,32.45707716665446,1.4488883707853135,0.9740860345974376,rc8.8.0_Beta1,28.0
137-0027,Dhaka,2024-07-30 09_03_31,0.0031012326045516,32.45707716665446,1.4488883707853135,0.9740860345974376,rc8.8.0_Beta1,28.0
137-0027,Dhaka,2024-07-30 09_03_31,0.0031012326045516,32.45707716665446,1.4488883707853135,0.9740860345974376,rc8.8.0_Beta1,28.0
137-0027,Dhaka,2024-07-31 09_19_03,0.003165029150233,32.19890784886179,1.4469829402367016,0.9753231048228276,rc8.8.0_Beta1,28.0
137-0027,Dhaka,2024-07-31 09_19_03,0.003165029150233,32.19890784886179,1.4469829402367016,0.9753231048228276,rc8.8.0_Beta1,28.0
137-0027,Dhaka,2024-07-31 09_19_03,0.003165029150233,32.19890784886179,1.4469829402367016,0.9753231048228276,rc8.8.0_Beta1,28.0
137-0027,Dhaka,2024-07-31 09_19_03,0.003165029150233,32.19890784886179,1.4469829402367016,0.9753231048228276,rc8.8.0_Beta1,28.0
137-0027,Dhaka,2024-07-31 09_19_03,0.003165029150233,32.19890784886179,1.4469829402367016,0.9753231048228276,rc8.8.0_Beta1,28.0
137-0027,Dhaka,2024-08-07 08_46_09,0.0025975487472375,34.096123903526745,1.47510519478432,0.9790857962104758,rc8.8.0_Beta1,28.0
137-0027,Dhaka,2024-08-07 08_46_09,0.0025975487472375,34.096123903526745,1.47510519478432,0.9790857962104758,rc8.8.0_Beta1,28.0
137-0027,Dhaka,2024-08-07 08_46_09,0.0025975487472375,34.096123903526745,1.47510519478432,0.9790857962104758,rc8.8.0_Beta1,28.0
137-0027,Dhaka,2024-08-07 08_46_09,0.0025975487472375,34.096123903526745,1.47510519478432,0.9790857962104758,rc8.8.0_Beta1,28.0
137-0027,Dhaka,2024-08-07 08_46_09,0.0025975487472375,34.096123903526745,1.47510519478432,0.9790857962104758,rc8.8.0_Beta1,28.0
137-0027,Dhaka,2024-08-08 08_47_51,0.0030721171858756,32.790039040306894,1.4550602098142202,0.9751487636314704,rc8.8.0_Beta1,28.0
137-0027,Dhaka,2024-08-08 08_47_51,0.0030721171858756,32.790039040306894,1.4550602098142202,0.9751487636314704,rc8.8.0_Beta1,28.0
137-0027,Dhaka,2024-08-08 08_47_51,0.0030721171858756,32.790039040306894,1.4550602098142202,0.9751487636314704,rc8.8.0_Beta1,28.0
137-0027,Dhaka,2024-08-08 08_47_51,0.0030721171858756,32.790039040306894,1.4550602098142202,0.9751487636314704,rc8.8.0_Beta1,28.0
137-0027,Dhaka,2024-08-08 08_47_51,0.0030721171858756,32.790039040306894,1.4550602098142202,0.9751487636314704,rc8.8.0_Beta1,28.0
137-0027,Dhaka,2024-08-12 08_45_56,0.0027314060759136,33.65725830415403,1.467745060173601,0.9777409517239374,rc8.8.0_Beta1,28.0
137-0027,Dhaka,2024-08-12 08_45_56,0.0027314060759136,33.65725830415403,1.467745060173601,0.9777409517239374,rc8.8.0_Beta1,28.0
137-0027,Dhaka,2024-08-12 08_45_56,0.0027314060759136,33.65725830415403,1.467745060173601,0.9777409517239374,rc8.8.0_Beta1,28.0
137-0027,Dhaka,2024-08-12 08_45_56,0.0027314060759136,33.65725830415403,1.467745060173601,0.9777409517239374,rc8.8.0_Beta1,28.0
137-0027,Dhaka,2024-08-12 08_45_56,0.0027314060759136,33.65725830415403,1.467745060173601,0.9777409517239374,rc8.8.0_Beta1,28.0
137-0027,Dhaka,2024-08-01 09_14_00,0.0026948008706385,33.550760350500106,1.4663835311753894,0.97754897449447,rc8.8.0_Beta1,28.0
137-0027,Dhaka,2024-08-01 09_14_00,0.0026948008706385,33.550760350500106,1.4663835311753894,0.97754897449447,rc8.8.0_Beta1,28.0
137-0027,Dhaka,2024-08-01 09_14_00,0.0026948008706385,33.550760350500106,1.4663835311753894,0.97754897449447,rc8.8.0_Beta1,28.0
137-0027,Dhaka,2024-08-01 09_14_00,0.0026948008706385,33.550760350500106,1.4663835311753894,0.97754897449447,rc8.8.0_Beta1,28.0
137-0027,Dhaka,2024-08-01 09_14_00,0.0026948008706385,33.550760350500106,1.4663835311753894,0.97754897449447,rc8.8.0_Beta1,28.0
137-0027,Dhaka,2024-08-13 08_44_46,0.0028589714731038,33.406208032760674,1.4665794157206644,0.977583238618594,rc8.8.0_Beta1,28.0
137-0027,Dhaka,2024-08-13 08_44_46,0.0028589714731038,33.406208032760674,1.4665794157206644,0.977583238618594,rc8.8.0_Beta1,28.0
137-0027,Dhaka,2024-08-13 08_44_46,0.0028589714731038,33.406208032760674,1.4665794157206644,0.977583238618594,rc8.8.0_Beta1,28.0
137-0027,Dhaka,2024-08-13 08_44_46,0.0028589714731038,33.406208032760674,1.4665794157206644,0.977583238618594,rc8.8.0_Beta1,28.0
137-0027,Dhaka,2024-08-13 08_44_46,0.0028589714731038,33.406208032760674,1.4665794157206644,0.977583238618594,rc8.8.0_Beta1,28.0
137-0027,Dhaka,2024-08-15 09_26_34,0.0028352790712707,33.634719377210075,1.4663865843097583,0.9766678206280136,rc8.8.0_Beta1,28.0
137-0027,Dhaka,2024-08-15 09_26_34,0.0028352790712707,33.634719377210075,1.4663865843097583,0.9766678206280136,rc8.8.0_Beta1,28.0
137-0027,Dhaka,2024-08-15 09_26_34,0.0028352790712707,33.634719377210075,1.4663865843097583,0.9766678206280136,rc8.8.0_Beta1,28.0
137-0027,Dhaka,2024-08-15 09_26_34,0.0028352790712707,33.634719377210075,1.4663865843097583,0.9766678206280136,rc8.8.0_Beta1,28.0
137-0027,Dhaka,2024-08-15 09_26_34,0.0028352790712707,33.634719377210075,1.4663865843097583,0.9766678206280136,rc8.8.0_Beta1,28.0
137-0027,Dhaka,2024-08-19 08_57_54,0.0029661353740848,33.56331259894471,1.4640502814364071,0.9747995439701336,rc8.8.0_Beta1,28.0
137-0027,Dhaka,2024-08-19 08_57_54,0.0029661353740848,33.56331259894471,1.4640502814364071,0.9747995439701336,rc8.8.0_Beta1,28.0
137-0027,Dhaka,2024-08-19 08_57_54,0.0029661353740848,33.56331259894471,1.4640502814364071,0.9747995439701336,rc8.8.0_Beta1,28.0
137-0027,Dhaka,2024-08-19 08_57_54,0.0029661353740848,33.56331259894471,1.4640502814364071,0.9747995439701336,rc8.8.0_Beta1,28.0
137-0027,Dhaka,2024-08-19 08_57_54,0.0029661353740848,33.56331259894471,1.4640502814364071,0.9747995439701336,rc8.8.0_Beta1,28.0
137-0027,Dhaka,2024-08-27 09_08_51,0.0028994322484392,33.66857454162845,1.467137503803532,0.9757378568070978,rc8.8.0_Beta1,28.0
137-0027,Dhaka,2024-08-27 09_08_51,0.0028994322484392,33.66857454162845,1.467137503803532,0.9757378568070978,rc8.8.0_Beta1,28.0
137-0027,Dhaka,2024-08-27 09_08_51,0.0028994322484392,33.66857454162845,1.467137503803532,0.9757378568070978,rc8.8.0_Beta1,28.0
137-0027,Dhaka,2024-08-27 09_08_51,0.0028994322484392,33.66857454162845,1.467137503803532,0.9757378568070978,rc8.8.0_Beta1,28.0
137-0027,Dhaka,2024-08-27 09_08_51,0.0028994322484392,33.66857454162845,1.467137503803532,0.9757378568070978,rc8.8.0_Beta1,28.0
137-0027,Dhaka,2025-03-12 09_13_19,0.0029125313561235,33.1429207960415,1.4595412926860034,0.9767139757189084,8.8.0,28.0
137-0027,Dhaka,2025-03-12 09_13_19,0.0029125313561235,33.1429207960415,1.4595412926860034,0.9767139757189084,8.8.0,28.0
137-0027,Dhaka,2025-03-10 12_17_15,0.0026357662370171,34.10697244167953,1.4749607948733123,0.9799164698056934,8.8.0,28.0
137-0027,Dhaka,2025-03-10 12_17_15,0.0026357662370171,34.10697244167953,1.4749607948733123,0.9799164698056934,8.8.0,28.0
137-0027,Dhaka,2025-02-22 10_36_47,0.0023484117062764,34.38202392355955,1.4817562865111895,0.9823080984025137,8.8.0,28.0
137-0027,Dhaka,2025-02-22 10_36_47,0.0023484117062764,34.38202392355955,1.4817562865111895,0.9823080984025137,8.8.0,28.0
137-0027,Dhaka,2025-02-23 09_57_31,0.002635110079039,33.905999814304,1.470898637382386,0.9788035025451624,8.8.0,28.0
137-0027,Dhaka,2025-02-23 09_57_31,0.002635110079039,33.905999814304,1.470898637382386,0.9788035025451624,8.8.0,28.0
137-0027,Dhaka,2025-02-26 10_04_04,0.0027861990667302,33.46690190007313,1.4639362216396112,0.977453361823059,8.8.0,28.0
137-0027,Dhaka,2025-02-26 10_04_04,0.0027861990667302,33.46690190007313,1.4639362216396112,0.977453361823059,8.8.0,28.0
137-0027,Dhaka,2025-03-02 09_36_17,0.0029368317702094,32.921619983988776,1.456735332686725,0.9755252499689604,8.8.0,28.0
137-0027,Dhaka,2025-03-02 09_36_17,0.0029368317702094,32.921619983988776,1.456735332686725,0.9755252499689604,8.8.0,28.0
137-0027,Dhaka,2025-03-05 09_03_37,0.0028259926387564,33.335068263163045,1.4623215842407566,0.9776358258827994,8.8.0,28.0
137-0027,Dhaka,2025-03-05 09_03_37,0.0028259926387564,33.335068263163045,1.4623215842407566,0.9776358258827994,8.8.0,28.0
137-0027,Dhaka,2025-03-06 08_56_40,0.0025456595750028,34.050721537025275,1.4752701202570428,0.98088999890345,8.8.0,28.0
137-0027,Dhaka,2025-03-06 08_56_40,0.0025456595750028,34.050721537025275,1.4752701202570428,0.98088999890345,8.8.0,28.0
137-0027,Dhaka,2025-03-08 10_26_12,0.0023192317216661,34.85209156593989,1.488195486549831,0.9830966870030836,8.8.0,28.0
137-0027,Dhaka,2025-03-08 10_26_12,0.0023192317216661,34.85209156593989,1.488195486549831,0.9830966870030836,8.8.0,28.0
137-0027,Dhaka,2025-03-09 09_06_14,0.0028743384894942,33.736865135838535,1.466920636731294,0.9774256836869548,8.8.0,28.0
137-0027,Dhaka,2025-03-09 09_06_14,0.0028743384894942,33.736865135838535,1.466920636731294,0.9774256836869548,8.8.0,28.0
137-0027,Dhaka,2025-03-15 09_55_28,0.0023559204789698,33.922492772668804,1.4765914641786124,0.982160994290506,8.8.0,28.0
137-0027,Dhaka,2025-03-15 09_55_28,0.0023559204789698,33.922492772668804,1.4765914641786124,0.982160994290506,8.8.0,28.0
137-0027,Dhaka,2025-02-19 08_49_32,0.0028955250367848,33.78215261560476,1.4677608746403372,0.9760400037191408,8.8.0,28.0
137-0027,Dhaka,2025-02-19 08_49_32,0.0028955250367848,33.78215261560476,1.4677608746403372,0.9760400037191408,8.8.0,28.0
137-0027,Dhaka,2025-02-09 09_54_22,0.0027326779327162,34.12098925376425,1.4727511602194403,0.9777861919093808,8.8.0,28.0
137-0027,Dhaka,2025-02-09 09_54_22,0.0027326779327162,34.12098925376425,1.4727511602194403,0.9777861919093808,8.8.0,28.0
137-0027,Dhaka,2025-02-05 09_56_32,0.0028365117196818,33.252882792553336,1.4608837839087014,0.9770044115341056,8.8.0,28.0
137-0027,Dhaka,2025-02-05 09_56_32,0.0028365117196818,33.252882792553336,1.4608837839087014,0.9770044115341056,8.8.0,28.0
137-0027,Dhaka,2025-02-12 10_42_32,0.0025410410196906,34.21973979715244,1.4774490232999322,0.9807857547746156,8.8.0,28.0
137-0027,Dhaka,2025-02-12 10_42_32,0.0025410410196906,34.21973979715244,1.4774490232999322,0.9807857547746156,8.8.0,28.0
137-0027,Dhaka,2025-02-16 09_44_55,0.0030742211114406,33.72802210714663,1.4640950499738792,0.9750926899126228,8.8.0,28.0
137-0027,Dhaka,2025-02-16 09_44_55,0.0030742211114406,33.72802210714663,1.4640950499738792,0.9750926899126228,8.8.0,28.0
137-0027,Dhaka,2025-03-17 10_41_21,0.0024853354689258,34.06007966754111,1.4754605644065646,0.9810996869606308,8.8.0,28.0
137-0027,Dhaka,2025-03-17 10_41_21,0.0024853354689258,34.06007966754111,1.4754605644065646,0.9810996869606308,8.8.0,28.0
137-0027,Dhaka,2025-03-20 08_58_33,0.0022851463884034,34.2131440176147,1.481048652132699,0.9826217884412948,8.8.0,28.0
137-0027,Dhaka,2025-03-20 08_58_33,0.0022851463884034,34.2131440176147,1.481048652132699,0.9826217884412948,8.8.0,28.0
137-0027,Dhaka,2025-03-19 09_21_30,0.0035281363647769,32.150508342753746,1.4431498623545125,0.969208183786296,8.8.0,28.0
137-0027,Dhaka,2025-03-19 09_21_30,0.0035281363647769,32.150508342753746,1.4431498623545125,0.969208183786296,8.8.0,28.0
137-0027,Dhaka,2025-04-07 09_46_17,0.0023593499501757,34.405035375697686,1.4818088009182355,0.9816770716507618,8.8.0,28.0
137-0027,Dhaka,2025-04-07 09_46_17,0.0023593499501757,34.405035375697686,1.4818088009182355,0.9816770716507618,8.8.0,28.0
137-0027,Dhaka,2025-04-09 09_35_57,0.0041433394209255,31.127128554315306,1.429355154475652,0.9615874529844382,8.8.0,28.0
137-0027,Dhaka,2025-04-09 09_35_57,0.0041433394209255,31.127128554315306,1.429355154475652,0.9615874529844382,8.8.0,28.0
137-0027,Dhaka,2025-04-12 10_58_13,0.0610880162773338,20.292497004163465,1.3416283301038912,0.8134292946602215,8.8.0,28.0
137-0027,Dhaka,2025-04-12 10_58_13,0.0610880162773338,20.292497004163465,1.3416283301038912,0.8134292946602215,8.8.0,28.0
137-0027,Dhaka,2025-05-03 10_29_44,0.0029417101917601,33.62212657897237,1.480342559374214,0.9804196554356596,8.8.0,28.0
137-0027,Dhaka,2025-05-03 10_29_44,0.0029417101917601,33.62212657897237,1.480342559374214,0.9804196554356596,8.8.0,28.0
137-0027,Dhaka,2025-05-15 14_12_55,0.0023184442026721,34.201448254345074,1.4817438034123265,0.9829405366543172,8.8.0,29.0
137-0027,Dhaka,2025-05-15 14_12_55,0.0023184442026721,34.201448254345074,1.4817438034123265,0.9829405366543172,8.8.0,29.0
137-0027,Dhaka,2025-05-18 10_20_13,0.00423382727951,31.340464512334005,1.4330101985365076,0.9635663959195928,8.8.0,29.0
137-0027,Dhaka,2025-05-18 10_20_13,0.00423382727951,31.340464512334005,1.4330101985365076,0.9635663959195928,8.8.0,29.0
137-0027,Dhaka,2025-05-19 09_45_54,0.0026949801073451,33.70987722097128,1.4775048367323422,0.9796357646938,8.8.0,29.0
137-0027,Dhaka,2025-05-19 09_45_54,0.0026949801073451,33.70987722097128,1.4775048367323422,0.9796357646938,8.8.0,29.0
137-0027,Dhaka,2025-05-21 10_07_42,0.0029686335671274,33.18271080906615,1.4615221248669603,0.9768232510157135,8.8.0,29.0
137-0027,Dhaka,2025-05-21 10_07_42,0.0029686335671274,33.18271080906615,1.4615221248669603,0.9768232510157135,8.8.0,29.0
137-0027,Dhaka,2025-05-24 08_42_04,0.0028418260758608,33.74206881020185,1.4810019010127085,0.9802523512628252,8.8.0,29.0
137-0027,Dhaka,2025-05-24 08_42_04,0.0028418260758608,33.74206881020185,1.4810019010127085,0.9802523512628252,8.8.0,29.0
137-0027,Dhaka,2025-06-03 10_11_32,0.0023739591383613,34.19442092193901,1.478034960502158,0.9815015095430122,8.8.0,29.0
137-0027,Dhaka,2025-05-25 09_23_59,0.0025903973529576,33.9050570390033,1.471700690825915,0.9788726025357548,8.8.0,29.0
137-0027,Dhaka,2025-06-25 09_16_17,0.002229361561418,34.07682299328649,1.4784692659377394,0.9829285474843038,8.8.0,29.0
137-0027,Dhaka,2025-07-18 10_51_28,0.0022055772405164,34.20435305175327,1.4810826178146632,0.9839397012317312,8.8.0,29.0
137-0027,Dhaka,2025-08-02 13_55_26,0.0022622239095782,34.2617135479767,1.4808212252198134,0.9834712612446336,8.8.0,29.0
137-0027,Dhaka,2025-08-02 13_55_26,0.0022622239095782,34.2617135479767,1.4808212252198134,0.9834712612446336,8.8.0,29.0
137-0027,Dhaka,2025-07-28 10_51_56,0.0023892169599531,33.7848467134189,1.4729833182303047,0.9820124601666448,8.8.0,29.0
137-0027,Dhaka,2025-09-01 10_36_32,0.0024250214948852,34.45538511414974,1.4802471799524597,0.981149657201298,8.8.0,29.0
137-0027,Dhaka,2025-09-01 10_36_32,0.0024250214948852,34.45538511414974,1.4802471799524597,0.981149657201298,8.8.0,29.0
137-0027,Dhaka,2025-09-03 09_17_41,0.0026775809290563,34.04143557537013,1.4717851904803732,0.9781550772093456,8.8.0,29.0
137-0027,Dhaka,2025-09-03 09_17_41,0.0026775809290563,34.04143557537013,1.4717851904803732,0.9781550772093456,8.8.0,29.0
137-0027,Dhaka,2025-09-04 09_59_54,0.0026846233005738,33.90934773763236,1.4697206333594297,0.9783172746930568,8.8.0,29.0
137-0027,Dhaka,2025-09-04 09_59_54,0.0026846233005738,33.90934773763236,1.4697206333594297,0.9783172746930568,8.8.0,29.0
137-0027,Dhaka,2025-09-07 09_24_41,0.0025533256013322,33.840605247101585,1.470974885346522,0.9795240254882108,8.8.0,29.0
137-0027,Dhaka,2025-09-07 09_24_41,0.0025533256013322,33.840605247101585,1.470974885346522,0.9795240254882108,8.8.0,29.0
137-0027,Dhaka,2025-09-10 09_07_30,0.0029056777603137,33.63194988358722,1.4656561635924936,0.9755731305296372,8.8.0,29.0
137-0027,Dhaka,2025-09-10 09_07_30,0.0029056777603137,33.63194988358722,1.4656561635924936,0.9755731305296372,8.8.0,29.0
137-0027,Dhaka,2025-09-11 09_06_19,0.0033803230157755,32.345766548958736,1.4455219290092305,0.9703053264606304,8.8.0,29.0
137-0027,Dhaka,2025-09-11 09_06_19,0.0033803230157755,32.345766548958736,1.4455219290092305,0.9703053264606304,8.8.0,29.0
137-0027,Dhaka,2025-09-14 09_06_38,0.0039761336932696,31.22993292299832,1.4294992280825003,0.9654387055755652,8.8.0,29.0
137-0027,Dhaka,2025-09-14 09_06_38,0.0039761336932696,31.22993292299832,1.4294992280825003,0.9654387055755652,8.8.0,29.0
137-0027,Dhaka,2025-09-17 09_19_12,0.0027727663791693,33.80472732940726,1.4680267273078058,0.9776608363018338,8.8.0,29.0
137-0027,Dhaka,2025-09-17 09_19_12,0.0027727663791693,33.80472732940726,1.4680267273078058,0.9776608363018338,8.8.0,29.0
137-0027,Dhaka,2025-09-18 09_42_11,0.0026925571512997,33.86732926371991,1.469621913127287,0.9781393218397916,8.8.0,29.0
137-0027,Dhaka,2025-09-18 09_42_11,0.0026925571512997,33.86732926371991,1.469621913127287,0.9781393218397916,8.8.0,29.0
137-0027,Dhaka,2025-09-21 08_52_04,0.0027209496734809,33.65296735140216,1.4665849316984745,0.9782670556495008,8.8.0,29.0
137-0027,Dhaka,2025-09-24 08_34_44,0.0027016382023147,33.99473729427361,1.4711391436381236,0.9777915084701484,8.8.0,29.0
137-0027,Dhaka,2025-09-28 09_11_09,0.0044338558098073,30.710432053660924,1.4201223349500578,0.9602814484611344,8.8.0,29.0
137-0027,Dhaka,2025-09-29 09_41_00,0.0027590337737744,33.405100932388294,1.4631852851922298,0.9779067040786484,8.8.0,29.0
137-0027,Dhaka,2025-10-05 08_46_30,0.0034741535078918,32.71916279564246,1.4486444340087568,0.9693044480278264,8.8.0,29.0
137-0027,Dhaka,2025-10-08 09_36_14,0.004021567716606,31.582364933812244,1.43255397393394,0.9626241280068152,8.8.0,29.0
137-0027,Dhaka,2025-10-09 09_22_13,0.003263790546575,32.59738943174461,1.4495295799728922,0.9716489258518648,8.8.0,29.0
137-0029,Karachi (AKH Field Site),2024-02-09 10_24_54,0.002708484853198,33.628232572296135,1.470777576382584,0.9830362297043412,rc8.7.0_Beta1,
137-0029,Karachi (AKH Field Site),2024-02-09 10_24_54,0.0027088507983978,33.62764583375372,1.470769848113256,0.9830340259345446,rc8.7.0_Beta1,
137-0029,Karachi (AKH Field Site),2024-02-09 10_24_54,0.0027088507983978,33.62764583375372,1.470769848113256,0.9830340259345446,rc8.7.0_Beta1,
137-0029,Karachi (AKH Field Site),2024-02-12 10_48_20,0.0025985263706557,33.67996499289277,1.4727135073891664,0.9832913856754016,rc8.7.0_Beta1,
137-0029,Karachi (AKH Field Site),2024-02-12 10_48_20,0.0025977732210159,33.681223922364055,1.472721091922957,0.9832996642611344,rc8.7.0_Beta1,
137-0029,Karachi (AKH Field Site),2024-02-12 10_48_20,0.0025977732210159,33.681223922364055,1.472721091922957,0.9832996642611344,rc8.7.0_Beta1,
137-0029,Karachi (AKH Field Site),2024-02-13 10_12_06,0.0025323334063922,33.39911669835723,1.4683085341295783,0.9836069422815354,rc8.7.0_Beta1,
137-0029,Karachi (AKH Field Site),2024-02-13 10_12_06,0.0025328022997525,33.39831262197567,1.468287462050796,0.983605394257274,rc8.7.0_Beta1,
137-0029,Karachi (AKH Field Site),2024-02-13 10_12_06,0.0025328022997525,33.39831262197567,1.468287462050796,0.983605394257274,rc8.7.0_Beta1,
137-0029,Karachi (AKH Field Site),2024-02-14 10_17_45,0.002792236508259,33.20729101728166,1.465344319178944,0.9824535070641756,rc8.7.0_Beta1,
137-0029,Karachi (AKH Field Site),2024-02-14 10_17_45,0.0027921415118048,33.207438773883084,1.4653563404362673,0.9824549715007324,rc8.7.0_Beta1,
137-0029,Karachi (AKH Field Site),2024-02-14 10_17_45,0.0027921415118048,33.207438773883084,1.4653563404362673,0.9824549715007324,rc8.7.0_Beta1,
137-0029,Karachi (AKH Field Site),2024-02-15 10_14_06,0.0025719274260184,33.827161975490164,1.4715322606697785,0.9840045977649516,8.7.0,
137-0029,Karachi (AKH Field Site),2024-02-15 10_14_06,0.0025715418846535,33.82781304766556,1.4715461085689148,0.9840065311511974,8.7.0,
137-0029,Karachi (AKH Field Site),2024-02-15 10_14_06,0.0025715418846535,33.82781304766556,1.4715461085689148,0.9840065311511974,8.7.0,
137-0029,Karachi (AKH Field Site),2024-02-16 10_14_41,0.0025665867370741,34.247566525340375,1.4765487077077113,0.9842466797817224,8.7.0,
137-0029,Karachi (AKH Field Site),2024-02-16 10_14_41,0.0025666049724283,34.247535669240825,1.4765519113322554,0.9842463515059822,8.7.0,
137-0029,Karachi (AKH Field Site),2024-02-16 10_14_41,0.0025666049724283,34.247535669240825,1.4765519113322554,0.9842463515059822,8.7.0,
137-0029,Karachi (AKH Field Site),2024-02-19 10_15_08,0.0026802873668996,33.52456503415646,1.4669392431215258,0.983392320954702,8.7.0,
137-0029,Karachi (AKH Field Site),2024-02-19 10_15_08,0.0026804254869169,33.524341240183475,1.466936374482671,0.9833918152260052,8.7.0,
137-0029,Karachi (AKH Field Site),2024-02-19 10_15_08,0.0026804254869169,33.524341240183475,1.466936374482671,0.9833918152260052,8.7.0,
137-0029,Karachi (AKH Field Site),2024-02-20 10_25_11,0.0026903262834143,33.48275053456315,1.4666091581853535,0.983234042005926,8.7.0,
137-0029,Karachi (AKH Field Site),2024-02-20 10_25_11,0.0026903904941846,33.48264688152082,1.4665995712214357,0.9832341593916324,8.7.0,
137-0029,Karachi (AKH Field Site),2024-02-20 10_25_11,0.0026903904941846,33.48264688152082,1.4665995712214357,0.9832341593916324,8.7.0,
137-0029,Karachi (AKH Field Site),2024-02-21 10_11_05,0.0027718548235098,33.25174511605473,1.4632324896398723,0.9826930113027632,8.7.0,
137-0029,Karachi (AKH Field Site),2024-02-21 10_11_05,0.0027720019160768,33.251514657393344,1.4632275228303715,0.982692690383994,8.7.0,
137-0029,Karachi (AKH Field Site),2024-02-21 10_11_05,0.0027720019160768,33.251514657393344,1.4632275228303715,0.982692690383994,8.7.0,
137-0029,Karachi (AKH Field Site),2024-02-22 10_08_50,0.0025077751179998,33.52144992435146,1.4681936147729036,0.984415545715662,8.7.0,
137-0029,Karachi (AKH Field Site),2024-02-22 10_08_50,0.0025081433163217,33.52081232825887,1.468179538293367,0.9844150398318012,8.7.0,
137-0029,Karachi (AKH Field Site),2024-02-22 10_08_50,0.0025081433163217,33.52081232825887,1.468179538293367,0.9844150398318012,8.7.0,
137-0029,Karachi (AKH Field Site),2024-02-23 13_43_05,0.0025664279680514,33.343333830370455,1.4660830770685565,0.9838951669780338,8.7.0,
137-0029,Karachi (AKH Field Site),2024-02-23 13_43_05,0.002566347628417,33.34346978433625,1.46608792749022,0.9838966496631308,8.7.0,
137-0029,Karachi (AKH Field Site),2024-02-23 13_43_05,0.002566347628417,33.34346978433625,1.46608792749022,0.9838966496631308,8.7.0,
137-0029,Karachi (AKH Field Site),2024-02-24 12_12_23,0.002683194065375,33.45745864615839,1.4659342380710236,0.983856458411016,8.7.0,
137-0029,Karachi (AKH Field Site),2024-02-24 12_12_23,0.0026831175578128,33.45758248097984,1.4659517598910716,0.9838565125763334,8.7.0,
137-0029,Karachi (AKH Field Site),2024-02-24 12_12_23,0.0026831175578128,33.45758248097984,1.4659517598910716,0.9838565125763334,8.7.0,
137-0029,Karachi (AKH Field Site),2024-02-29 10_25_06,0.0027634038424479,34.13998002150045,1.4730061477953178,0.9828674184948104,8.7.0,
137-0029,Karachi (AKH Field Site),2024-02-29 10_25_06,0.0027635349732661,34.13977394217647,1.4729873888841494,0.982864425426919,8.7.0,
137-0029,Karachi (AKH Field Site),2024-02-29 10_25_06,0.0027635349732661,34.13977394217647,1.4729873888841494,0.982864425426919,8.7.0,
137-0029,Karachi (AKH Field Site),2024-03-11 10_25_55,0.0026521358428084,33.84906012037328,1.4706448109905774,0.9834924310778758,8.7.0,
137-0029,Karachi (AKH Field Site),2024-03-11 10_25_55,0.0026520397951011,33.849217403963145,1.4706447732230474,0.9834936570887988,8.7.0,
137-0029,Karachi (AKH Field Site),2024-03-11 10_25_55,0.0026520397951011,33.849217403963145,1.4706447732230474,0.9834936570887988,8.7.0,
137-0029,Karachi (AKH Field Site),2024-03-12 10_44_39,0.0025292180214518,33.83020870483071,1.471563584302903,0.9841416801862436,8.7.0,
137-0029,Karachi (AKH Field Site),2024-03-12 10_44_39,0.0025286716794987,33.83114693524057,1.4715609948578794,0.9841435213295324,8.7.0,
137-0029,Karachi (AKH Field Site),2024-03-12 10_44_39,0.0025286716794987,33.83114693524057,1.4715609948578794,0.9841435213295324,8.7.0,
137-0029,Karachi (AKH Field Site),2024-03-13 10_39_39,0.0025916072299338,33.353977475244534,1.4660102489024744,0.983489577233984,8.7.0,
137-0029,Karachi (AKH Field Site),2024-03-13 10_39_39,0.0025918247758566,33.353612933011604,1.4660044508619057,0.9834872802895124,8.7.0,
137-0029,Karachi (AKH Field Site),2024-03-13 10_39_39,0.0025918247758566,33.353612933011604,1.4660044508619057,0.9834872802895124,8.7.0,
137-0029,Karachi (AKH Field Site),2024-03-14 10_39_05,0.0026778098599877,33.580778408052986,1.4678835969203496,0.9830772794221836,8.7.0,24.0
137-0029,Karachi (AKH Field Site),2024-03-14 10_39_05,0.0026778810207589,33.580662999113365,1.4678748010280722,0.9830771516409152,8.7.0,24.0
137-0029,Karachi (AKH Field Site),2024-03-14 10_39_05,0.0026778810207589,33.580662999113365,1.4678748010280722,0.9830771516409152,8.7.0,24.0
137-0029,Karachi (AKH Field Site),2024-03-15 10_41_54,0.0025633628976315,33.59153789835294,1.4690969672359735,0.983980934585902,8.7.0,28.0
137-0029,Karachi (AKH Field Site),2024-03-15 10_41_54,0.0025637370741752,33.59090400079153,1.469104888103396,0.9839775950446824,8.7.0,28.0
137-0029,Karachi (AKH Field Site),2024-03-15 10_41_54,0.0025637370741752,33.59090400079153,1.469104888103396,0.9839775950446824,8.7.0,28.0
137-0029,Karachi (AKH Field Site),2024-03-18 11_02_47,0.0026777930961549,32.93848335028736,1.4594928475284272,0.9826168504244286,8.7.0,
137-0029,Karachi (AKH Field Site),2024-03-18 11_02_47,0.0026777459340327,32.93855984025152,1.4594810181810631,0.9826182531363236,8.7.0,
137-0029,Karachi (AKH Field Site),2024-03-18 11_02_47,0.0026777459340327,32.93855984025152,1.4594810181810631,0.9826182531363236,8.7.0,
137-0029,Karachi (AKH Field Site),2024-03-20 10_37_47,0.0025451059466986,33.54539356504892,1.467446691370695,0.9838141216410844,8.7.0,31.0
137-0029,Karachi (AKH Field Site),2024-03-20 10_37_47,0.0025451934425391,33.54524426553685,1.4674474849182295,0.983813771924562,8.7.0,31.0
137-0029,Karachi (AKH Field Site),2024-03-20 10_37_47,0.0025451934425391,33.54524426553685,1.4674474849182295,0.983813771924562,8.7.0,31.0
137-0029,Karachi (AKH Field Site),2024-03-21 11_11_45,0.0027787609030988,32.5172435442842,1.454717783932464,0.9819141850947922,8.7.0,
137-0029,Karachi (AKH Field Site),2024-03-21 11_11_45,0.0027786781290436,32.517372914359946,1.4546988042108846,0.981915535990065,8.7.0,
137-0029,Karachi (AKH Field Site),2024-03-21 11_11_45,0.0027786781290436,32.517372914359946,1.4546988042108846,0.981915535990065,8.7.0,
137-0029,Karachi (AKH Field Site),2024-03-22 10_32_34,0.0025876937522721,33.42415338662823,1.4661621385260644,0.9834186912351855,8.7.0,
137-0029,Karachi (AKH Field Site),2024-03-22 10_32_34,0.002587403934891,33.424639816439345,1.4661827346275056,0.9834167363535978,8.7.0,
137-0029,Karachi (AKH Field Site),2024-03-22 10_32_34,0.002587403934891,33.424639816439345,1.4661827346275056,0.9834167363535978,8.7.0,
137-0029,Karachi (AKH Field Site),2024-03-26 10_29_18,0.0027131638382843,32.795906985542274,1.458795841677557,0.9820500928253648,8.7.0,32.0
137-0029,Karachi (AKH Field Site),2024-03-26 10_29_18,0.002713293193475,32.79569993241282,1.458808599069446,0.982048950800061,8.7.0,32.0
137-0029,Karachi (AKH Field Site),2024-03-26 10_29_18,0.002713293193475,32.79569993241282,1.458808599069446,0.982048950800061,8.7.0,32.0
137-0029,Karachi (AKH Field Site),2024-03-28 11_50_23,0.0026612535940206,32.99097100445447,1.4614118870093622,0.9823230838897724,8.7.0,32.0
137-0029,Karachi (AKH Field Site),2024-03-28 11_50_23,0.0026608792604338,32.99158192874309,1.4614301258394786,0.9823252957618815,8.7.0,32.0
137-0029,Karachi (AKH Field Site),2024-03-28 11_50_23,0.0026608792604338,32.99158192874309,1.4614301258394786,0.9823252957618815,8.7.0,32.0
137-0029,Karachi (AKH Field Site),2024-04-01 10_18_25,0.0026047796358848,33.17172764906778,1.4627185981879511,0.9831637769864916,8.7.0,30.0
137-0029,Karachi (AKH Field Site),2024-04-01 10_18_25,0.002604485412523,33.17221823490441,1.462727795296382,0.9831612498512003,8.7.0,30.0
137-0029,Karachi (AKH Field Site),2024-04-01 10_18_25,0.002604485412523,33.17221823490441,1.462727795296382,0.9831612498512003,8.7.0,30.0
137-0029,Karachi (AKH Field Site),2024-04-05 10_31_41,0.0024307412461323,34.92253802493771,1.4866850119607748,0.9847688373107792,8.7.0,
137-0029,Karachi (AKH Field Site),2024-04-05 10_31_41,0.0024305298693034,34.922915703072746,1.4866812168294028,0.9847688436678128,8.7.0,
137-0029,Karachi (AKH Field Site),2024-04-05 10_31_41,0.0024305298693034,34.922915703072746,1.4866812168294028,0.9847688436678128,8.7.0,
137-0029,Karachi (AKH Field Site),2024-04-15 10_17_49,0.002583110698957,33.13089243445611,1.4629843542390577,0.9835868588537362,8.7.0,32.0
137-0029,Karachi (AKH Field Site),2024-04-15 10_17_49,0.0025827512665635,33.1314967847326,1.4629910095103429,0.9835882970812272,8.7.0,32.0
137-0029,Karachi (AKH Field Site),2024-04-15 10_17_49,0.0025827512665635,33.1314967847326,1.4629910095103429,0.9835882970812272,8.7.0,32.0
137-0029,Karachi (AKH Field Site),2024-04-18 10_17_07,0.0025791432718119,32.65873007323735,1.4572765534664085,0.9833577623810268,8.7.0,
137-0029,Karachi (AKH Field Site),2024-04-18 10_17_07,0.0025790445432411,32.65889632260651,1.4572921420034337,0.9833568863535584,8.7.0,
137-0029,Karachi (AKH Field Site),2024-04-18 10_17_07,0.0025790445432411,32.65889632260651,1.4572921420034337,0.9833568863535584,8.7.0,
137-0029,Karachi (AKH Field Site),2024-04-19 10_16_32,0.0026391107294968,33.19241924749449,1.4626674971904314,0.983229299888056,8.7.0,
137-0029,Karachi (AKH Field Site),2024-04-19 10_16_32,0.0026385575003176,33.19332974194077,1.4626805244750842,0.9832297628279736,8.7.0,
137-0029,Karachi (AKH Field Site),2024-04-19 10_16_32,0.0026385575003176,33.19332974194077,1.4626805244750842,0.9832297628279736,8.7.0,
137-0029,Karachi (AKH Field Site),2024-04-22 10_52_48,0.0025069050019189,32.998447163285306,1.4613064057693592,0.9840366970627922,8.7.0,
137-0029,Karachi (AKH Field Site),2024-04-22 10_52_48,0.0025074128828653,32.99756740297373,1.4612760431201444,0.984035627210538,8.7.0,
137-0029,Karachi (AKH Field Site),2024-04-22 10_52_48,0.0025074128828653,32.99756740297373,1.4612760431201444,0.984035627210538,8.7.0,
137-0029,Karachi (AKH Field Site),2024-04-24 10_23_13,0.0025719778941242,33.149548515064204,1.4627560689939338,0.9832388728587854,8.7.0,32.0
137-0029,Karachi (AKH Field Site),2024-04-24 10_23_13,0.0025720031229515,33.14950591482732,1.46275045896489,0.9832378451825544,8.7.0,32.0
137-0029,Karachi (AKH Field Site),2024-04-24 10_23_13,0.0025720031229515,33.14950591482732,1.46275045896489,0.9832378451825544,8.7.0,32.0
137-0029,Karachi (AKH Field Site),2024-04-25 12_56_58,0.0028258025273715,32.18614770475737,1.4495914680194162,0.9816404364137996,8.7.0,32.0
137-0029,Karachi (AKH Field Site),2024-04-25 12_56_58,0.0028258025273715,32.18614770475737,1.4495914680194162,0.9816404364137996,8.7.0,32.0
137-0029,Karachi (AKH Field Site),2024-04-25 10_50_56,0.003553824503387,32.18865230425973,1.4446168838450646,0.9734971027462008,8.7.0,32.0
137-0029,Karachi (AKH Field Site),2024-04-25 10_50_56,0.003553824503387,32.18865230425973,1.4446168838450646,0.9734971027462008,8.7.0,32.0
137-0029,Karachi (AKH Field Site),2024-04-29 10_50_23,0.0027049114349324,32.29848610390113,1.4515754493617534,0.9828192722824024,8.7.0,32.0
137-0029,Karachi (AKH Field Site),2024-04-29 10_50_23,0.0027039906104888,32.29996481057826,1.4515913588758484,0.9828230314232445,8.7.0,32.0
137-0029,Karachi (AKH Field Site),2024-04-29 10_50_23,0.0027039906104888,32.29996481057826,1.4515913588758484,0.9828230314232445,8.7.0,32.0
137-0029,Karachi (AKH Field Site),2024-04-30 11_02_27,0.0031600814421846,31.72171906874945,1.4534655307303193,0.9814142549208053,8.7.0,32.0
137-0029,Karachi (AKH Field Site),2024-04-30 11_02_27,0.0031600814421846,31.72171906874945,1.4534655307303193,0.9814142549208053,8.7.0,32.0
137-0029,Karachi (AKH Field Site),2024-05-02 11_09_51,0.0046492166788667,29.921753034171783,1.4361770922115384,0.975497008970031,8.7.0,32.0
137-0029,Karachi (AKH Field Site),2024-05-02 11_09_51,0.0046492166788667,29.921753034171783,1.4361770922115384,0.975497008970031,8.7.0,32.0
137-0029,Karachi (AKH Field Site),2024-05-06 10_54_26,0.003276791962475,31.960952532230603,1.4560336163708292,0.9814678714448168,8.7.0,34.0
137-0029,Karachi (AKH Field Site),2024-05-06 10_54_26,0.003276791962475,31.960952532230603,1.4560336163708292,0.9814678714448168,8.7.0,34.0
137-0029,Karachi (AKH Field Site),2024-05-11 10_40_06,0.0038235224715353,30.958240980010693,1.4458563067110357,0.9792785815518832,8.7.0,34.0
137-0029,Karachi (AKH Field Site),2024-05-11 10_40_06,0.0038235224715353,30.958240980010693,1.4458563067110357,0.9792785815518832,8.7.0,34.0
137-0029,Karachi (AKH Field Site),2024-05-14 10_59_44,0.0563578752088299,18.99292831220127,1.2845210608991962,0.8292829482507843,8.7.0,34.0
137-0029,Karachi (AKH Field Site),2024-05-14 10_59_44,0.0563578752088299,18.99292831220127,1.2845210608991962,0.8292829482507843,8.7.0,34.0
137-0029,Karachi (AKH Field Site),2024-05-15 10_50_52,0.0546528793894196,19.349213636395405,1.3495140969044523,0.8603359844793939,8.7.0,34.0
137-0029,Karachi (AKH Field Site),2024-05-15 10_50_52,0.0546528793894196,19.349213636395405,1.3495140969044523,0.8603359844793939,8.7.0,34.0
137-0029,Karachi (AKH Field Site),2024-05-20 11_35_46,0.0041986502526157,29.838717365612027,1.4378020198728132,0.9787428941076612,8.7.0,34.0
137-0029,Karachi (AKH Field Site),2024-05-20 11_35_46,0.0041986502526157,29.838717365612027,1.4378020198728132,0.9787428941076612,8.7.0,34.0
137-0029,Karachi (AKH Field Site),2024-05-21 11_40_57,0.0028393047763003,32.21662969361117,1.4535102991181923,0.9827581753043808,8.7.0,36.0
137-0029,Karachi (AKH Field Site),2024-05-21 11_40_57,0.0028393047763003,32.21662969361117,1.4535102991181923,0.9827581753043808,8.7.0,36.0
137-0029,Karachi (AKH Field Site),2024-05-22 11_34_01,0.0597799888171619,18.63837384333914,1.3435258812033637,0.8524305415525166,8.7.0,36.0
137-0029,Karachi (AKH Field Site),2024-05-22 11_34_01,0.0597799888171619,18.63837384333914,1.3435258812033637,0.8524305415525166,8.7.0,36.0
137-0029,Karachi (AKH Field Site),2024-05-27 10_57_22,0.0026421115809359,31.77349564438568,1.4476375769793484,0.9842293889206573,8.7.0,34.0
137-0029,Karachi (AKH Field Site),2024-05-27 10_57_22,0.0026421115809359,31.77349564438568,1.4476375769793484,0.9842293889206573,8.7.0,34.0
137-0029,Karachi (AKH Field Site),2024-05-29 10_34_42,0.0809741138477071,17.01402864091235,1.2903222806525672,0.8005411025459955,8.7.0,36.0
137-0029,Karachi (AKH Field Site),2024-05-29 10_34_42,0.0809741138477071,17.01402864091235,1.2903222806525672,0.8005411025459955,8.7.0,36.0
137-0029,Karachi (AKH Field Site),2024-06-03 10_50_21,0.0037458627562548,30.338797833294507,1.4339306529090603,0.9782733970538808,8.7.0,36.0
137-0029,Karachi (AKH Field Site),2024-06-03 10_50_21,0.0037458627562548,30.338797833294507,1.4339306529090603,0.9782733970538808,8.7.0,36.0
137-0029,Karachi (AKH Field Site),2024-06-04 10_36_23,0.0032516594818197,31.42117079028029,1.4407064873277642,0.9803096780925118,8.7.0,
137-0029,Karachi (AKH Field Site),2024-06-04 10_36_23,0.0032516594818197,31.42117079028029,1.4407064873277642,0.9803096780925118,8.7.0,
137-0029,Karachi (AKH Field Site),2024-06-05 11_05_05,0.0035704556001472,31.019154141848947,1.444797099876446,0.9795174000126484,8.7.0,34.0
137-0029,Karachi (AKH Field Site),2024-06-05 11_05_05,0.0035704556001472,31.019154141848947,1.444797099876446,0.9795174000126484,8.7.0,34.0
137-0029,Karachi (AKH Field Site),2024-06-11 10_24_43,0.0730489611768785,17.714877585629544,1.3296832859609269,0.826727591187818,8.7.0,36.0
137-0029,Karachi (AKH Field Site),2024-06-11 10_24_43,0.0730489611768785,17.714877585629544,1.3296832859609269,0.826727591187818,8.7.0,36.0
137-0029,Karachi (AKH Field Site),2024-06-12 11_15_23,0.0035066448376687,31.10779438177193,1.443233260018919,0.9805491437195688,8.7.0,34.0
137-0029,Karachi (AKH Field Site),2024-06-12 11_15_23,0.0035066448376687,31.10779438177193,1.443233260018919,0.9805491437195688,8.7.0,34.0
137-0029,Karachi (AKH Field Site),2024-06-13 10_34_53,0.00284226949957,31.888056901407573,1.449255726068032,0.9830455513713215,8.7.0,
137-0029,Karachi (AKH Field Site),2024-06-13 10_34_53,0.00284226949957,31.888056901407573,1.449255726068032,0.9830455513713215,8.7.0,
137-0029,Karachi (AKH Field Site),2024-06-14 11_08_14,0.0500414926364829,19.42701916297934,1.3546277216144322,0.8732371303749931,8.7.0,34.0
137-0029,Karachi (AKH Field Site),2024-06-14 11_08_14,0.0500414926364829,19.42701916297934,1.3546277216144322,0.8732371303749931,8.7.0,34.0
137-0029,Karachi (AKH Field Site),2024-06-20 11_07_01,0.0032505310452457,30.98789904233273,1.4434112228911296,0.9814129760057893,8.7.0,34.0
137-0029,Karachi (AKH Field Site),2024-06-20 11_07_01,0.0032505310452457,30.98789904233273,1.4434112228911296,0.9814129760057893,8.7.0,34.0
137-0029,Karachi (AKH Field Site),2024-06-24 11_31_39,0.0141133605489336,25.48736735297346,1.3894819394527755,0.928367014327694,8.7.0,34.0
137-0029,Karachi (AKH Field Site),2024-06-24 11_31_39,0.0141133605489336,25.48736735297346,1.3894819394527755,0.928367014327694,8.7.0,34.0
137-0029,Karachi (AKH Field Site),2024-06-25 10_41_32,0.0040209175372725,29.942768393970653,1.4301908712404594,0.978155917554706,8.7.0,36.0
137-0029,Karachi (AKH Field Site),2024-06-25 10_41_32,0.0040209175372725,29.942768393970653,1.4301908712404594,0.978155917554706,8.7.0,36.0
137-0029,Karachi (AKH Field Site),2024-06-26 10_53_20,0.0460104077274064,19.642211907865978,1.376536457180916,0.8978952092127954,8.7.0,34.0
137-0029,Karachi (AKH Field Site),2024-06-26 10_53_20,0.0460104077274064,19.642211907865978,1.376536457180916,0.8978952092127954,8.7.0,34.0
137-0029,Karachi (AKH Field Site),2024-07-02 10_53_46,0.0031835730276337,31.41582251883925,1.4383932350304292,0.9787632042015622,8.7.0,34.0
137-0029,Karachi (AKH Field Site),2024-07-02 10_53_46,0.0031835730276337,31.41582251883925,1.4383932350304292,0.9787632042015622,8.7.0,34.0
137-0029,Karachi (AKH Field Site),2024-07-03 10_15_52,0.0031625690894505,31.72004848136476,1.4422619093482834,0.9778250094098064,8.7.0,34.0
137-0029,Karachi (AKH Field Site),2024-07-03 10_15_52,0.0031625690894505,31.72004848136476,1.4422619093482834,0.9778250094098064,8.7.0,34.0
137-0029,Karachi (AKH Field Site),2024-07-04 10_46_35,0.003256808493327,31.600274700660016,1.4408793007561005,0.9761167289354932,8.7.0,34.0
137-0029,Karachi (AKH Field Site),2024-07-04 10_46_35,0.003256808493327,31.600274700660016,1.4408793007561005,0.9761167289354932,8.7.0,34.0
137-0029,Karachi (AKH Field Site),2024-07-06 11_50_58,0.0027747693995613,31.8910033932805,1.4462257815056696,0.9815628050676946,8.7.0,34.0
137-0029,Karachi (AKH Field Site),2024-07-06 11_50_58,0.0027747693995613,31.8910033932805,1.4462257815056696,0.9815628050676946,8.7.0,34.0
137-0029,Karachi (AKH Field Site),2024-08-02 11_08_56,0.0030648892572413,31.863196532482355,1.44761748693043,0.9794489122620031,8.7.0,36.0
137-0029,Karachi (AKH Field Site),2024-08-02 11_08_56,0.0030648892572413,31.863196532482355,1.44761748693043,0.9794489122620031,8.7.0,36.0
137-0029,Karachi (AKH Field Site),2024-07-25 11_12_09,0.0029313168460726,31.816205798548648,1.445698485393063,0.9799043143981384,8.7.0,34.0
137-0029,Karachi (AKH Field Site),2024-07-25 11_12_09,0.0029313168460726,31.816205798548648,1.445698485393063,0.9799043143981384,8.7.0,34.0
137-0029,Karachi (AKH Field Site),2024-07-30 11_20_56,0.0028562904441596,31.83533391887241,1.4443723691476975,0.9813038826970452,8.7.0,34.0
137-0029,Karachi (AKH Field Site),2024-07-30 11_20_56,0.0028562904441596,31.83533391887241,1.4443723691476975,0.9813038826970452,8.7.0,34.0
137-0029,Karachi (AKH Field Site),2024-08-15 11_03_20,0.0027464359566934,32.01517081755561,1.4471545832082344,0.9824721287057702,8.7.0,36.0
137-0029,Karachi (AKH Field Site),2024-08-15 11_03_20,0.0027464359566934,32.01517081755561,1.4471545832082344,0.9824721287057702,8.7.0,36.0
137-0029,Karachi (AKH Field Site),2024-06-10 10_51_04,0.0030721549531377,31.41786805139698,1.436666009451105,0.9801239124184732,8.7.0,36.0
137-0029,Karachi (AKH Field Site),2024-06-10 10_51_04,0.0030721549531377,31.41786805139698,1.436666009451105,0.9801239124184732,8.7.0,36.0
137-0029,Karachi (AKH Field Site),2024-08-06 10_58_52,0.0027957743934382,32.36898966217319,1.4520865970789756,0.9814081417312293,8.7.0,34.0
137-0029,Karachi (AKH Field Site),2024-08-06 10_58_52,0.0027957743934382,32.36898966217319,1.4520865970789756,0.9814081417312293,8.7.0,34.0
137-0029,Karachi (AKH Field Site),2024-07-29 11_03_15,0.0029909510735217,31.58890266109641,1.4410545418740262,0.9802659439788872,8.7.0,36.0
137-0029,Karachi (AKH Field Site),2024-07-29 11_03_15,0.0029909510735217,31.58890266109641,1.4410545418740262,0.9802659439788872,8.7.0,36.0
137-0029,Karachi (AKH Field Site),2024-08-16 11_43_29,0.0025456948285114,32.34392843762314,1.4536819119550215,0.9832052572597224,8.7.0,
137-0029,Karachi (AKH Field Site),2024-08-16 11_43_29,0.0025456948285114,32.34392843762314,1.4536819119550215,0.9832052572597224,8.7.0,
137-0029,Karachi (AKH Field Site),2024-08-19 11_08_16,0.0026188084124749,32.48211965859289,1.4538361463099847,0.9830037661738468,8.7.0,32.0
137-0029,Karachi (AKH Field Site),2024-08-19 11_08_16,0.0026188084124749,32.48211965859289,1.4538361463099847,0.9830037661738468,8.7.0,32.0
137-0029,Karachi (AKH Field Site),2024-08-20 11_38_17,0.0028207408944187,32.19413966592355,1.4477747350236951,0.981918594869194,8.7.0,32.0
137-0029,Karachi (AKH Field Site),2024-08-20 11_38_17,0.0028207408944187,32.19413966592355,1.4477747350236951,0.981918594869194,8.7.0,32.0
137-0029,Karachi (AKH Field Site),2024-08-09 11_14_00,0.0028379938910961,32.26588190303916,1.4497787619867295,0.981350556305585,8.7.0,34.0
137-0029,Karachi (AKH Field Site),2024-08-09 11_14_00,0.0028379938910961,32.26588190303916,1.4497787619867295,0.981350556305585,8.7.0,34.0
137-0029,Karachi (AKH Field Site),2024-07-24 11_14_23,0.002823574674063,31.63483840661666,1.4427101894319123,0.9809661124185736,8.7.0,34.0
137-0029,Karachi (AKH Field Site),2024-07-24 11_14_23,0.002823574674063,31.63483840661666,1.4427101894319123,0.9809661124185736,8.7.0,34.0
137-0029,Karachi (AKH Field Site),2024-07-31 11_24_24,0.0028847601396174,31.75025078693916,1.4434895781003851,0.9811774931137784,8.7.0,34.0
137-0029,Karachi (AKH Field Site),2024-07-31 11_24_24,0.0028847601396174,31.75025078693916,1.4434895781003851,0.9811774931137784,8.7.0,34.0
137-0029,Karachi (AKH Field Site),2024-08-13 11_18_25,0.0029598594777973,32.114144381936114,1.4461586838215594,0.9814095732228644,8.7.0,34.0
137-0029,Karachi (AKH Field Site),2024-08-13 11_18_25,0.0029598594777973,32.114144381936114,1.4461586838215594,0.9814095732228644,8.7.0,34.0
137-0029,Karachi (AKH Field Site),2024-07-10 11_21_57,0.0031112669260123,32.08641136089402,1.4465774857658689,0.9779181323548944,8.7.0,34.0
137-0029,Karachi (AKH Field Site),2024-07-10 11_21_57,0.0031112669260123,32.08641136089402,1.4465774857658689,0.9779181323548944,8.7.0,34.0
137-0029,Karachi (AKH Field Site),2024-08-28 12_19_14,0.0025783622470827,32.48396529975744,1.4538763649234252,0.9834406482337764,8.7.0,32.0
137-0029,Karachi (AKH Field Site),2024-08-28 12_19_14,0.0025783622470827,32.48396529975744,1.4538763649234252,0.9834406482337764,8.7.0,32.0
137-0029,Karachi (AKH Field Site),2024-08-26 11_28_14,0.0215561641935422,23.14594182137288,1.324396444035227,0.884037823265362,8.7.0,34.0
137-0029,Karachi (AKH Field Site),2024-08-26 11_28_14,0.0215561641935422,23.14594182137288,1.324396444035227,0.884037823265362,8.7.0,34.0
137-0029,Karachi (AKH Field Site),2024-08-21 12_16_15,0.002632329853415,32.514912882555734,1.4542482574082658,0.9830131804629668,8.7.0,34.0
137-0029,Karachi (AKH Field Site),2024-08-21 12_16_15,0.002632329853415,32.514912882555734,1.4542482574082658,0.9830131804629668,8.7.0,34.0
137-0029,Karachi (AKH Field Site),2024-08-29 12_05_29,0.0025623135490615,32.59379573781072,1.4555551618022555,0.98366131787064,8.7.0,32.0
137-0029,Karachi (AKH Field Site),2024-08-29 12_05_29,0.0025623135490615,32.59379573781072,1.4555551618022555,0.98366131787064,8.7.0,32.0
137-0029,Karachi (AKH Field Site),2024-08-30 12_22_45,0.0025844978128383,32.65301719201633,1.4562922009427777,0.9837044832916518,8.7.0,30.0
137-0029,Karachi (AKH Field Site),2024-08-30 12_22_45,0.0025844978128383,32.65301719201633,1.4562922009427777,0.9837044832916518,8.7.0,30.0
137-0029,Karachi (AKH Field Site),2024-08-27 11_21_26,0.0026951295809621,32.010401215065635,1.4477940711366806,0.9824175431152772,8.7.0,32.0
137-0029,Karachi (AKH Field Site),2024-08-27 11_21_26,0.0026951295809621,32.010401215065635,1.4477940711366806,0.9824175431152772,8.7.0,32.0
137-0029,Karachi (AKH Field Site),2024-08-23 12_54_02,0.0026793912088385,32.188558465512,1.4505721819493376,0.98259756959597,8.7.0,36.0
137-0029,Karachi (AKH Field Site),2024-08-23 12_54_02,0.0026793912088385,32.188558465512,1.4505721819493376,0.98259756959597,8.7.0,36.0
137-0029,Karachi (AKH Field Site),2024-08-22 11_27_15,0.002608185711245,32.301197391367985,1.451816701438861,0.9831222278349876,8.7.0,34.0
137-0029,Karachi (AKH Field Site),2024-08-22 11_27_15,0.002608185711245,32.301197391367985,1.451816701438861,0.9831222278349876,8.7.0,34.0
137-0033,Kisumu,2024-07-03 09_41_41,0.0685588929614056,20.187470500923155,1.3342891279427886,0.8456496894190467,8.7.0,29.0
137-0033,Kisumu,2024-07-03 09_41_41,0.0685590455208558,20.18746083687364,1.3342855581024726,0.8455968841936773,8.7.0,29.0
137-0033,Kisumu,2024-07-03 09_41_41,0.0685590455208558,20.18746083687364,1.3342855581024726,0.8455968841936773,8.7.0,29.0
137-0033,Kisumu,2024-07-08 12_26_39,0.0800232904411798,18.653755287256114,1.2941808276073186,0.7885936479741886,8.7.0,29.0
137-0033,Kisumu,2024-07-08 12_26_39,0.0800181073280334,18.654036589153087,1.2941849538043857,0.7886231329851081,8.7.0,29.0
137-0033,Kisumu,2024-07-08 12_26_39,0.0800181073280334,18.654036589153087,1.2941849538043857,0.7886231329851081,8.7.0,29.0
137-0033,Kisumu,2024-07-24 10_55_53,0.0853621239128702,17.790073406497978,1.2663189687563914,0.7640858806011116,8.7.0,25.0
137-0033,Kisumu,2024-07-24 10_55_53,0.0853590296742578,17.790230834060637,1.2663800019536566,0.7641994740316317,8.7.0,25.0
137-0033,Kisumu,2024-07-24 10_55_53,0.0853590296742578,17.790230834060637,1.2663800019536566,0.7641994740316317,8.7.0,25.0
137-0033,Kisumu,2024-07-26 09_20_29,0.024011489498668,23.344839902839016,1.3428024430942456,0.8886690986108969,8.7.0,
137-0033,Kisumu,2024-07-31 11_57_32,0.0075865353254559,29.01405782461,1.395368507647425,0.9461674083347268,8.7.0,27.0
137-0033,Kisumu,2024-07-31 11_57_32,0.0075876373500324,29.01342701171025,1.3953671682991162,0.946157040873721,8.7.0,27.0
137-0033,Kisumu,2024-07-31 11_57_32,0.0075876373500324,29.01342701171025,1.3953671682991162,0.946157040873721,8.7.0,27.0
137-0033,Kisumu,2024-08-01 09_08_19,0.0583160739407285,20.72146231156486,1.3311162873733768,0.8392598586783792,8.7.0,
137-0033,Kisumu,2024-08-07 09_45_20,0.0059261566218617,29.366175783977013,1.3970777315723644,0.9533145942550724,8.7.0,27.0
137-0033,Kisumu,2024-08-12 10_35_15,0.0477995910382819,20.94746932071866,1.3176097132043938,0.8090857103700843,8.7.0,27.0
137-0033,Kisumu,2024-08-12 10_35_15,0.0478004982417037,20.94738689538977,1.3175900168567551,0.8090907925147376,8.7.0,27.0
137-0033,Kisumu,2024-08-12 10_35_15,0.0478004982417037,20.94738689538977,1.3175900168567551,0.8090907925147376,8.7.0,27.0
137-0033,Kisumu,2024-08-13 10_31_17,0.0143669224418185,26.57003969316625,1.3921401751959348,0.9252337584968644,8.7.0,27.0
137-0033,Kisumu,2024-08-13 10_31_17,0.0143670587328045,26.569998494264645,1.3920966258484564,0.925238868051244,8.7.0,27.0
137-0033,Kisumu,2024-08-13 10_31_17,0.0143670587328045,26.569998494264645,1.3920966258484564,0.925238868051244,8.7.0,27.0
137-0033,Kisumu,2024-08-14 09_20_50,0.104825868953863,17.696073380225975,1.2992661441056146,0.777416823887341,8.7.0,27.0
137-0033,Kisumu,2024-08-14 09_20_50,0.104825868953863,17.696073380225975,1.2992661441056146,0.777416823887341,8.7.0,27.0
137-0033,Kisumu,2024-08-16 09_34_29,0.0939997595417587,18.19893871049115,1.3038773888915602,0.7939381202060043,8.7.0,27.0
137-0033,Kisumu,2024-08-16 09_34_29,0.0939997595417587,18.19893871049115,1.3038773888915602,0.7939381202060043,8.7.0,27.0
137-0033,Kisumu,2024-08-17 09_35_23,0.0747361427461603,19.20892888242292,1.3046431301004051,0.7944445149833329,8.7.0,27.0
137-0033,Kisumu,2024-08-17 09_35_23,0.0747361427461603,19.20892888242292,1.3046431301004051,0.7944445149833329,8.7.0,27.0
137-0033,Kisumu,2024-08-21 09_19_48,0.030735451471536,22.948849581919827,1.3590876259186937,0.871338760885888,8.7.0,
137-0033,Kisumu,2024-08-21 09_19_48,0.030735451471536,22.948849581919827,1.3590876259186937,0.871338760885888,8.7.0,
137-0033,Kisumu,2024-08-22 09_22_38,0.0850620639549838,18.56561143178364,1.2728594431635285,0.7605778129372555,8.7.0,27.0
137-0033,Kisumu,2024-08-22 09_22_38,0.0850620639549838,18.56561143178364,1.2728594431635285,0.7605778129372555,8.7.0,27.0
137-0033,Kisumu,2024-08-26 08_36_11,0.0305691955724312,22.74964617013936,1.3452138137400975,0.8588491940873847,8.7.0,27.0
137-0033,Kisumu,2024-08-26 08_36_11,0.0305691955724312,22.74964617013936,1.3452138137400975,0.8588491940873847,8.7.0,27.0
137-0033,Kisumu,2024-08-30 08_37_41,0.0412938110895751,21.344050856681896,1.344045908589342,0.8396671371425722,8.7.0,27.0
137-0033,Kisumu,2024-08-30 08_37_41,0.0412938110895751,21.344050856681896,1.344045908589342,0.8396671371425722,8.7.0,27.0
137-0033,Kisumu,2024-09-04 09_08_03,0.0166447773129261,26.115051983934336,1.3697360320536909,0.891103641381821,8.7.0,
137-0033,Kisumu,2024-09-04 09_08_03,0.0166447773129261,26.115051983934336,1.3697360320536909,0.891103641381821,8.7.0,
137-0033,Kisumu,2024-09-10 08_56_24,0.0044233936740505,31.340692648207057,1.430678241053587,0.9641676445434012,8.7.0,27.0
137-0033,Kisumu,2024-09-10 08_56_24,0.0044233936740505,31.340692648207057,1.430678241053587,0.9641676445434012,8.7.0,27.0
137-0033,Kisumu,2024-09-13 08_15_35,0.0913492685407654,18.16826182152089,1.2898451978075431,0.7701876796306973,8.7.0,
137-0033,Kisumu,2024-09-13 08_15_35,0.0913492685407654,18.16826182152089,1.2898451978075431,0.7701876796306973,8.7.0,
137-0033,Kisumu,2024-09-18 10_25_24,0.0576590801118691,18.92792229654201,1.2609951263818135,0.7618594657001896,8.7.0,
137-0033,Kisumu,2024-09-18 10_25_24,0.0576590801118691,18.92792229654201,1.2609951263818135,0.7618594657001896,8.7.0,
137-0033,Kisumu,2024-09-19 09_36_41,0.0907926711575798,17.774793584221552,1.2994671289594444,0.7918205081838746,8.7.0,27.0
137-0033,Kisumu,2024-09-19 09_36_41,0.0907926711575798,17.774793584221552,1.2994671289594444,0.7918205081838746,8.7.0,27.0
137-0033,Kisumu,2024-09-20 09_40_34,0.0071939511137314,29.902777006243863,1.4108412561248402,0.9478769851057144,8.7.0,
137-0033,Kisumu,2024-09-25 09_13_14,0.0057244923495736,30.16050247715416,1.4138714010580542,0.9537076327531736,8.7.0,27.0
137-0033,Kisumu,2024-09-25 09_13_14,0.0057244923495736,30.16050247715416,1.4138714010580542,0.9537076327531736,8.7.0,27.0
137-0033,Kisumu,2024-09-27 10_01_08,0.0049086010093182,30.91626825643285,1.4518200676369195,0.9753457546367535,8.7.0,27.0
137-0033,Kisumu,2024-09-27 10_01_08,0.0049086010093182,30.91626825643285,1.4518200676369195,0.9753457546367535,8.7.0,27.0
137-0033,Kisumu,2024-09-23 10_20_52,0.0911671527132314,18.182233802261,1.3201072214148948,0.8047112084838466,8.7.0,27.0
137-0033,Kisumu,2024-10-01 10_35_51,0.0249834521973714,24.33684837329407,1.3728394529613317,0.8817319381823322,8.7.0,27.0
137-0033,Kisumu,2024-10-01 10_35_51,0.0249834521973714,24.33684837329407,1.3728394529613317,0.8817319381823322,8.7.0,27.0
137-0033,Kisumu,2024-10-04 09_20_34,0.0848197825519027,18.15817204793821,1.2915103539857486,0.7691433809946041,8.7.0,27.0
137-0033,Kisumu,2024-10-04 09_20_34,0.0848197825519027,18.15817204793821,1.2915103539857486,0.7691433809946041,8.7.0,27.0
137-0033,Kisumu,2024-10-07 09_29_27,0.0039211204864359,31.875186026988445,1.4387027259538223,0.9699854740753744,8.7.0,
137-0033,Kisumu,2024-10-07 09_29_27,0.0039211204864359,31.875186026988445,1.4387027259538223,0.9699854740753744,8.7.0,
137-0033,Kisumu,2024-10-08 11_15_16,0.0083631823974816,28.44986194544537,1.406817880571917,0.9431929254026298,8.7.0,27.0
137-0033,Kisumu,2024-10-08 11_15_16,0.0083631823974816,28.44986194544537,1.406817880571917,0.9431929254026298,8.7.0,27.0
137-0033,Kisumu,2024-10-11 09_59_34,0.0458491154702694,22.091524358024085,1.2912807958445442,0.7400502037706901,8.7.0,
137-0033,Kisumu,2024-10-11 09_59_34,0.0458491154702694,22.091524358024085,1.2912807958445442,0.7400502037706901,8.7.0,
137-0033,Kisumu,2024-10-15 09_46_43,0.0045967319668614,31.46100934753424,1.4709291647323073,0.9758832236219984,8.8.0,27.0
137-0033,Kisumu,2024-10-15 09_46_43,0.0045967319668614,31.46100934753424,1.4709291647323073,0.9758832236219984,8.8.0,27.0
137-0033,Kisumu,2024-10-16 08_57_28,0.0031469533973782,33.40746064890873,1.48546316713356,0.9826139153995648,8.8.0,27.0
137-0033,Kisumu,2024-10-16 08_57_28,0.0031469533973782,33.40746064890873,1.48546316713356,0.9826139153995648,8.8.0,27.0
137-0033,Kisumu,2024-10-17 09_14_42,0.0025196002019373,34.391522527695074,1.4866840598751994,0.984596318117704,8.8.0,27.0
137-0033,Kisumu,2024-10-18 09_11_02,0.0400623740257581,21.97669801624549,1.329934478591771,0.8175295127621115,8.8.0,
137-0033,Kisumu,2024-10-18 09_11_02,0.0400623740257581,21.97669801624549,1.329934478591771,0.8175295127621115,8.8.0,
137-0033,Kisumu,2024-10-24 10_19_43,0.0564344810297992,20.2702207630814,1.311163624765597,0.7922431712949438,8.8.0,
137-0033,Kisumu,2024-10-24 10_19_43,0.0564344810297992,20.2702207630814,1.311163624765597,0.7922431712949438,8.8.0,
137-0033,Kisumu,2024-10-25 09_36_06,0.0033566040621951,33.50524211461725,1.4832353719131102,0.9808133840622658,8.8.0,29.0
137-0033,Kisumu,2024-10-25 09_36_06,0.0033566040621951,33.50524211461725,1.4832353719131102,0.9808133840622658,8.8.0,29.0
137-0033,Kisumu,2024-10-31 09_04_09,0.0298923608969461,23.26550379635615,1.337946706564203,0.832604969395649,8.8.0,27.0
137-0033,Kisumu,2024-10-31 09_04_09,0.0298923608969461,23.26550379635615,1.337946706564203,0.832604969395649,8.8.0,27.0
137-0033,Kisumu,2024-11-01 09_48_33,0.0507408706656513,20.91984006101615,1.3441447166996243,0.8263533645594069,8.8.0,
137-0033,Kisumu,2024-11-01 09_48_33,0.0507408706656513,20.91984006101615,1.3441447166996243,0.8263533645594069,8.8.0,
137-0033,Kisumu,2024-11-06 09_54_50,0.0035723622785241,32.130564124688846,1.4440823414776174,0.9652785377306486,8.8.0,
137-0033,Kisumu,2024-11-06 09_54_50,0.0035723622785241,32.130564124688846,1.4440823414776174,0.9652785377306486,8.8.0,
137-0033,Kisumu,2024-11-07 09_15_58,0.0039149780501696,31.719402469686194,1.4391730087119563,0.9620590384922874,8.8.0,27.0
137-0033,Kisumu,2024-11-07 09_15_58,0.0039149780501696,31.719402469686194,1.4391730087119563,0.9620590384922874,8.8.0,27.0
137-0033,Kisumu,2024-11-08 09_17_26,0.0674483807799121,19.39834868206288,1.3518933610912005,0.8281379189198359,8.8.0,27.0
137-0033,Kisumu,2024-11-08 09_17_26,0.0674483807799121,19.39834868206288,1.3518933610912005,0.8281379189198359,8.8.0,27.0
137-0033,Kisumu,2024-11-14 08_57_56,0.0022095908950132,34.43536204488927,1.486016612055165,0.9856907092476116,8.8.0,
137-0033,Kisumu,2024-11-14 08_57_56,0.0022095908950132,34.43536204488927,1.486016612055165,0.9856907092476116,8.8.0,
137-0033,Kisumu,2024-11-15 10_18_32,0.029353247160012,22.90566916711211,1.3110584609857407,0.8080313609667625,8.8.0,
137-0033,Kisumu,2024-11-15 10_18_32,0.029353247160012,22.90566916711211,1.3110584609857407,0.8080313609667625,8.8.0,
137-0033,Kisumu,2024-11-20 09_08_44,0.0023072197679585,34.39365464266605,1.4854625362440612,0.9849919113066454,8.8.0,
137-0033,Kisumu,2024-11-20 09_08_44,0.0023072197679585,34.39365464266605,1.4854625362440612,0.9849919113066454,8.8.0,
137-0033,Kisumu,2024-11-22 10_29_53,0.0323327454034833,22.36424352370676,1.3247691336306622,0.8207720339344781,8.8.0,
137-0033,Kisumu,2024-11-22 10_29_53,0.0323327454034833,22.36424352370676,1.3247691336306622,0.8207720339344781,8.8.0,
137-0033,Kisumu,2024-11-22 10_50_24,0.0090757784559682,27.66681826209464,1.3922734768404197,0.9218191996167332,8.8.0,
137-0033,Kisumu,2024-11-22 10_50_24,0.0090757784559682,27.66681826209464,1.3922734768404197,0.9218191996167332,8.8.0,
137-0033,Kisumu,2024-11-27 09_01_07,0.0031971040916605,32.955189679035,1.475741787475266,0.979761938605854,8.8.0,
137-0033,Kisumu,2024-11-27 09_01_07,0.0031971040916605,32.955189679035,1.475741787475266,0.979761938605854,8.8.0,
137-0033,Kisumu,2024-11-28 09_37_07,0.0668390082653211,19.54051483783808,1.3600707941251946,0.8308894308407746,8.8.0,
137-0033,Kisumu,2024-11-28 09_37_07,0.0668390082653211,19.54051483783808,1.3600707941251946,0.8308894308407746,8.8.0,
137-0033,Kisumu,2024-11-29 10_37_06,0.034065053325739,22.413673916356245,1.3292401387315549,0.823514692391549,8.8.0,
137-0033,Kisumu,2024-11-29 10_37_06,0.034065053325739,22.413673916356245,1.3292401387315549,0.823514692391549,8.8.0,
137-0033,Kisumu,2024-12-04 09_02_54,0.0033953053235062,33.36809538111122,1.4718224741122503,0.97586318279068,8.8.0,
137-0033,Kisumu,2024-12-04 09_02_54,0.0033953053235062,33.36809538111122,1.4718224741122503,0.97586318279068,8.8.0,
137-0033,Kisumu,2024-12-04 10_23_17,0.0047007671986552,30.588137576564453,1.4284449991083017,0.9600451304781686,8.8.0,
137-0033,Kisumu,2024-12-04 10_23_17,0.0047007671986552,30.588137576564453,1.4284449991083017,0.9600451304781686,8.8.0,
137-0033,Kisumu,2024-12-05 09_22_22,0.0027988102065847,33.51445952890876,1.4765811134363431,0.9823616162773868,8.8.0,
137-0033,Kisumu,2024-12-05 09_22_22,0.0027988102065847,33.51445952890876,1.4765811134363431,0.9823616162773868,8.8.0,
137-0033,Kisumu,2024-12-06 09_06_30,0.0050646940016997,30.816233794648685,1.4608947405978563,0.9713646986227634,8.8.0,
137-0033,Kisumu,2024-12-06 09_06_30,0.0050646940016997,30.816233794648685,1.4608947405978563,0.9713646986227634,8.8.0,
137-0033,Kisumu,2024-12-10 09_14_10,0.0036067891870635,31.800428014260195,1.4395283820524691,0.9648254181093552,8.8.0,
137-0033,Kisumu,2024-12-10 09_14_10,0.0036067891870635,31.800428014260195,1.4395283820524691,0.9648254181093552,8.8.0,
137-0033,Kisumu,2024-12-17 09_12_08,0.0513749409621699,20.25661267030932,1.277216258220125,0.7538393666225767,8.8.0,
137-0033,Kisumu,2024-12-17 09_12_08,0.0513749409621699,20.25661267030932,1.277216258220125,0.7538393666225767,8.8.0,
137-0033,Kisumu,2024-12-18 09_24_34,0.0029804510827832,32.95523688015168,1.465799894950403,0.981405649320934,8.8.0,
137-0033,Kisumu,2024-12-18 09_24_34,0.0029804510827832,32.95523688015168,1.465799894950403,0.981405649320934,8.8.0,
137-0033,Kisumu,2025-01-07 09_48_51,0.0379860701007277,21.573804057513858,1.3179835918847154,0.8095135611390258,8.8.0,
137-0033,Kisumu,2025-01-07 09_48_51,0.0379860701007277,21.573804057513858,1.3179835918847154,0.8095135611390258,8.8.0,
137-0033,Kisumu,2025-01-08 09_25_13,0.0026982063418287,33.451144815626684,1.4768883873738583,0.9833431813500884,8.8.0,
137-0033,Kisumu,2025-01-08 09_25_13,0.0026982063418287,33.451144815626684,1.4768883873738583,0.9833431813500884,8.8.0,
137-0033,Kisumu,2025-01-09 09_41_14,0.0027855701140949,33.370519249817534,1.471556046946936,0.9822378032176202,8.8.0,
137-0033,Kisumu,2025-01-09 09_41_14,0.0027855701140949,33.370519249817534,1.471556046946936,0.9822378032176202,8.8.0,
137-0033,Kisumu,2025-01-13 09_02_27,0.0049575144938235,30.20137472968412,1.4133667859833827,0.947924855332942,8.8.0,
137-0033,Kisumu,2025-01-13 09_02_27,0.0049575144938235,30.20137472968412,1.4133667859833827,0.947924855332942,8.8.0,
137-0033,Kisumu,2025-01-14 09_13_53,0.0040399674166646,31.172821641334405,1.4306629987185897,0.9589778539761424,8.8.0,
137-0033,Kisumu,2025-01-14 09_13_53,0.0040399674166646,31.172821641334405,1.4306629987185897,0.9589778539761424,8.8.0,
137-0033,Kisumu,2025-01-15 09_04_19,0.0097875762452139,28.041997545344,1.4063737108360634,0.9078457643926828,8.8.0,
137-0033,Kisumu,2025-01-15 09_04_19,0.0097875762452139,28.041997545344,1.4063737108360634,0.9078457643926828,8.8.0,
137-0033,Kisumu,2025-01-16 09_01_16,0.0333325418519098,22.14116842612729,1.3181114591678171,0.8200264888847156,8.8.0,
137-0033,Kisumu,2025-01-16 09_01_16,0.0333325418519098,22.14116842612729,1.3181114591678171,0.8200264888847156,8.8.0,
137-0033,Kisumu,2025-01-17 09_13_08,0.002301018547359,34.192110574938425,1.484043642576821,0.985046127769763,8.8.0,
137-0033,Kisumu,2025-01-17 09_13_08,0.002301018547359,34.192110574938425,1.484043642576821,0.985046127769763,8.8.0,
137-0033,Kisumu,2025-01-21 09_25_15,0.0038965170333404,31.258475397168493,1.431341820525309,0.9630394942427976,8.8.0,
137-0033,Kisumu,2025-01-21 09_25_15,0.0038965170333404,31.258475397168493,1.431341820525309,0.9630394942427976,8.8.0,
137-0033,Kisumu,2025-01-23 09_01_18,0.0030248206818864,32.46397530183345,1.4516579110153027,0.9736340059124492,8.8.0,
137-0033,Kisumu,2025-01-23 09_01_18,0.0030248206818864,32.46397530183345,1.4516579110153027,0.9736340059124492,8.8.0,
137-0033,Kisumu,2025-01-27 09_46_56,0.0400499918528381,21.66827402860619,1.3504454037130258,0.8328976598101248,8.8.0,27.0
137-0033,Kisumu,2025-01-27 09_46_56,0.0400499918528381,21.66827402860619,1.3504454037130258,0.8328976598101248,8.8.0,27.0
137-0033,Kisumu,2025-02-04 09_21_33,0.0025385480414854,34.06058578537346,1.4830709772903046,0.983517956817369,8.8.0,
137-0033,Kisumu,2025-02-04 09_21_33,0.0025385480414854,34.06058578537346,1.4830709772903046,0.983517956817369,8.8.0,
137-0033,Kisumu,2025-02-06 08_54_38,0.0023726287979757,34.59410353422119,1.48734364127854,0.9850169337024628,8.8.0,
137-0033,Kisumu,2025-02-06 08_54_38,0.0023726287979757,34.59410353422119,1.48734364127854,0.9850169337024628,8.8.0,
137-0033,Kisumu,2025-02-10 09_44_21,0.0085025655741009,28.07425114321168,1.3930162962060406,0.9242169574572716,8.8.0,
137-0033,Kisumu,2025-02-10 09_44_21,0.0085025655741009,28.07425114321168,1.3930162962060406,0.9242169574572716,8.8.0,
137-0033,Kisumu,2025-02-11 09_36_54,0.0261465344007885,22.94223792570621,1.3240479305474544,0.8175700724684982,8.8.0,
137-0033,Kisumu,2025-02-11 09_36_54,0.0261465344007885,22.94223792570621,1.3240479305474544,0.8175700724684982,8.8.0,
137-0033,Kisumu,2025-02-12 09_17_13,0.0390579406486988,21.50153274973704,1.3452546543517891,0.8239464984993282,8.8.0,
137-0033,Kisumu,2025-02-12 09_17_13,0.0390579406486988,21.50153274973704,1.3452546543517891,0.8239464984993282,8.8.0,
137-0033,Kisumu,2025-02-14 09_54_12,0.0037422832965515,31.231458589686486,1.433982340650134,0.9609576723501984,8.8.0,
137-0033,Kisumu,2025-02-14 09_54_12,0.0037422832965515,31.231458589686486,1.433982340650134,0.9609576723501984,8.8.0,
137-0033,Kisumu,2025-02-20 09_45_25,0.0793424174794567,18.664302512278937,1.3375604215470729,0.7998540655074488,8.8.0,
137-0033,Kisumu,2025-02-20 09_45_25,0.0793424174794567,18.664302512278937,1.3375604215470729,0.7998540655074488,8.8.0,
137-0033,Kisumu,2025-02-28 09_08_33,0.0024234959234052,33.78564374018427,1.4786699914317702,0.9848875999434602,8.8.0,
137-0033,Kisumu,2025-02-28 09_08_33,0.0024234959234052,33.78564374018427,1.4786699914317702,0.9848875999434602,8.8.0,
137-0033,Kisumu,2025-03-05 09_22_01,0.0052945396291083,29.822222078142595,1.4225908380713823,0.952404871859508,8.8.0,
137-0033,Kisumu,2025-03-05 09_22_01,0.0052945396291083,29.822222078142595,1.4225908380713823,0.952404871859508,8.8.0,
137-0033,Kisumu,2025-03-07 09_45_07,0.0026968342662754,33.62576007166546,1.4751438781506168,0.983851202459386,8.8.0,
137-0033,Kisumu,2025-03-07 09_45_07,0.0026968342662754,33.62576007166546,1.4751438781506168,0.983851202459386,8.8.0,
137-0033,Kisumu,2025-03-12 10_22_34,0.0033234196258099,32.50467101602968,1.450626802250396,0.9699291530692574,8.8.0,
137-0033,Kisumu,2025-03-12 10_22_34,0.0033234196258099,32.50467101602968,1.450626802250396,0.9699291530692574,8.8.0,
137-0033,Kisumu,2025-03-19 09_07_26,0.0043262734701148,31.300856022156456,1.4325340082822786,0.9561742699494786,8.8.0,
137-0033,Kisumu,2025-03-19 09_07_26,0.0043262734701148,31.300856022156456,1.4325340082822786,0.9561742699494786,8.8.0,
137-0033,Kisumu,2025-03-20 09_18_32,0.0402899241810288,21.52744021952981,1.3321345592669245,0.8123679083235357,8.8.0,
137-0033,Kisumu,2025-03-20 09_18_32,0.0402899241810288,21.52744021952981,1.3321345592669245,0.8123679083235357,8.8.0,
137-0033,Kisumu,2025-03-21 08_59_46,0.0042448203299426,31.28905675355014,1.42802996938051,0.961479868954072,8.8.0,
137-0033,Kisumu,2025-03-21 08_59_46,0.0042448203299426,31.28905675355014,1.42802996938051,0.961479868954072,8.8.0,
137-0033,Kisumu,2025-03-26 09_29_14,0.003500936744937,32.537680892035674,1.453736779247739,0.9713662757996682,8.8.0,
137-0033,Kisumu,2025-03-26 09_29_14,0.003500936744937,32.537680892035674,1.453736779247739,0.9713662757996682,8.8.0,
137-0033,Kisumu,2025-03-27 09_24_25,0.007952087325026,28.161274462836523,1.396298375471511,0.926153965577838,8.8.0,
137-0033,Kisumu,2025-03-27 09_24_25,0.007952087325026,28.161274462836523,1.396298375471511,0.926153965577838,8.8.0,
137-0033,Kisumu,2025-04-08 09_33_38,0.0624744708423029,19.4920941244496,1.3159060574147583,0.7964878491094677,8.8.0,
137-0033,Kisumu,2025-04-08 09_33_38,0.0624744708423029,19.4920941244496,1.3159060574147583,0.7964878491094677,8.8.0,
137-0033,Kisumu,2025-04-09 10_03_52,0.0031401114283646,33.105350368135376,1.4722412129052456,0.9819491605686048,8.8.0,
137-0033,Kisumu,2025-04-09 10_03_52,0.0031401114283646,33.105350368135376,1.4722412129052456,0.9819491605686048,8.8.0,
137-0033,Kisumu,2025-04-15 10_05_57,0.0338397988297036,22.4362987377626,1.3293753664939054,0.8166309481163242,8.8.0,
137-0033,Kisumu,2025-04-15 10_05_57,0.0338397988297036,22.4362987377626,1.3293753664939054,0.8166309481163242,8.8.0,
137-0033,Kisumu,2025-04-16 08_55_48,0.0035274513594627,31.75103784045276,1.4375629482423686,0.965371653184488,8.8.0,
137-0033,Kisumu,2025-04-16 08_55_48,0.0035274513594627,31.75103784045276,1.4375629482423686,0.965371653184488,8.8.0,
137-0033,Kisumu,2025-04-17 08_37_25,0.0036797669564596,31.70762978291784,1.4372744235632091,0.9671748822603634,8.8.0,
137-0033,Kisumu,2025-04-17 08_37_25,0.0036797669564596,31.70762978291784,1.4372744235632091,0.9671748822603634,8.8.0,
137-0033,Kisumu,2025-04-22 09_18_50,0.0023049399124914,34.37284144572384,1.4854957201926102,0.9854916775077108,8.8.0,
137-0033,Kisumu,2025-04-22 09_18_50,0.0023049399124914,34.37284144572384,1.4854957201926102,0.9854916775077108,8.8.0,
137-0033,Kisumu,2025-04-29 09_32_34,0.0384181739935237,21.52971266492888,1.3296143845545485,0.8119624420530975,8.8.0,
137-0033,Kisumu,2025-04-29 09_32_34,0.0384181739935237,21.52971266492888,1.3296143845545485,0.8119624420530975,8.8.0,
137-0033,Kisumu,2025-04-30 09_14_01,0.0025049061293438,34.050482060437226,1.480334596945668,0.9842467920567874,8.8.0,
137-0033,Kisumu,2025-04-30 09_14_01,0.0025049061293438,34.050482060437226,1.480334596945668,0.9842467920567874,8.8.0,
137-0033,Kisumu,2025-04-24 08_26_09,0.0022771949212016,34.29880149029185,1.4851498985509868,0.9854999223514352,8.8.0,
137-0033,Kisumu,2025-04-24 08_26_09,0.0022771949212016,34.29880149029185,1.4851498985509868,0.9854999223514352,8.8.0,
137-0033,Kisumu,2025-04-25 08_42_27,0.0621728867995765,19.822680075343893,1.3293910053451048,0.8031558276161789,8.8.0,
137-0033,Kisumu,2025-04-25 08_42_27,0.0621728867995765,19.822680075343893,1.3293910053451048,0.8031558276161789,8.8.0,
137-0033,Kisumu,2025-04-28 10_02_30,0.0501235742178466,20.23367321224597,1.3155257492182308,0.7871583607480757,8.8.0,
137-0033,Kisumu,2025-04-28 10_02_30,0.0501235742178466,20.23367321224597,1.3155257492182308,0.7871583607480757,8.8.0,
137-0033,Kisumu,2025-05-02 10_10_42,0.0607409095630511,19.957919759561086,1.3228469851187283,0.7995577137185336,8.8.0,
137-0033,Kisumu,2025-05-02 10_10_42,0.0607409095630511,19.957919759561086,1.3228469851187283,0.7995577137185336,8.8.0,
137-0033,Kisumu,2025-05-07 11_12_26,0.0074823923458726,28.872775887785544,1.4168186277064858,0.9403605385363756,8.8.0,
137-0033,Kisumu,2025-05-07 11_12_26,0.0074823923458726,28.872775887785544,1.4168186277064858,0.9403605385363756,8.8.0,
137-0033,Kisumu,2025-05-13 09_10_21,0.0024727135910588,34.24308308078701,1.4850190149388738,0.9843920983240606,8.8.0,
137-0033,Kisumu,2025-05-13 09_10_21,0.0024727135910588,34.24308308078701,1.4850190149388738,0.9843920983240606,8.8.0,
137-0033,Kisumu,2025-05-20 09_51_48,0.0035739640406702,32.52058159832907,1.455408206594508,0.9705402434648108,8.8.0,
137-0033,Kisumu,2025-05-20 09_51_48,0.0035739640406702,32.52058159832907,1.455408206594508,0.9705402434648108,8.8.0,
137-0033,Kisumu,2025-05-22 09_11_36,0.0275382863612108,22.96076782588473,1.3304009499318388,0.825848497059687,8.8.0,
137-0033,Kisumu,2025-05-22 09_11_36,0.0275382863612108,22.96076782588473,1.3304009499318388,0.825848497059687,8.8.0,
137-0033,Kisumu,2025-05-25 14_03_21,0.0034403356173889,32.87865966220283,1.453595033326687,0.9694764997338288,8.8.0,
137-0033,Kisumu,2025-05-25 14_03_21,0.0034403356173889,32.87865966220283,1.453595033326687,0.9694764997338288,8.8.0,
137-0033,Kisumu,2025-05-27 08_38_21,0.0025879203948631,33.80560283979702,1.4789556246634088,0.983548397822674,8.8.0,
137-0033,Kisumu,2025-05-27 08_38_21,0.0025879203948631,33.80560283979702,1.4789556246634088,0.983548397822674,8.8.0,
137-0033,Kisumu,2025-05-28 08_47_28,0.0023290291498395,34.442256004509055,1.4845202077979025,0.985246334335125,8.8.0,
137-0033,Kisumu,2025-05-28 08_47_28,0.0023290291498395,34.442256004509055,1.4845202077979025,0.985246334335125,8.8.0,
137-0033,Kisumu,2025-06-03 10_08_27,0.0032615624757318,32.4904640159028,1.4487566518505497,0.9721199218000642,8.8.0,
137-0033,Kisumu,2025-06-04 08_32_53,0.0033166520635241,32.481978762966904,1.4473842921718807,0.9706633199458632,8.8.0,
137-0033,Kisumu,2025-06-18 07_41_21,0.0240636084620856,24.19066802359884,1.326734340519558,0.8178390823313583,8.8.0,
137-0033,Kisumu,2025-06-19 09_11_16,0.0081419351909633,28.60107647844869,1.397767799213844,0.9254307316240408,8.8.0,
137-0033,Kisumu,2025-06-22 08_33_19,0.0031514539210828,32.862569503268354,1.45394137746105,0.9729555419231252,8.8.0,
137-0033,Kisumu,2025-06-26 08_58_06,0.0027134982369208,33.89320589950123,1.4793172514316706,0.983467655183524,8.8.0,
137-0033,Kisumu,2025-07-01 09_21_28,0.0483087389818798,21.40729036633733,1.3471057763499503,0.8273291035974952,8.8.0,27.0
137-0033,Kisumu,2025-07-02 09_15_04,0.0477369839315003,21.353887196284767,1.352148590890066,0.8318904521506105,8.8.0,
137-0033,Kisumu,2025-07-03 08_51_59,0.0030413621672007,33.816544996756846,1.4842151506929082,0.9819598268246228,8.8.0,
137-0033,Kisumu,2025-07-08 09_21_50,0.0466624380308375,21.22217007785681,1.3367590094779958,0.8179847837622869,8.8.0,
137-0033,Kisumu,2025-07-09 09_31_27,0.0575008618691969,20.87823414924729,1.3199249756318585,0.7785434700555032,8.8.0,27.0
137-0033,Kisumu,2025-07-10 09_04_38,0.0033244244909638,33.129321687405245,1.456901658991681,0.9701644535987916,8.8.0,27.0
137-0033,Kisumu,2025-07-15 08_52_08,0.0038636061409776,32.59257548820237,1.4422545726220166,0.9616195979653588,8.8.0,27.0
137-0033,Kisumu,2025-07-22 08_56_59,0.0034362615297321,32.76117966738526,1.4545739454094924,0.9727370173326464,8.8.0,27.0
137-0033,Kisumu,2025-07-24 08_44_45,0.0035185648599913,32.25654873332683,1.4452376023015567,0.9670852684160762,8.8.0,27.0
137-0033,Kisumu,2025-07-29 10_55_44,0.0032346971568429,32.620030955049096,1.4503997135887834,0.9700733081299256,8.8.0,27.0
137-0033,Kisumu,2025-07-30 08_59_11,0.003134677868772,32.733193956805955,1.4524028921452636,0.9734324958581146,8.8.0,27.0
137-0033,Kisumu,2025-07-31 09_25_15,0.0529426625638845,21.091708046165444,1.289780170109066,0.7663257354210339,8.8.0,27.0
137-0033,Kisumu,2025-08-04 10_29_33,0.0529380401472618,20.209104229430107,1.295826084810341,0.7729071834639318,8.8.0,
137-0033,Kisumu,2025-08-05 09_38_22,0.0455336696675663,21.58243048835884,1.3713231371054395,0.8585225557657704,8.8.0,
137-0033,Kisumu,2025-08-06 09_05_56,0.0031000473197715,32.950222515599094,1.45476982604592,0.9734535069315714,8.8.0,
137-0033,Kisumu,2025-08-07 08_56_51,0.0030733056751663,32.709193920156814,1.4529959431944632,0.9733445639258278,8.8.0,27.0
137-0033,Kisumu,2025-08-12 08_47_06,0.0032270120978376,32.83936441146708,1.4560793465438566,0.9711076776842852,8.8.0,
137-0033,Kisumu,2025-08-13 08_47_37,0.0037737223285177,32.36719841136083,1.4481862666950145,0.9688999289667318,8.8.0,
137-0033,Kisumu,2025-08-14 08_52_09,0.0024066423398064,34.22315156934711,1.483830339325206,0.984883756083049,8.8.0,
137-0033,Kisumu,2025-08-19 08_40_22,0.0033060363993018,32.59520500673286,1.4507024296634166,0.969660065330283,8.8.0,
137-0033,Kisumu,2025-08-20 09_12_03,0.0039678440127048,31.797619240410903,1.4380281063344185,0.9603126124636568,8.8.0,
137-0033,Kisumu,2025-08-21 08_57_09,0.0414479694864911,21.48417594232352,1.3317785378931362,0.8262791539109242,8.8.0,
137-0033,Kisumu,2025-08-27 08_52_56,0.0390337546766387,21.837811234489827,1.3256429825380736,0.8188694308911337,8.8.0,
137-0033,Kisumu,2025-09-02 09_03_59,0.0034794766513316,32.529869706355015,1.4460022075122732,0.9685707620655276,8.8.0,
137-0033,Kisumu,2025-09-03 08_43_53,0.0025157656581684,34.5052975004423,1.4874039921432602,0.984245758975692,8.8.0,
137-0033,Kisumu,2025-09-04 08_38_53,0.0022245433205198,34.65307001181397,1.4885536250296314,0.985477535579743,8.8.0,
137-0033,Kisumu,2025-09-16 10_09_28,0.0034268712213044,32.53867945922035,1.448993165894476,0.9692689386835268,8.8.0,
137-0033,Kisumu,2025-09-16 10_09_28,0.0034268712213044,32.53867945922035,1.448993165894476,0.9692689386835268,8.8.0,
137-0033,Kisumu,2025-09-16 10_09_28,0.0034268712213044,32.53867945922035,1.448993165894476,0.9692689386835268,8.8.0,
137-0033,Kisumu,2025-09-16 10_09_28,0.0034268712213044,32.53867945922035,1.448993165894476,0.9692689386835268,8.8.0,
137-0033,Kisumu,2025-09-17 09_06_54,0.0572953473046921,20.44482229456573,1.3195891358796872,0.7949446721620408,8.8.0,
137-0033,Kisumu,2025-09-17 09_06_54,0.0572953473046921,20.44482229456573,1.3195891358796872,0.7949446721620408,8.8.0,
137-0033,Kisumu,2025-09-17 09_06_54,0.0572953473046921,20.44482229456573,1.3195891358796872,0.7949446721620408,8.8.0,
137-0033,Kisumu,2025-09-17 09_06_54,0.0572953473046921,20.44482229456573,1.3195891358796872,0.7949446721620408,8.8.0,
137-0033,Kisumu,2025-09-18 10_05_11,0.0034218687878809,32.73926446833282,1.4522579513994096,0.9699855343562922,8.8.0,27.0
137-0033,Kisumu,2025-09-18 10_05_11,0.0034218687878809,32.73926446833282,1.4522579513994096,0.9699855343562922,8.8.0,27.0
137-0033,Kisumu,2025-09-18 10_05_11,0.0034218687878809,32.73926446833282,1.4522579513994096,0.9699855343562922,8.8.0,27.0
137-0033,Kisumu,2025-09-24 09_26_00,0.00315667451088,32.94267877370582,1.4538117611649852,0.9725369192884422,8.8.0,
137-0033,Kisumu,2025-09-26 11_38_35,0.0040478507874361,32.07707262949031,1.4363871589018968,0.9588231485300042,8.8.0,
137-0033,Kisumu,2025-10-02 10_01_18,0.0039218192488811,31.927478725288427,1.4363231529213651,0.9643644095018368,8.8.0,
137-0033,Kisumu,2025-10-14 09_21_25,0.003237107406403,33.16774019658835,1.4565212984612828,0.971650385977894,8.8.0,
137-0033,Kisumu,2025-10-15 10_33_29,0.0027433351872844,34.526200116731935,1.4881010042360276,0.9827628231021778,8.8.0,
137-0033,Kisumu,2025-10-07 09_32_52,0.0401031275385555,21.899535527855644,1.327901770547352,0.8184768607861725,8.8.0,
137-0033,Kisumu,2025-10-08 09_08_21,0.0028459879612874,34.18718175238925,1.487257676493773,0.9817358050260516,8.8.0,
137-0033,Kisumu,2025-10-09 08_55_17,0.0032649624551365,33.1803119566617,1.4568765243893045,0.9723541286465784,8.8.0,
137-0033,Kisumu,2025-10-21 09_11_01,0.0030158952591919,33.94989000815674,1.486581100499215,0.9820132367369784,8.8.0,
137-0033,Kisumu,2025-10-22 10_10_32,0.0030981981166038,33.189273224476736,1.4572683241064457,0.9725140352519503,8.8.0,
137-0033,Kisumu,2025-10-23 09_00_39,0.003333142921236,32.75078686570333,1.45234918732746,0.9715756164552,8.8.0,
137-0033,Kisumu,2025-10-28 08_34_27,0.0627674795350095,19.87362382929853,1.3184682227254916,0.795048852234077,8.8.0,
137-0033,Kisumu,2025-10-29 08_49_29,0.0035054519539992,32.31045344304128,1.4459023811370229,0.971854729645502,8.8.0,
137-0033,Kisumu,2025-10-30 09_00_38,0.0613963183118313,19.644051378740983,1.3171679100838292,0.8028288261805883,8.8.0,
137-0042,Nairobi,2025-07-01 16_59_29,0.003893757164911,32.014574163099326,1.437427479277786,0.974746666745846,8.8.1,26.0
137-0042,Nairobi,2025-07-08 08_52_17,0.0039513607080043,31.215832320695004,1.4314556964581695,0.9752112178395206,8.8.1,
137-0042,Nairobi,2025-07-09 08_56_06,0.0065797128042661,29.999699296521523,1.4086922510071236,0.9639210463673876,8.8.1,
137-0042,Nairobi,2025-07-10 08_56_47,0.0034273768698499,32.877953722034924,1.4513220202721289,0.9778615028091108,8.8.1,24.0
137-0042,Nairobi,2025-07-11 09_30_06,0.003377574880216,33.290792419998624,1.4569979203375316,0.9798235678810248,8.8.1,
137-0042,Nairobi,2025-07-14 09_06_37,0.0029020926477814,33.76076621761331,1.467956242861513,0.9827678405183246,8.8.1,25.0
137-0042,Nairobi,2025-07-15 08_43_14,0.0035821712695387,32.44557842627208,1.4475687531126766,0.9777401849844288,8.8.1,
137-0042,Nairobi,2025-07-16 09_09_26,0.0041010327796097,32.28011054817141,1.440657827344038,0.9765219393259372,8.8.1,
137-0042,Nairobi,2025-07-17 09_56_33,0.0044461256257711,31.625277959540625,1.4313944247803998,0.9743236997500052,8.8.1,
137-0042,Nairobi,2025-07-18 08_45_57,0.0039826546227932,31.62949027685581,1.433867537875064,0.9766504300090116,8.8.1,25.0
137-0042,Nairobi,2025-07-21 09_12_36,0.0045387468924149,31.42335386094489,1.4277430330921748,0.971580659173225,8.8.1,
137-0042,Nairobi,2025-07-22 08_45_21,0.0091814388153751,27.11021977363955,1.3651753279943508,0.945712009399478,8.8.1,24.0
137-0042,Nairobi,2025-07-23 08_54_28,0.0065482839832319,29.434093365118787,1.3952888710834548,0.9606299578183776,8.8.1,
137-0042,Nairobi,2025-07-24 08_46_11,0.0048091199193997,30.01344977140625,1.4109235866538503,0.9682589412243976,8.8.1,25.0
137-0042,Nairobi,2025-07-25 09_17_18,0.0044867685640956,31.581938835963168,1.4296486709634122,0.9720649798694552,8.8.1,24.0
137-0042,Nairobi,2025-07-28 09_10_12,0.0080576619630367,28.70168899468584,1.3825924323133547,0.9528425148536428,8.8.1,26.0
137-0042,Nairobi,2025-07-29 09_12_08,0.0064381189050991,29.699203568851363,1.3967048292442703,0.9591353118265832,8.8.1,
137-0042,Nairobi,2025-07-30 09_00_16,0.0179969558174474,22.642854974119228,1.3117711238225036,0.7769551937963778,8.8.1,24.0
137-0042,Nairobi,2025-07-31 08_56_02,0.0065788634537809,29.55354847577506,1.395958817049099,0.957116250885653,8.8.1,
137-0042,Nairobi,2025-08-04 09_13_14,0.0065026407404968,29.8813022488158,1.3991688142481686,0.9561338831351224,8.8.1,
137-0042,Nairobi,2025-08-05 09_02_56,0.0103225429625986,25.901731588441564,1.3476692333490004,0.925956398158839,8.8.1,24.0
137-0042,Nairobi,2025-08-06 08_46_35,0.0069523263248857,28.31235454155905,1.3798745323577937,0.9154324499457284,8.8.1,
137-0042,Nairobi,2025-08-07 08_37_22,0.0085397738158628,28.13074307181252,1.3714870744881318,0.9422673546184536,8.8.1,
137-0042,Nairobi,2025-08-08 08_29_49,0.0060280565930952,29.71126845207129,1.3986245056039737,0.9576685671251794,8.8.1,
137-0042,Nairobi,2025-08-11 08_49_28,0.0089493150471996,28.657929821368825,1.3772254027254351,0.939365580982334,8.8.1,
137-0042,Nairobi,2025-08-12 08_42_11,0.0121238999274931,26.72858313057146,1.3515156991731905,0.9142648102301134,8.8.1,
137-0042,Nairobi,2025-08-13 08_43_32,0.0150091927168533,25.226166267945903,1.3424052712161514,0.8592019666016342,8.8.1,
137-0042,Nairobi,2025-08-13 15_17_51,0.0061849968076606,30.09062790241756,1.402387612508622,0.9572516639597248,8.8.1,26.0
137-0042,Nairobi,2025-08-14 09_17_19,0.0060989921382823,30.07979760038329,1.4036625172023685,0.947896175347574,8.8.1,26.0
137-0042,Nairobi,2025-08-18 09_08_22,0.0083635114500105,28.864591515603696,1.380458857770532,0.9324920146491418,8.8.1,
137-0042,Nairobi,2025-08-19 08_39_05,0.0091103790027613,28.17853534345764,1.3746454970806825,0.921096746099675,8.8.1,
137-0042,Nairobi,2025-08-20 08_56_24,0.0063053951182079,29.81804423173842,1.3980439424663786,0.9584468316157267,8.8.1,
137-0042,Nairobi,2025-08-22 08_34_52,0.0131722928535555,26.38409542177879,1.3430298207843447,0.9082015460011482,8.8.1,
137-0042,Nairobi,2025-08-25 08_39_30,0.005322744125167,30.717816407433286,1.4139626261866385,0.9626200607241336,8.8.1,
137-0042,Nairobi,2025-08-26 09_11_37,0.0054566148346641,30.34325831365572,1.4104087720427103,0.9634398290658592,8.8.1,26.0
137-0042,Nairobi,2025-08-27 09_48_47,0.0032951626413223,32.893376199881715,1.4557060007287654,0.9795061693215592,8.8.1,26.0
137-0042,Nairobi,2025-08-28 08_46_53,0.0083365295397905,28.44085717535002,1.3749190247531893,0.93908573970333,8.8.1,26.0
137-0042,Nairobi,2025-08-29 08_42_09,0.0053963650393336,30.20340197935107,1.4076256619394123,0.9661360872279486,8.8.1,
137-0039,Zomba,2024-02-08 09_18_50,0.0024550662144758,32.88211021043979,1.4611036188839155,0.9823555766887124,8.6.1,29.0
137-0039,Zomba,2024-02-08 09_18_50,0.0024550662144758,32.88211021043979,1.4611036188839155,0.9823555766887124,8.6.1,29.0
137-0039,Zomba,2023-11-23 08_00_24,0.0026707405329331,32.82881571948185,1.4586734775223322,0.981129526233282,8.6.1,29.0
137-0039,Zomba,2023-11-23 08_00_24,0.0026707405329331,32.82881571948185,1.4586734775223322,0.981129526233282,8.6.1,29.0
137-0039,Zomba,2023-09-08 10_18_45,0.0025030137340508,33.72348995204491,1.4724497561077572,0.982041278009138,8.6.1,
137-0039,Zomba,2023-09-08 10_18_45,0.0025030137340508,33.72348995204491,1.4724497561077572,0.982041278009138,8.6.1,
137-0039,Zomba,2023-09-14 13_07_02,0.0024986839642781,33.746359169238794,1.4709413524602946,0.9820973800738408,8.6.1,
137-0039,Zomba,2023-09-14 13_07_02,0.0024986839642781,33.746359169238794,1.4709413524602946,0.9820973800738408,8.6.1,
137-0039,Zomba,2023-12-13 07_43_31,0.0025141993604112,33.333352397666204,1.466351281632616,0.9813182136042304,8.6.1,29.0
137-0039,Zomba,2023-12-13 07_43_31,0.0025141993604112,33.333352397666204,1.466351281632616,0.9813182136042304,8.6.1,29.0
137-0039,Zomba,2024-02-02 09_32_20,0.0025529651668196,33.60236589796234,1.4692067443214338,0.9816642601248616,8.6.1,29.0
137-0039,Zomba,2024-02-02 09_32_20,0.0025529651668196,33.60236589796234,1.4692067443214338,0.9816642601248616,8.6.1,29.0
137-0039,Zomba,2024-02-01 08_02_15,0.0024484998301288,33.8093144069824,1.4721390021244856,0.9827047846804128,8.6.1,29.0
137-0039,Zomba,2024-02-01 08_02_15,0.0024484998301288,33.8093144069824,1.4721390021244856,0.9827047846804128,8.6.1,29.0
137-0039,Zomba,2024-02-07 08_34_15,0.002444957793127,33.82526194243485,1.4715819842974167,0.9826524293269931,8.6.1,29.0
137-0039,Zomba,2024-02-07 08_34_15,0.002444957793127,33.82526194243485,1.4715819842974167,0.9826524293269931,8.6.1,29.0
137-0039,Zomba,2024-01-02 07_47_47,0.0024998996532663,33.356002798132515,1.4667271428983444,0.9821288108957285,8.6.1,29.0
137-0039,Zomba,2024-01-02 07_47_47,0.0024998996532663,33.356002798132515,1.4667271428983444,0.9821288108957285,8.6.1,29.0
137-0039,Zomba,2024-01-08 07_56_37,0.0025444174319138,32.85054773885978,1.4604495362072334,0.9812963220737078,8.6.1,29.0
137-0039,Zomba,2024-01-08 07_56_37,0.0025444174319138,32.85054773885978,1.4604495362072334,0.9812963220737078,8.6.1,29.0
137-0039,Zomba,2024-01-09 08_28_35,0.0027366125475483,32.99601682310788,1.46001040426859,0.9803551195480328,8.6.1,29.0
137-0039,Zomba,2024-01-09 08_28_35,0.0027366125475483,32.99601682310788,1.46001040426859,0.9803551195480328,8.6.1,29.0
137-0039,Zomba,2024-01-10 09_05_05,0.0024085484917406,33.38751887702501,1.4676277376386504,0.98278041695729,8.6.1,29.0
137-0039,Zomba,2024-01-10 09_05_05,0.0024085484917406,33.38751887702501,1.4676277376386504,0.98278041695729,8.6.1,29.0
137-0039,Zomba,2024-01-11 08_14_41,0.0025116695011591,33.44805104690852,1.467745971825188,0.9821788706725516,8.6.1,29.0
137-0039,Zomba,2024-01-11 08_14_41,0.0025116695011591,33.44805104690852,1.467745971825188,0.9821788706725516,8.6.1,29.0
137-0039,Zomba,2024-01-12 08_11_30,0.0024478000559032,33.36149011011426,1.466441436294887,0.9828201558067136,8.6.1,29.0
137-0039,Zomba,2024-01-12 08_11_30,0.0024478000559032,33.36149011011426,1.466441436294887,0.9828201558067136,8.6.1,29.0
137-0039,Zomba,2024-01-16 12_28_13,0.0024865623061131,33.054407395061254,1.4624794083436947,0.981649247690829,8.6.1,29.0
137-0039,Zomba,2024-01-16 12_28_13,0.0024865623061131,33.054407395061254,1.4624794083436947,0.981649247690829,8.6.1,29.0
137-0039,Zomba,2024-01-22 07_59_53,0.0025327641580818,33.256308876749884,1.4647143534504048,0.9811678248586956,8.6.1,29.0
137-0039,Zomba,2024-01-22 07_59_53,0.0025327641580818,33.256308876749884,1.4647143534504048,0.9811678248586956,8.6.1,29.0
137-0039,Zomba,2024-01-23 09_39_32,0.002520771191645,33.13916964886954,1.4629793307097336,0.9821883960376504,8.6.1,29.0
137-0039,Zomba,2024-01-23 09_39_32,0.002520771191645,33.13916964886954,1.4629793307097336,0.9821883960376504,8.6.1,29.0
137-0039,Zomba,2024-01-25 08_11_32,0.0023985855697498,34.00213265122009,1.4748220466773223,0.982395837594915,8.6.1,29.0
137-0039,Zomba,2024-01-25 08_11_32,0.0023985855697498,34.00213265122009,1.4748220466773223,0.982395837594915,8.6.1,29.0
137-0039,Zomba,2024-01-26 08_07_26,0.0026795945201593,33.08492492004688,1.4611650653692714,0.9808371623702258,8.6.1,29.0
137-0039,Zomba,2024-01-26 08_07_26,0.0026795945201593,33.08492492004688,1.4611650653692714,0.9808371623702258,8.6.1,29.0
137-0039,Zomba,2024-01-29 07_43_40,0.0024865460229991,33.669948973797304,1.4705806472209595,0.9821053723144884,8.6.1,29.0
137-0039,Zomba,2024-01-29 07_43_40,0.0024865460229991,33.669948973797304,1.4705806472209595,0.9821053723144884,8.6.1,29.0
137-0039,Zomba,2024-01-31 09_48_22,0.0025822151112663,33.05854521902456,1.462586941063067,0.9810469201638148,8.6.1,29.0
137-0039,Zomba,2024-01-31 09_48_22,0.0025822151112663,33.05854521902456,1.462586941063067,0.9810469201638148,8.6.1,29.0
137-0039,Zomba,2024-01-30 08_24_31,0.0024992896874021,33.82932859346844,1.4725764982661147,0.9816171674681702,8.6.1,29.0
137-0039,Zomba,2024-01-30 08_24_31,0.0024992896874021,33.82932859346844,1.4725764982661147,0.9816171674681702,8.6.1,29.0
137-0039,Zomba,2023-11-15 08_36_17,0.0028737561336542,32.784505664396704,1.4572338327610217,0.9786659635042436,8.6.1,29.0
137-0039,Zomba,2023-11-15 08_36_17,0.0028737561336542,32.784505664396704,1.4572338327610217,0.9786659635042436,8.6.1,29.0
137-0039,Zomba,2023-11-20 08_27_51,0.0024407049917028,33.70516536598186,1.4714952458052877,0.9822773190726772,8.6.1,29.0
137-0039,Zomba,2023-11-20 08_27_51,0.0024407049917028,33.70516536598186,1.4714952458052877,0.9822773190726772,8.6.1,29.0
137-0039,Zomba,2023-11-08 08_05_42,0.0025729292376666,33.12815508093883,1.4635980488048157,0.9811020100447788,8.6.1,29.0
137-0039,Zomba,2023-11-08 08_05_42,0.0025729292376666,33.12815508093883,1.4635980488048157,0.9811020100447788,8.6.1,29.0
137-0039,Zomba,2023-11-09 08_39_01,0.0026001803952928,33.19484578317838,1.4647555518843547,0.9802696136462594,8.6.1,29.0
137-0039,Zomba,2023-11-09 08_39_01,0.0026001803952928,33.19484578317838,1.4647555518843547,0.9802696136462594,8.6.1,29.0
137-0039,Zomba,2023-11-10 09_23_16,0.0027957613191371,32.9651344345613,1.4604467444709524,0.9792584644390848,8.6.1,29.0
137-0039,Zomba,2023-11-10 09_23_16,0.0027957613191371,32.9651344345613,1.4604467444709524,0.9792584644390848,8.6.1,29.0
137-0039,Zomba,2023-11-13 09_03_43,0.0026521961298877,32.71751301630982,1.457827854469364,0.980738609214417,8.6.1,29.0
137-0039,Zomba,2023-11-13 09_03_43,0.0026521961298877,32.71751301630982,1.457827854469364,0.980738609214417,8.6.1,29.0
137-0039,Zomba,2023-11-14 09_24_21,0.0026257714164351,33.1878087989009,1.4640884555783893,0.9804094329042172,8.6.1,29.0
137-0039,Zomba,2023-11-14 09_24_21,0.0026257714164351,33.1878087989009,1.4640884555783893,0.9804094329042172,8.6.1,29.0
137-0039,Zomba,2023-11-21 07_50_56,0.0025738281527231,32.507981063069,1.4558521457749771,0.9815961531535392,8.6.1,29.0
137-0039,Zomba,2023-11-21 07_50_56,0.0025738281527231,32.507981063069,1.4558521457749771,0.9815961531535392,8.6.1,29.0
137-0039,Zomba,2023-11-22 07_50_40,0.0024947709763035,32.70267476475403,1.458968821273373,0.9821581830747008,8.6.1,29.0
137-0039,Zomba,2023-11-22 07_50_40,0.0024947709763035,32.70267476475403,1.458968821273373,0.9821581830747008,8.6.1,29.0
137-0039,Zomba,2023-11-29 08_03_01,0.0024910992789455,33.78825749616971,1.4719491800239703,0.9815879946338,8.6.1,29.0
137-0039,Zomba,2023-11-29 08_03_01,0.0024910992789455,33.78825749616971,1.4719491800239703,0.9815879946338,8.6.1,29.0
137-0039,Zomba,2023-11-27 10_14_09,0.0030245805133284,32.65159501294463,1.454107372268607,0.9771828378697658,8.6.1,29.0
137-0039,Zomba,2023-11-27 10_14_09,0.0030245805133284,32.65159501294463,1.454107372268607,0.9771828378697658,8.6.1,29.0
137-0039,Zomba,2023-11-30 08_04_54,0.0025361479479802,33.79878227910695,1.4712960819925185,0.9810614756496652,8.6.1,29.0
137-0039,Zomba,2023-11-30 08_04_54,0.0025361479479802,33.79878227910695,1.4712960819925185,0.9810614756496652,8.6.1,29.0
137-0039,Zomba,2023-11-07 07_51_51,0.0025927902631368,33.033458315112384,1.4622479290908077,0.9811992463044744,8.6.1,29.0
137-0039,Zomba,2023-11-07 07_51_51,0.0025927902631368,33.033458315112384,1.4622479290908077,0.9811992463044744,8.6.1,29.0
137-0039,Zomba,2023-12-08 09_55_15,0.0030719783306091,32.62016441664037,1.4525152728425106,0.9752062042972048,8.6.1,29.0
137-0039,Zomba,2023-12-08 09_55_15,0.0030719783306091,32.62016441664037,1.4525152728425106,0.9752062042972048,8.6.1,29.0
137-0039,Zomba,2023-12-15 08_05_15,0.0024951967286225,33.02501099738488,1.4634122745998663,0.9816444609828924,8.6.1,29.0
137-0039,Zomba,2023-12-15 08_05_15,0.0024951967286225,33.02501099738488,1.4634122745998663,0.9816444609828924,8.6.1,29.0
137-0039,Zomba,2023-12-19 07_58_43,0.0026705859829527,32.75968530403884,1.4582684771916117,0.980884649358442,8.6.1,29.0
137-0039,Zomba,2023-12-19 07_58_43,0.0026705859829527,32.75968530403884,1.4582684771916117,0.980884649358442,8.6.1,29.0
137-0039,Zomba,2023-12-01 08_39_28,0.0026727298705826,32.736442918540114,1.4581645829613132,0.9797736027075168,8.6.1,29.0
137-0039,Zomba,2023-12-01 08_39_28,0.0026727298705826,32.736442918540114,1.4581645829613132,0.9797736027075168,8.6.1,29.0
137-0039,Zomba,2023-12-04 09_28_04,0.002807630125253,32.47245853847148,1.453984265833239,0.978812391597641,8.6.1,29.0
137-0039,Zomba,2023-12-04 09_28_04,0.002807630125253,32.47245853847148,1.453984265833239,0.978812391597641,8.6.1,29.0
137-0039,Zomba,2023-12-29 09_44_41,0.0024003428160342,33.80612394390906,1.4732430357161794,0.9824349005043514,8.6.1,29.0
137-0039,Zomba,2023-12-29 09_44_41,0.0024003428160342,33.80612394390906,1.4732430357161794,0.9824349005043514,8.6.1,29.0
137-0039,Zomba,2023-12-18 09_33_30,0.0024674987459692,33.439814439677875,1.4685934559514715,0.982110501488994,8.6.1,29.0
137-0039,Zomba,2023-12-18 09_33_30,0.0024674987459692,33.439814439677875,1.4685934559514715,0.982110501488994,8.6.1,29.0
137-0039,Zomba,2023-12-07 08_13_37,0.0026623324056987,33.22674878751272,1.4634383634130903,0.9804383763036147,8.6.1,29.0
137-0039,Zomba,2023-12-07 08_13_37,0.0026623324056987,33.22674878751272,1.4634383634130903,0.9804383763036147,8.6.1,29.0
137-0039,Zomba,2023-12-06 08_18_50,0.0030037296047802,32.39424716635846,1.4509843243579872,0.9761998699189268,8.6.1,29.0
137-0039,Zomba,2023-12-06 08_18_50,0.0030037296047802,32.39424716635846,1.4509843243579872,0.9761998699189268,8.6.1,29.0
137-0039,Zomba,2023-12-22 08_45_32,0.0024567464335008,33.63606306565294,1.4707431595698346,0.9817598306158708,8.6.1,29.0
137-0039,Zomba,2023-12-22 08_45_32,0.0024567464335008,33.63606306565294,1.4707431595698346,0.9817598306158708,8.6.1,29.0
137-0039,Zomba,2023-12-14 09_03_04,0.0025121601524574,33.295137524239955,1.4656230409722708,0.9815059092624664,8.6.1,29.0
137-0039,Zomba,2023-12-14 09_03_04,0.0025121601524574,33.295137524239955,1.4656230409722708,0.9815059092624664,8.6.1,29.0
137-0039,Zomba,2023-12-12 08_17_46,0.0024493444202635,33.6567336933004,1.4703461014008283,0.981854987770888,8.6.1,29.0
137-0039,Zomba,2023-12-12 08_17_46,0.0024493444202635,33.6567336933004,1.4703461014008283,0.981854987770888,8.6.1,29.0
137-0039,Zomba,2023-12-21 09_18_02,0.0025350141050408,33.28306160232765,1.465795003250718,0.9813220315920644,8.6.1,29.0
137-0031,Gaborone,2024-03-18 08_14_39,0.0026660388919589,33.51356413366008,1.4652841450604317,0.9837544559558578,8.6.1,29.0
137-0031,Gaborone,2024-03-18 08_14_39,0.0026656289295382,33.51423200879196,1.4652919555264938,0.9837540844745526,8.6.1,29.0
137-0031,Gaborone,2024-03-18 08_14_39,0.0026655192156196,33.51441076259179,1.4652716345486458,0.9837546516560884,8.6.1,29.0
137-0031,Gaborone,2024-03-18 08_14_39,0.0026655192156196,33.51441076259179,1.4652716345486458,0.9837546516560884,8.6.1,29.0
137-0031,Gaborone,2024-03-22 08_18_06,0.0025785411121962,32.786966501685555,1.4569404928746938,0.984297114310304,8.6.1,29.0
137-0031,Gaborone,2024-03-22 08_18_06,0.002578659359084,32.7867673472366,1.4569306633827812,0.9842981282038412,8.6.1,29.0
137-0031,Gaborone,2024-03-22 08_18_06,0.0025783919799124,32.78721768713553,1.4569374147120742,0.9842978246161552,8.6.1,29.0
137-0031,Gaborone,2024-03-22 08_18_06,0.0025783919799124,32.78721768713553,1.4569374147120742,0.9842978246161552,8.6.1,29.0
137-0031,Gaborone,2024-03-19 08_14_27,0.0029672772680011,32.808421627093686,1.4530422600541038,0.9817355507451327,8.6.1,29.0
137-0031,Gaborone,2024-03-19 08_14_27,0.0029676700702897,32.807846754708265,1.4530168054417618,0.98173511470678,8.6.1,29.0
137-0031,Gaborone,2024-03-19 08_14_27,0.0029677757312924,32.80769213114004,1.4530614916576623,0.9817312900451508,8.6.1,29.0
137-0031,Gaborone,2024-03-19 08_14_27,0.0029677757312924,32.80769213114004,1.4530614916576623,0.9817312900451508,8.6.1,29.0
137-0031,Gaborone,2024-02-28 08_14_34,0.0277723423832256,23.20019881550108,1.8466777550032485,0.9103461564090806,8.6.1,29.0
137-0031,Gaborone,2024-02-28 08_14_34,0.0277713587843267,23.200352630088613,1.846750481052449,0.910385641734309,8.6.1,29.0
137-0031,Gaborone,2024-02-28 08_14_34,0.0277713587843267,23.200352630088613,1.846750481052449,0.910385641734309,8.6.1,29.0
137-0031,Gaborone,2024-02-27 09_11_46,0.0260817358960758,23.51378407648109,1.8615780500123933,0.9317564987412328,8.6.1,29.0
137-0031,Gaborone,2024-02-27 09_11_46,0.0261653972666984,23.499875675975986,1.8613218575338724,0.931649734332752,8.6.1,29.0
137-0031,Gaborone,2024-02-27 09_11_46,0.0261653972666984,23.499875675975986,1.8613218575338724,0.931649734332752,8.6.1,29.0
137-0031,Gaborone,2024-02-23 08_48_51,0.0254765062194918,23.325496861956424,1.862747487603552,0.9335327655841712,8.6.1,29.0
137-0031,Gaborone,2024-02-23 08_48_51,0.0254832850029178,23.32434144582042,1.8627662429635128,0.933553724162854,8.6.1,29.0
137-0031,Gaborone,2024-02-23 08_48_51,0.0254832850029178,23.32434144582042,1.8627662429635128,0.933553724162854,8.6.1,29.0
137-0031,Gaborone,2024-02-22 09_10_31,0.0250967137977798,23.225362210516884,1.861088041613412,0.9376263926286053,8.6.1,29.0
137-0031,Gaborone,2024-02-22 09_10_31,0.0249950430638274,23.24299189736657,1.8618471085737327,0.9379319813188192,8.6.1,29.0
137-0031,Gaborone,2024-02-22 09_10_31,0.0249950430638274,23.24299189736657,1.8618471085737327,0.9379319813188192,8.6.1,29.0
137-0031,Gaborone,2024-02-21 08_07_28,0.026399128179759,22.83727568577624,1.8623194822280968,0.9316248989115704,8.6.1,29.0
137-0031,Gaborone,2024-02-21 08_07_28,0.026399128179759,22.83727568577624,1.8623194822280968,0.9316248989115704,8.6.1,29.0
137-0031,Gaborone,2024-02-20 08_16_17,0.0277084421824653,22.237095212310617,1.8565709884194392,0.9295797548813308,8.6.1,29.0
137-0031,Gaborone,2024-02-20 08_16_17,0.0277084421824653,22.237095212310617,1.8565709884194392,0.9295797548813308,8.6.1,29.0
137-0031,Gaborone,2024-02-29 09_19_55,0.0283131688276596,22.95691614587496,1.8482589935772047,0.911327098165924,8.6.1,29.0
137-0031,Gaborone,2024-02-29 09_19_55,0.0283131688276596,22.95691614587496,1.8482589935772047,0.911327098165924,8.6.1,29.0
137-0031,Gaborone,2024-02-16 08_45_38,0.0027000699045653,32.29669983129024,1.449835266462405,0.9839003828114709,8.6.1,30.0
137-0031,Gaborone,2024-03-06 09_00_16,0.0026350709752375,33.131849388204664,1.460876314140776,0.9837329473272448,8.6.1,24.0
137-0031,Gaborone,2024-03-11 11_08_51,0.0026357494258813,32.54845985550913,1.4542933999765102,0.9839116527937964,8.6.1,30.0
137-0031,Gaborone,2024-03-12 08_18_50,0.002693857199622,32.3275898874443,1.4512056354719811,0.9832549537070016,8.6.1,30.0
137-0031,Gaborone,2024-03-13 08_19_16,0.002480929170206,32.599047317241336,1.456218269288336,0.9843376662502754,8.6.1,28.0
137-0031,Gaborone,2024-03-14 08_14_28,0.0028662367156946,32.32377220371633,1.4490107115680226,0.9822650152232836,8.6.1,28.0
137-0031,Gaborone,2024-03-15 08_20_55,0.0043565176936026,29.50669326523395,1.408209499157956,0.9676293089924832,8.6.1,22.0
137-0031,Gaborone,2024-03-25 09_41_47,0.0025369664216445,32.43733565487727,1.4534493380075155,0.9843175930927816,8.6.1,28.0
137-0031,Gaborone,2024-03-26 10_01_40,0.0028121430447647,31.881027737777305,1.4446920081526946,0.9822472353366322,8.6.1,28.0
137-0031,Gaborone,2024-03-27 09_36_26,0.002588572045294,32.638301410584134,1.455537898669363,0.9841185945352552,8.6.1,28.0
137-0031,Gaborone,2024-04-05 08_32_59,0.0029217449465878,32.568365734516,1.4509805627414862,0.9824942192804732,8.6.1,26.0
137-0031,Gaborone,2024-04-11 10_30_20,0.0026547360529422,32.74234399566515,1.4563219733856294,0.9832676551780308,8.6.1,26.0
137-0031,Gaborone,2024-04-15 09_45_04,0.0026409859145094,32.52828168074765,1.4532483427421443,0.9831718652945076,8.6.1,26.0
137-0031,Gaborone,2024-04-16 10_45_09,0.0026356967642964,33.13574908347769,1.4601625759488626,0.984118570374452,8.6.1,26.0
137-0031,Gaborone,2024-04-18 15_30_13,0.0020722323888554,35.274059584382336,1.496271943026,0.9868104884774512,rc8.8.0_Beta1,
137-0031,Gaborone,2024-04-19 11_42_30,0.0021202183652592,34.589897652616465,1.487478263771981,0.9863547135651788,rc8.8.0_Beta1,26.0
137-0031,Gaborone,2024-04-22 13_23_10,0.0020550861471164,34.94851279969035,1.4930323489549675,0.9868945159910102,rc8.8.0_Beta1,26.0
137-0031,Gaborone,2024-04-24 10_54_08,0.0020393999775848,34.776757460371655,1.490595881226734,0.9868217967954632,rc8.8.0_Beta1,28.0
137-0031,Gaborone,2024-05-06 13_36_41,0.0020866833172309,34.49288807320229,1.48687902332236,0.9859682708448304,rc8.8.0_Beta1,26.0
137-0031,Gaborone,2024-05-07 08_14_28,0.0020302911814747,35.1039720962193,1.494985415041124,0.9865493379982208,rc8.8.0_Beta1,26.0
137-0031,Gaborone,2024-05-10 09_15_44,0.0020396263177091,35.17010617420738,1.4951433880228977,0.9869903395015376,rc8.8.0_Beta1,26.0
137-0031,Gaborone,2024-05-30 09_40_28,0.0021016876868628,35.28621679706527,1.496497434050261,0.9864892669134554,rc8.8.0_Beta1,24.0
137-0031,Gaborone,2024-07-31 08_34_04,0.0021425253405605,36.00107470804615,1.5049361211302164,0.9867094239411054,rc8.8.0_Beta1,22.0
137-0031,Gaborone,2024-11-12 08_58_50,0.0023274362655427,33.75483759277762,1.4745723892085203,0.9825594468423728,rc8.8.0_Beta1,28.0
137-0031,Gaborone,2024-11-13 09_15_58,0.0026677584653514,33.51430250204474,1.4667641777939082,0.9803870599503594,rc8.8.0_Beta1,28.0
137-0031,Gaborone,2024-11-15 12_07_44,0.0022354654382873,34.75638152480502,1.4872718339190292,0.9854473427512674,rc8.8.0_Beta1,28.0
137-0031,Gaborone,2024-11-18 09_16_06,0.0022220512829238,34.49939958613433,1.4847097751224163,0.9855014562444132,rc8.8.0_Beta1,26.0
137-0031,Gaborone,2024-11-20 09_08_55,0.0024091599344237,34.22730668218049,1.4786096825231336,0.9840748110928792,rc8.8.0_Beta1,28.0
137-0031,Gaborone,2024-11-21 10_11_49,0.0024349908136723,34.289709074614166,1.479828846424639,0.983896578940758,rc8.8.0_Beta1,28.0
137-0031,Gaborone,2024-11-22 09_26_45,0.0022983457759859,34.66067894508333,1.4854526480925605,0.984616959068321,rc8.8.0_Beta1,28.0
137-0031,Gaborone,2024-11-25 12_01_36,0.0023691643586865,33.150172916083285,1.4662868977902852,0.9840071951624152,rc8.8.0_Beta1,30.0
137-0031,Gaborone,2024-11-26 15_01_58,0.002459183772765,33.545263415090155,1.4688351713476149,0.9833264997865652,rc8.8.0_Beta1,28.0
137-0031,Gaborone,2024-11-27 10_29_39,0.0026349678449924,33.31998235588165,1.462124374426696,0.9814066365797002,rc8.8.0_Beta1,26.0
137-0031,Gaborone,2024-11-28 09_16_07,0.0023618374142623,34.29327342207637,1.4796753029763088,0.9844638909022696,rc8.8.0_Beta1,28.0
137-0031,Gaborone,2024-11-29 08_31_35,0.0022891923605939,33.65439648791943,1.4722923984300005,0.9846597866346192,rc8.8.0_Beta1,30.0
137-0031,Gaborone,2024-12-02 08_49_43,0.0022365484448023,33.4746100913989,1.4710252497379914,0.985070438744058,rc8.8.0_Beta1,34.0
137-0031,Gaborone,2024-12-03 12_06_52,0.0026146346503053,33.05057474205076,1.4608560891589435,0.9820765072763016,rc8.8.0_Beta1,30.0
137-0031,Gaborone,2024-12-04 08_23_36,0.0029855271059539,32.67425127051089,1.4509528415311883,0.9782682954949674,rc8.8.0_Beta1,28.0
137-0031,Gaborone,2024-12-06 08_08_45,0.0024620664946789,33.87728404324002,1.4728344721055924,0.9828567467891384,rc8.8.0_Beta1,28.0
137-0031,Gaborone,2024-12-09 08_19_36,0.0020586026006207,35.03170617889702,1.4933255511440122,0.9866936701332312,rc8.8.0_Beta1,28.0
137-0031,Gaborone,2024-12-10 07_59_56,0.0024873913006007,34.65666599256514,1.4820775157941826,0.982579400760015,rc8.8.0_Beta1,26.0
137-0031,Gaborone,2024-12-11 08_25_20,0.0031717104743892,32.951635926698664,1.453447870543532,0.9757289297990904,rc8.8.0_Beta1,28.0
137-0031,Gaborone,2024-12-12 08_15_03,0.0021148140917557,35.09940193709118,1.492646323887598,0.985828935610994,rc8.8.0_Beta1,24.0
137-0031,Gaborone,2024-12-16 09_01_44,0.0028250735980576,33.59570736369313,1.465260383849974,0.97936831143074,rc8.8.0_Beta1,24.0
137-0031,Gaborone,2024-12-17 08_25_49,0.0034080605937536,32.66028134999609,1.4479414293096555,0.9742433768597892,rc8.8.0_Beta1,24.0
137-0031,Gaborone,2024-12-18 09_28_19,0.0032438370598318,32.72811526773189,1.451348830439326,0.9772109233829048,rc8.8.0_Beta1,26.0
137-0031,Gaborone,2024-12-19 14_18_26,0.0021744736108276,35.52045117224819,1.4985586458145383,0.9856693940689948,rc8.8.0_Beta1,24.0
137-0031,Gaborone,2025-01-13 08_21_11,0.0024919106237218,33.822998991022295,1.4714234144293377,0.9823937002799225,rc8.8.0_Beta1,26.0
137-0031,Gaborone,2025-01-14 08_06_01,0.0025415706246173,34.722302773237345,1.4829033597022303,0.9825398823755964,rc8.8.0_Beta1,26.0
137-0031,Gaborone,2025-01-15 12_03_50,0.0030876379460321,33.03994552740672,1.4557008776229006,0.9784638860859232,rc8.8.0_Beta1,28.0
137-0031,Gaborone,2025-01-17 12_49_00,0.002271440632692,33.88120967677471,1.475595722324475,0.984623636498184,rc8.8.0_Beta1,26.0
137-0031,Gaborone,2025-01-24 08_29_18,0.0042185038269874,30.77578645702589,1.421639243391608,0.9671636791271312,rc8.8.0_Beta1,24.0
137-0031,Gaborone,2025-01-29 15_19_00,0.0043348478986664,31.489205675003223,1.4276094610739394,0.967377837429936,rc8.8.0_Beta1,24.0
137-0031,Gaborone,2025-04-01 08_04_38,0.0021653544865692,34.96643682943854,1.49100057842123,0.9856439686643906,rc8.8.0_Beta1,28.0
137-0031,Gaborone,2025-04-29 08_56_08,0.0023374766503689,34.798237025433885,1.4868968172287214,0.9843508767899246,rc8.8.0_Beta1,24.0
137-0031,Gaborone,2024-11-06 09_05_30,0.0050199886043907,30.65349171507444,1.4131154888765491,0.9598381687044752,rc8.8.0_Beta1,30.0
137-0020,Kintampo,2024-03-21 11_10_58,0.002653755498198,34.34144567285008,1.4773440039398085,0.9841151163018588,8.7.0,20.0
137-0020,Kintampo,2024-03-21 11_10_58,0.002653755498198,34.34144567285008,1.4773440039398085,0.9841151163018588,8.7.0,20.0
137-0020,Kintampo,2024-03-21 11_10_58,0.0026534340818744,34.34197171147673,1.4773513455878071,0.9841150267386364,8.7.0,20.0
137-0020,Kintampo,2024-03-21 11_10_58,0.0026535845435708,34.34172545387292,1.4773275350706554,0.9841171379149852,8.7.0,20.0
137-0020,Kintampo,2024-03-21 11_10_58,0.0026535845435708,34.34172545387292,1.4773275350706554,0.9841171379149852,8.7.0,20.0
137-0020,Kintampo,2024-03-25 16_04_54,0.002897234100158,33.69147739311694,1.4671986052270805,0.9823139449085756,8.7.0,22.0
137-0020,Kintampo,2024-03-25 16_04_54,0.002897234100158,33.69147739311694,1.4671986052270805,0.9823139449085756,8.7.0,22.0
137-0020,Kintampo,2024-03-25 16_04_54,0.0028971588033906,33.691590264201665,1.467201565808408,0.9823143791741242,8.7.0,22.0
137-0020,Kintampo,2024-03-25 16_04_54,0.0028969914849679,33.69184108775331,1.4671967530660648,0.9823143336943811,8.7.0,22.0
137-0020,Kintampo,2024-03-25 16_04_54,0.0028969914849679,33.69184108775331,1.4671967530660648,0.9823143336943811,8.7.0,22.0
137-0020,Kintampo,2024-03-22 12_15_26,0.0038131614692823,33.655031680502816,1.4600768512869584,0.9726921780504316,8.7.0,24.0
137-0020,Kintampo,2024-03-22 12_15_26,0.0038131614692823,33.655031680502816,1.4600768512869584,0.9726921780504316,8.7.0,24.0
137-0020,Kintampo,2024-03-22 12_15_26,0.0038129500422987,33.65527248886811,1.4600916406219615,0.9726948805394742,8.7.0,24.0
137-0020,Kintampo,2024-03-22 12_15_26,0.0038133260977352,33.654844183367246,1.4600935644916124,0.9726825395332636,8.7.0,24.0
137-0020,Kintampo,2024-03-22 12_15_26,0.0038133260977352,33.654844183367246,1.4600935644916124,0.9726825395332636,8.7.0,24.0
137-0020,Kintampo,2024-03-26 15_06_50,0.0028343439178995,33.72823374002144,1.468517085352896,0.9830842153529918,8.7.0,22.0
137-0020,Kintampo,2024-03-26 15_06_50,0.0028343439178995,33.72823374002144,1.468517085352896,0.9830842153529918,8.7.0,22.0
137-0020,Kintampo,2024-03-26 15_06_50,0.0028343275424817,33.728258831451214,1.468523732732464,0.9830830032031556,8.7.0,22.0
137-0020,Kintampo,2024-03-26 15_06_50,0.0028341468829984,33.72853565872734,1.4685101999664236,0.983084961877283,8.7.0,22.0
137-0020,Kintampo,2024-03-26 15_06_50,0.0028341468829984,33.72853565872734,1.4685101999664236,0.983084961877283,8.7.0,22.0
137-0020,Kintampo,2024-03-27 09_36_28,0.0028758385248002,33.657537389430416,1.4676109571778584,0.9829170270445248,8.7.0,24.0
137-0020,Kintampo,2024-03-27 09_36_28,0.0028758385248002,33.657537389430416,1.4676109571778584,0.9829170270445248,8.7.0,24.0
137-0020,Kintampo,2024-03-27 09_36_28,0.0028759085843078,33.657431590420245,1.4676037191100682,0.9829177365644431,8.7.0,24.0
137-0020,Kintampo,2024-03-27 09_36_28,0.0028761203806918,33.65711176588024,1.4676098853420056,0.9829170816932412,8.7.0,24.0
137-0020,Kintampo,2024-03-27 09_36_28,0.0028761203806918,33.65711176588024,1.4676098853420056,0.9829170816932412,8.7.0,24.0
137-0020,Kintampo,2024-03-28 10_05_59,0.0027808037296444,33.26935684713288,1.4636596158184405,0.9833862488813646,8.7.0,24.0
137-0020,Kintampo,2024-03-28 10_05_59,0.0027808037296444,33.26935684713288,1.4636596158184405,0.9833862488813646,8.7.0,24.0
137-0020,Kintampo,2024-03-28 10_05_59,0.0027808538424983,33.26927858364529,1.4636760466204888,0.9833855298062768,8.7.0,24.0
137-0020,Kintampo,2024-03-28 10_05_59,0.002780807268854,33.269351319744416,1.4636754069989415,0.9833851915349632,8.7.0,24.0
137-0020,Kintampo,2024-03-28 10_05_59,0.002780807268854,33.269351319744416,1.4636754069989415,0.9833851915349632,8.7.0,24.0
137-0020,Kintampo,2024-04-02 11_56_56,0.0025696322075054,33.735240483790434,1.4707300776165473,0.9842360751936188,8.7.0,26.0
137-0020,Kintampo,2024-04-02 11_56_56,0.0025696322075054,33.735240483790434,1.4707300776165473,0.9842360751936188,8.7.0,26.0
137-0020,Kintampo,2024-04-02 11_56_56,0.0025696322075054,33.735240483790434,1.4707300776165473,0.9842360751936188,8.7.0,26.0
137-0020,Kintampo,2024-04-02 11_56_56,0.0025696247957449,33.73525301045206,1.4707361011489517,0.9842363793603816,8.7.0,26.0
137-0020,Kintampo,2024-04-02 11_56_56,0.0025696247957449,33.73525301045206,1.4707361011489517,0.9842363793603816,8.7.0,26.0
137-0020,Kintampo,2024-03-20 16_11_28,0.0028624053997859,33.61194423903265,1.466475588782309,0.9825869977004632,8.7.0,22.0
137-0020,Kintampo,2024-03-20 16_11_28,0.0028624053997859,33.61194423903265,1.466475588782309,0.9825869977004632,8.7.0,22.0
137-0020,Kintampo,2024-03-20 16_11_28,0.0028624053997859,33.61194423903265,1.466475588782309,0.9825869977004632,8.7.0,22.0
137-0020,Kintampo,2024-03-20 16_11_28,0.0028623080447949,33.61209195205209,1.4664853173963788,0.9825866757951554,8.7.0,22.0
137-0020,Kintampo,2024-03-20 16_11_28,0.0028623080447949,33.61209195205209,1.4664853173963788,0.9825866757951554,8.7.0,22.0
137-0020,Kintampo,2024-04-03 14_43_47,0.0026668078876411,33.63861323263497,1.4696357494849686,0.9836144446575876,8.7.0,24.0
137-0020,Kintampo,2024-04-03 14_43_47,0.0026668078876411,33.63861323263497,1.4696357494849686,0.9836144446575876,8.7.0,24.0
137-0020,Kintampo,2024-04-03 14_43_47,0.0026668078876411,33.63861323263497,1.4696357494849686,0.9836144446575876,8.7.0,24.0
137-0020,Kintampo,2024-04-03 14_43_47,0.0026666540578117,33.638863754516464,1.4696392414247934,0.9836158315192424,8.7.0,24.0
137-0020,Kintampo,2024-04-03 14_43_47,0.0026666540578117,33.638863754516464,1.4696392414247934,0.9836158315192424,8.7.0,24.0
137-0020,Kintampo,2024-04-09 11_04_36,0.00246597814339,33.55989679168125,1.4698529966995897,0.9847947962323806,8.7.0,28.0
137-0020,Kintampo,2024-04-09 11_04_36,0.00246597814339,33.55989679168125,1.4698529966995897,0.9847947962323806,8.7.0,28.0
137-0020,Kintampo,2024-04-09 11_04_36,0.00246597814339,33.55989679168125,1.4698529966995897,0.9847947962323806,8.7.0,28.0
137-0020,Kintampo,2024-04-09 11_04_36,0.002465969185619,33.559912567642584,1.469872845260217,0.9847950384537486,8.7.0,28.0
137-0020,Kintampo,2024-04-09 11_04_36,0.002465969185619,33.559912567642584,1.469872845260217,0.9847950384537486,8.7.0,28.0
137-0020,Kintampo,2024-04-10 08_59_59,0.0025808518085942,33.34975748226704,1.466107036338775,0.9842474076374024,8.7.0,26.0
137-0020,Kintampo,2024-04-10 08_59_59,0.0025808518085942,33.34975748226704,1.466107036338775,0.9842474076374024,8.7.0,26.0
137-0020,Kintampo,2024-04-10 08_59_59,0.0025808518085942,33.34975748226704,1.466107036338775,0.9842474076374024,8.7.0,26.0
137-0020,Kintampo,2024-04-10 08_59_59,0.0025809187591634,33.34964482223144,1.4660953911088443,0.9842462516559914,8.7.0,26.0
137-0020,Kintampo,2024-04-10 08_59_59,0.0025809187591634,33.34964482223144,1.4660953911088443,0.9842462516559914,8.7.0,26.0
137-0020,Kintampo,2024-04-12 10_50_43,0.0028220306638578,33.608393636938025,1.4674077840844892,0.9826834983242296,8.7.0,22.0
137-0020,Kintampo,2024-04-12 10_50_43,0.0028220306638578,33.608393636938025,1.4674077840844892,0.9826834983242296,8.7.0,22.0
137-0020,Kintampo,2024-04-12 10_50_43,0.0028220306638578,33.608393636938025,1.4674077840844892,0.9826834983242296,8.7.0,22.0
137-0020,Kintampo,2024-04-12 10_50_43,0.0028225484319377,33.60759689437555,1.467397057727751,0.982682485140176,8.7.0,22.0
137-0020,Kintampo,2024-04-12 10_50_43,0.0028225484319377,33.60759689437555,1.467397057727751,0.982682485140176,8.7.0,22.0
137-0020,Kintampo,2024-04-16 15_26_38,0.0028516606559789,33.76690540363456,1.4684517869232985,0.9831782796319308,8.7.0,22.0
137-0020,Kintampo,2024-04-16 15_26_38,0.0028516606559789,33.76690540363456,1.4684517869232985,0.9831782796319308,8.7.0,22.0
137-0020,Kintampo,2024-04-16 15_26_38,0.0028516606559789,33.76690540363456,1.4684517869232985,0.9831782796319308,8.7.0,22.0
137-0020,Kintampo,2024-04-16 15_26_38,0.0028514156271841,33.767278586977355,1.4684620009753024,0.9831786188530846,8.7.0,22.0
137-0020,Kintampo,2024-04-16 15_26_38,0.0028514156271841,33.767278586977355,1.4684620009753024,0.9831786188530846,8.7.0,22.0
137-0020,Kintampo,2024-04-17 15_30_58,0.0027758452488934,34.16884545438451,1.4735118901562294,0.9833869423760132,8.7.0,20.0
137-0020,Kintampo,2024-04-17 15_30_58,0.0027758452488934,34.16884545438451,1.4735118901562294,0.9833869423760132,8.7.0,20.0
137-0020,Kintampo,2024-04-17 15_30_58,0.0027758452488934,34.16884545438451,1.4735118901562294,0.9833869423760132,8.7.0,20.0
137-0020,Kintampo,2024-04-17 15_30_58,0.0027759900608023,34.16861889502367,1.4735085285582252,0.9833863083056076,8.7.0,20.0
137-0020,Kintampo,2024-04-17 15_30_58,0.0027759900608023,34.16861889502367,1.4735085285582252,0.9833863083056076,8.7.0,20.0
137-0020,Kintampo,2024-04-18 14_47_39,0.0026914333794677,34.01362628476656,1.4733839814308598,0.98382907780983,8.7.0,22.0
137-0020,Kintampo,2024-04-18 14_47_39,0.0026914333794677,34.01362628476656,1.4733839814308598,0.98382907780983,8.7.0,22.0
137-0020,Kintampo,2024-04-18 14_47_39,0.0026914333794677,34.01362628476656,1.4733839814308598,0.98382907780983,8.7.0,22.0
137-0020,Kintampo,2024-04-18 14_47_39,0.0026915819233319,34.01338659835676,1.4733882922250223,0.9838284644348108,8.7.0,22.0
137-0020,Kintampo,2024-04-18 14_47_39,0.0026915819233319,34.01338659835676,1.4733882922250223,0.9838284644348108,8.7.0,22.0
137-0020,Kintampo,2024-04-19 16_10_29,0.0027067138320742,34.86961628722047,1.4827539467032025,0.9840827478220432,8.7.0,21.0
137-0020,Kintampo,2024-04-19 16_10_29,0.0027067138320742,34.86961628722047,1.4827539467032025,0.9840827478220432,8.7.0,21.0
137-0020,Kintampo,2024-04-19 16_10_29,0.0027067138320742,34.86961628722047,1.4827539467032025,0.9840827478220432,8.7.0,21.0
137-0020,Kintampo,2024-04-19 16_10_29,0.0027067580203681,34.869545387314616,1.4827513141526203,0.9840817584558752,8.7.0,21.0
137-0020,Kintampo,2024-04-19 16_10_29,0.0027067580203681,34.869545387314616,1.4827513141526203,0.9840817584558752,8.7.0,21.0
137-0020,Kintampo,2024-04-22 11_05_48,0.002827499256046,33.72866894920116,1.4687997481976365,0.982496542267716,8.7.0,26.0
137-0020,Kintampo,2024-04-22 11_05_48,0.002827499256046,33.72866894920116,1.4687997481976365,0.982496542267716,8.7.0,26.0
137-0020,Kintampo,2024-04-22 11_05_48,0.002827499256046,33.72866894920116,1.4687997481976365,0.982496542267716,8.7.0,26.0
137-0020,Kintampo,2024-04-22 11_05_48,0.0028273550723976,33.728890416136544,1.4688009152494208,0.9824979339732356,8.7.0,26.0
137-0020,Kintampo,2024-04-22 11_05_48,0.0028273550723976,33.728890416136544,1.4688009152494208,0.9824979339732356,8.7.0,26.0
137-0020,Kintampo,2024-04-29 14_28_53,0.0028272515150524,33.804826027453664,1.4700398239043508,0.98218439932768,8.7.0,
137-0020,Kintampo,2024-04-29 14_28_53,0.0028272515150524,33.804826027453664,1.4700398239043508,0.98218439932768,8.7.0,
137-0020,Kintampo,2024-04-29 14_28_53,0.0028272515150524,33.804826027453664,1.4700398239043508,0.98218439932768,8.7.0,
137-0020,Kintampo,2024-04-29 14_28_53,0.0028270949404776,33.80506654852677,1.4700119254954254,0.982189593012238,8.7.0,
137-0020,Kintampo,2024-04-29 14_28_53,0.0028270949404776,33.80506654852677,1.4700119254954254,0.982189593012238,8.7.0,
137-0020,Kintampo,2024-05-14 12_41_44,0.0027825450548463,34.20571416566152,1.4753600274185512,0.983242026993428,8.7.0,22.0
137-0020,Kintampo,2024-05-14 12_41_44,0.0027825450548463,34.20571416566152,1.4753600274185512,0.983242026993428,8.7.0,22.0
137-0020,Kintampo,2024-05-14 12_41_44,0.0027825450548463,34.20571416566152,1.4753600274185512,0.983242026993428,8.7.0,22.0
137-0020,Kintampo,2024-05-14 12_41_44,0.0027825373232543,34.205726233003936,1.4753662613948533,0.983243060635322,8.7.0,22.0
137-0020,Kintampo,2024-05-14 12_41_44,0.0027825373232543,34.205726233003936,1.4753662613948533,0.983243060635322,8.7.0,22.0
137-0020,Kintampo,2024-05-15 10_10_26,0.0027271859022251,33.620415073780656,1.4685462435373702,0.9833320884038006,8.7.0,24.0
137-0020,Kintampo,2024-05-15 10_10_26,0.0027271859022251,33.620415073780656,1.4685462435373702,0.9833320884038006,8.7.0,24.0
137-0020,Kintampo,2024-05-15 10_10_26,0.0027271859022251,33.620415073780656,1.4685462435373702,0.9833320884038006,8.7.0,24.0
137-0020,Kintampo,2024-05-15 10_10_26,0.0027270285592112,33.62066564406239,1.4685540616608006,0.9833324661760184,8.7.0,24.0
137-0020,Kintampo,2024-05-15 10_10_26,0.0027270285592112,33.62066564406239,1.4685540616608006,0.9833324661760184,8.7.0,24.0
137-0020,Kintampo,2024-05-16 09_26_06,0.0026494054899391,33.961479994649466,1.473220055285405,0.9838001886376084,8.7.0,26.0
137-0020,Kintampo,2024-05-16 09_26_06,0.0026494054899391,33.961479994649466,1.473220055285405,0.9838001886376084,8.7.0,26.0
137-0020,Kintampo,2024-05-16 09_26_06,0.0026494054899391,33.961479994649466,1.473220055285405,0.9838001886376084,8.7.0,26.0
137-0020,Kintampo,2024-05-16 09_26_06,0.0026495151920704,33.96130017300968,1.4732425055553415,0.9837986575477758,8.7.0,26.0
137-0020,Kintampo,2024-05-16 09_26_06,0.0026495151920704,33.96130017300968,1.4732425055553415,0.9837986575477758,8.7.0,26.0
137-0020,Kintampo,2024-05-17 08_30_32,0.0027762382599969,33.56143155072432,1.4669176923342284,0.9828910210334846,8.7.0,24.0
137-0020,Kintampo,2024-05-17 08_30_32,0.0027762382599969,33.56143155072432,1.4669176923342284,0.9828910210334846,8.7.0,24.0
137-0020,Kintampo,2024-05-17 08_30_32,0.0027762382599969,33.56143155072432,1.4669176923342284,0.9828910210334846,8.7.0,24.0
137-0020,Kintampo,2024-05-17 08_30_32,0.002776457989841,33.56108783497056,1.4668928387920197,0.9828910756664492,8.7.0,24.0
137-0020,Kintampo,2024-05-17 08_30_32,0.002776457989841,33.56108783497056,1.4668928387920197,0.9828910756664492,8.7.0,24.0
137-0020,Kintampo,2024-06-03 14_50_51,0.0027915767821702,33.40813254586574,1.4647200333273582,0.9831988756639932,8.7.0,24.0
137-0020,Kintampo,2024-06-03 14_50_51,0.0027915767821702,33.40813254586574,1.4647200333273582,0.9831988756639932,8.7.0,24.0
137-0020,Kintampo,2024-06-03 14_50_51,0.0027915767821702,33.40813254586574,1.4647200333273582,0.9831988756639932,8.7.0,24.0
137-0020,Kintampo,2024-06-03 14_50_51,0.0027915582953558,33.40816130648639,1.4647079893145478,0.9831981224892136,8.7.0,24.0
137-0020,Kintampo,2024-06-03 14_50_51,0.0027915582953558,33.40816130648639,1.4647079893145478,0.9831981224892136,8.7.0,24.0
137-0020,Kintampo,2024-06-04 09_13_16,0.0025291311852732,34.68997162037204,1.4823285020715995,0.9849529203726518,8.7.0,24.0
137-0020,Kintampo,2024-06-04 09_13_16,0.0025291311852732,34.68997162037204,1.4823285020715995,0.9849529203726518,8.7.0,24.0
137-0020,Kintampo,2024-06-04 09_13_16,0.0025291311852732,34.68997162037204,1.4823285020715995,0.9849529203726518,8.7.0,24.0
137-0020,Kintampo,2024-06-04 09_13_16,0.002529347855241,34.68959957742914,1.482319465519938,0.984951110331611,8.7.0,24.0
137-0020,Kintampo,2024-06-04 09_13_16,0.002529347855241,34.68959957742914,1.482319465519938,0.984951110331611,8.7.0,24.0
137-0020,Kintampo,2024-06-11 14_00_11,0.0030426936016538,33.61725439490026,1.4646170711137625,0.9817441593792108,8.7.0,22.0
137-0020,Kintampo,2024-06-11 14_00_11,0.0030426936016538,33.61725439490026,1.4646170711137625,0.9817441593792108,8.7.0,22.0
137-0020,Kintampo,2024-06-11 14_00_11,0.0030426936016538,33.61725439490026,1.4646170711137625,0.9817441593792108,8.7.0,22.0
137-0020,Kintampo,2024-06-11 14_00_11,0.0030426268367109,33.61734969192386,1.464632753919252,0.9817449303421306,8.7.0,22.0
137-0020,Kintampo,2024-06-11 14_00_11,0.0030426268367109,33.61734969192386,1.464632753919252,0.9817449303421306,8.7.0,22.0
137-0020,Kintampo,2024-07-02 09_01_34,0.039993063517198,22.587110872143697,1.382810675441911,0.8895012035538276,8.7.0,22.0
137-0020,Kintampo,2024-07-02 09_01_34,0.039993063517198,22.587110872143697,1.382810675441911,0.8895012035538276,8.7.0,22.0
137-0020,Kintampo,2024-07-03 09_52_40,0.0030593150081867,33.55001585477985,1.466798183811616,0.9830050349693412,8.7.0,24.0
137-0020,Kintampo,2024-07-03 09_52_40,0.0030593150081867,33.55001585477985,1.466798183811616,0.9830050349693412,8.7.0,24.0
137-0020,Kintampo,2024-07-15 11_48_05,0.003322393898124,32.76818598491487,1.4614960942746371,0.980773973617078,8.7.0,24.0
137-0020,Kintampo,2024-07-15 11_48_05,0.003322393898124,32.76818598491487,1.4614960942746371,0.980773973617078,8.7.0,24.0
137-0020,Kintampo,2024-07-18 09_20_17,0.062444847431875,20.483774021693687,1.361622972579374,0.8499938705442238,8.7.0,24.0
137-0020,Kintampo,2024-07-18 09_20_17,0.062444847431875,20.483774021693687,1.361622972579374,0.8499938705442238,8.7.0,24.0
137-0020,Kintampo,2024-07-23 08_21_33,0.0026542383767372,33.920539912188445,1.474167471558214,0.9843956420328316,8.7.0,22.0
137-0020,Kintampo,2024-07-23 08_21_33,0.0026542383767372,33.920539912188445,1.474167471558214,0.9843956420328316,8.7.0,22.0
137-0020,Kintampo,2024-07-24 09_15_26,0.0036668180830817,32.85666244007324,1.459675528610426,0.9795530542868988,8.7.0,23.0
137-0020,Kintampo,2024-07-24 09_15_26,0.0036668180830817,32.85666244007324,1.459675528610426,0.9795530542868988,8.7.0,23.0
137-0020,Kintampo,2024-07-29 09_02_03,0.003268749287366,33.49912708786156,1.4673720530138858,0.9811341424554332,8.7.0,24.0
137-0020,Kintampo,2024-07-29 09_02_03,0.003268749287366,33.49912708786156,1.4673720530138858,0.9811341424554332,8.7.0,24.0
137-0020,Kintampo,2024-07-31 11_03_52,0.0036555493007062,32.987371319432555,1.456922004389824,0.9788143869147318,8.7.0,23.0
137-0020,Kintampo,2024-07-31 11_03_52,0.0036555493007062,32.987371319432555,1.456922004389824,0.9788143869147318,8.7.0,23.0
137-0020,Kintampo,2024-08-01 09_23_07,0.0028085831760488,34.30832299131047,1.4796313319891523,0.9839261730247748,8.7.0,22.0
137-0020,Kintampo,2024-08-01 09_23_07,0.0028085831760488,34.30832299131047,1.4796313319891523,0.9839261730247748,8.7.0,22.0
137-0020,Kintampo,2024-08-02 08_24_27,0.0031753636572701,33.63941501991526,1.4685968473189146,0.9822770469318036,8.7.0,20.0
137-0020,Kintampo,2024-08-02 08_24_27,0.0031753636572701,33.63941501991526,1.4685968473189146,0.9822770469318036,8.7.0,20.0
137-0020,Kintampo,2024-08-06 09_50_18,0.0028022926336284,33.81507941541479,1.4707366372676025,0.9833059725508104,8.7.0,24.0
137-0020,Kintampo,2024-08-06 09_50_18,0.0028022926336284,33.81507941541479,1.4707366372676025,0.9833059725508104,8.7.0,24.0
137-0020,Kintampo,2024-08-07 07_57_36,0.0026996057999064,34.01954240240457,1.4767710300238397,0.9844265724447788,8.7.0,24.0
137-0020,Kintampo,2024-08-07 07_57_36,0.0026996057999064,34.01954240240457,1.4767710300238397,0.9844265724447788,8.7.0,24.0
137-0020,Kintampo,2024-08-12 08_26_55,0.0030431998530652,33.83335016919677,1.4708958553599067,0.9824498421209412,8.7.0,
137-0020,Kintampo,2024-08-12 08_26_55,0.0030431998530652,33.83335016919677,1.4708958553599067,0.9824498421209412,8.7.0,
137-0020,Kintampo,2024-08-13 08_59_52,0.0443148160436618,22.43441255854377,1.4037380317681185,0.8749618896251539,8.7.0,24.0
137-0020,Kintampo,2024-08-13 08_59_52,0.0443148160436618,22.43441255854377,1.4037380317681185,0.8749618896251539,8.7.0,24.0
137-0020,Kintampo,2024-08-14 09_05_00,0.0029329643816705,33.98477707483345,1.474792318712386,0.9827260289506452,8.7.0,22.0
137-0020,Kintampo,2024-08-14 09_05_00,0.0029329643816705,33.98477707483345,1.474792318712386,0.9827260289506452,8.7.0,22.0
137-0020,Kintampo,2024-08-15 08_47_03,0.003214653727323,33.85376762005188,1.4724525042370502,0.9822928207100856,8.7.0,22.0
137-0020,Kintampo,2024-08-15 08_47_03,0.003214653727323,33.85376762005188,1.4724525042370502,0.9822928207100856,8.7.0,22.0
137-0020,Kintampo,2024-08-16 10_13_13,0.0035350783965526,33.37620606338477,1.4683324905573598,0.9810619430178732,8.7.0,22.0
137-0020,Kintampo,2024-08-16 10_13_13,0.0035350783965526,33.37620606338477,1.4683324905573598,0.9810619430178732,8.7.0,22.0
137-0020,Kintampo,2024-08-19 09_07_48,0.0030329421490395,32.89265199856509,1.4687039288111945,0.9825257763497672,8.7.0,28.0
137-0020,Kintampo,2024-08-19 09_07_48,0.0030329421490395,32.89265199856509,1.4687039288111945,0.9825257763497672,8.7.0,28.0
137-0020,Kintampo,2024-08-21 09_23_08,0.0029444832825855,33.964303544804665,1.4719355613739329,0.9829876468664678,8.7.0,22.0
137-0020,Kintampo,2024-08-21 09_23_08,0.0029444832825855,33.964303544804665,1.4719355613739329,0.9829876468664678,8.7.0,22.0
137-0020,Kintampo,2024-08-23 08_45_25,0.0692130832503179,20.868174142301964,1.3475240042913943,0.8334127968908257,8.7.0,22.0
137-0020,Kintampo,2024-08-23 08_45_25,0.0692130832503179,20.868174142301964,1.3475240042913943,0.8334127968908257,8.7.0,22.0
137-0020,Kintampo,2024-08-26 09_38_41,0.0028614263170801,33.52115561336474,1.471837919116981,0.983661325852066,8.7.0,26.0
137-0020,Kintampo,2024-08-26 09_38_41,0.0028614263170801,33.52115561336474,1.471837919116981,0.983661325852066,8.7.0,26.0
137-0020,Kintampo,2024-08-28 09_05_36,0.0031167708742504,33.61974163377842,1.4716800285565577,0.9821228340537136,8.7.0,22.0
137-0020,Kintampo,2024-08-28 09_05_36,0.0031167708742504,33.61974163377842,1.4716800285565577,0.9821228340537136,8.7.0,22.0
137-0020,Kintampo,2024-08-29 08_14_25,0.0033329802531768,33.263962464658285,1.47161994573172,0.9818603941809412,8.7.0,25.0
137-0020,Kintampo,2024-08-29 08_14_25,0.0033329802531768,33.263962464658285,1.47161994573172,0.9818603941809412,8.7.0,25.0
137-0020,Kintampo,2024-08-30 12_26_30,0.0030274199886122,33.610871049678,1.4695352471365537,0.9816098159086198,8.7.0,22.0
137-0020,Kintampo,2024-08-30 12_26_30,0.0030274199886122,33.610871049678,1.4695352471365537,0.9816098159086198,8.7.0,22.0
137-0020,Kintampo,2024-09-02 09_13_34,0.0034256459836455,34.163238124009794,1.4821299466229338,0.9809707294239524,8.7.0,20.0
137-0020,Kintampo,2024-09-02 09_13_34,0.0034256459836455,34.163238124009794,1.4821299466229338,0.9809707294239524,8.7.0,20.0
137-0020,Kintampo,2024-09-09 08_26_04,0.0028415331630645,34.13005540562244,1.4760046151934303,0.983263386264838,8.7.0,22.0
137-0020,Kintampo,2024-09-09 08_26_04,0.0028415331630645,34.13005540562244,1.4760046151934303,0.983263386264838,8.7.0,22.0
137-0020,Kintampo,2024-09-16 09_15_15,0.003268107967868,34.301436738642586,1.4800243703638007,0.9813436551491468,8.7.0,
137-0020,Kintampo,2024-09-16 09_15_15,0.003268107967868,34.301436738642586,1.4800243703638007,0.9813436551491468,8.7.0,
137-0020,Kintampo,2024-09-18 08_34_03,0.0201468460677457,26.19953425474809,1.3596363448989557,0.9047855116539868,8.7.0,22.0
137-0020,Kintampo,2024-09-18 08_34_03,0.0201468460677457,26.19953425474809,1.3596363448989557,0.9047855116539868,8.7.0,22.0
137-0020,Kintampo,2024-09-19 08_36_36,0.0026288777047047,34.429854118814085,1.4794264640795134,0.9846486596592082,8.7.0,22.0
137-0020,Kintampo,2024-09-19 08_36_36,0.0026288777047047,34.429854118814085,1.4794264640795134,0.9846486596592082,8.7.0,22.0
137-0020,Kintampo,2024-09-24 10_30_28,0.0028686939641768,34.55716111898644,1.4773467912002407,0.9830508979777928,8.7.0,25.0
137-0020,Kintampo,2024-09-24 10_30_28,0.0028686939641768,34.55716111898644,1.4773467912002407,0.9830508979777928,8.7.0,25.0
137-0020,Kintampo,2024-09-26 09_00_11,0.002732617664513,33.84114146655828,1.4757284620373876,0.9842452581816258,8.7.0,24.0
137-0020,Kintampo,2024-09-26 09_00_11,0.002732617664513,33.84114146655828,1.4757284620373876,0.9842452581816258,8.7.0,24.0
137-0020,Kintampo,2024-09-27 09_08_04,0.0040238415484406,32.5848313813774,1.4670046994712025,0.978279363495384,8.7.0,24.0
137-0020,Kintampo,2024-09-27 09_08_04,0.0040238415484406,32.5848313813774,1.4670046994712025,0.978279363495384,8.7.0,24.0
137-0020,Kintampo,2024-09-30 09_17_25,0.0035798420471556,32.712389324149626,1.4685717864700822,0.9810060231544452,8.7.0,26.0
137-0020,Kintampo,2024-09-30 09_17_25,0.0035798420471556,32.712389324149626,1.4685717864700822,0.9810060231544452,8.7.0,26.0
137-0020,Kintampo,2024-10-01 10_33_58,0.0630513961902145,20.84119638006832,1.349890787709428,0.8474311957940897,8.7.0,22.0
137-0020,Kintampo,2024-10-01 10_33_58,0.0630513961902145,20.84119638006832,1.349890787709428,0.8474311957940897,8.7.0,22.0
137-0020,Kintampo,2024-10-02 10_23_58,0.0704395685126214,20.670892271558465,1.3461319566134595,0.8275964203330228,8.7.0,20.0
137-0020,Kintampo,2024-10-02 10_23_58,0.0704395685126214,20.670892271558465,1.3461319566134595,0.8275964203330228,8.7.0,20.0
137-0020,Kintampo,2024-10-03 09_08_49,0.0029194250395311,34.32373054990801,1.4746751207289877,0.9823471982025196,8.7.0,20.0
137-0020,Kintampo,2024-10-03 09_08_49,0.0029194250395311,34.32373054990801,1.4746751207289877,0.9823471982025196,8.7.0,20.0
137-0020,Kintampo,2024-10-07 08_36_18,0.0031572011610819,33.74199582910046,1.4717826883901557,0.981801961252426,8.7.0,22.0
137-0020,Kintampo,2024-10-07 08_36_18,0.0031572011610819,33.74199582910046,1.4717826883901557,0.981801961252426,8.7.0,22.0
137-0020,Kintampo,2024-10-08 07_49_33,0.0038988375862816,33.19912715750017,1.4562300387722928,0.9777599305756408,8.7.0,
137-0020,Kintampo,2024-10-08 07_49_33,0.0038988375862816,33.19912715750017,1.4562300387722928,0.9777599305756408,8.7.0,
137-0020,Kintampo,2024-10-10 09_45_08,0.0027026075476294,34.98929809712655,1.492169361505605,0.983513987469465,8.8.0,22.0
137-0020,Kintampo,2024-10-10 09_45_08,0.0027026075476294,34.98929809712655,1.492169361505605,0.983513987469465,8.8.0,22.0
137-0020,Kintampo,2024-10-10 13_54_20,0.002791341080191,35.58647738596643,1.4993534112151885,0.9832797600165388,8.8.0,22.0
137-0020,Kintampo,2024-10-10 13_54_20,0.002791341080191,35.58647738596643,1.4993534112151885,0.9832797600165388,8.8.0,22.0
137-0020,Kintampo,2024-10-14 10_42_44,0.0023897675335287,35.26730605443783,1.4930734991590329,0.9851604459324412,8.8.0,22.0
137-0020,Kintampo,2024-10-14 10_42_44,0.0023897675335287,35.26730605443783,1.4930734991590329,0.9851604459324412,8.8.0,22.0
137-0020,Kintampo,2024-10-15 09_32_14,0.0027936521224363,35.36329963815001,1.4974683521515235,0.9829123170693428,8.8.0,20.0
137-0020,Kintampo,2024-10-15 09_32_14,0.0027936521224363,35.36329963815001,1.4974683521515235,0.9829123170693428,8.8.0,20.0
137-0020,Kintampo,2024-10-16 10_31_40,0.0032110141806472,35.167646363676894,1.497832924140754,0.9819470435574112,8.8.0,22.0
137-0020,Kintampo,2024-10-16 10_31_40,0.0032110141806472,35.167646363676894,1.497832924140754,0.9819470435574112,8.8.0,22.0
137-0020,Kintampo,2024-10-18 09_36_48,0.002460299264438,36.317302821463,1.5073082805979527,0.9848040950008904,8.8.0,
137-0020,Kintampo,2024-10-18 09_36_48,0.002460299264438,36.317302821463,1.5073082805979527,0.9848040950008904,8.8.0,
137-0020,Kintampo,2024-11-05 14_10_59,0.002900626099549,34.438711461845834,1.4950325345942603,0.9828998672437852,8.8.0,
137-0020,Kintampo,2024-11-05 14_10_59,0.002900626099549,34.438711461845834,1.4950325345942603,0.9828998672437852,8.8.0,
137-0020,Kintampo,2024-11-06 09_07_09,0.0028628325043454,34.514581585120865,1.490881572924556,0.9834234789388594,8.8.0,24.0
137-0020,Kintampo,2024-11-06 09_07_09,0.0028628325043454,34.514581585120865,1.490881572924556,0.9834234789388594,8.8.0,24.0
137-0020,Kintampo,2024-11-07 09_07_43,0.003012243988218,35.028746436692046,1.4971120635082031,0.9821491640417443,8.8.0,
137-0020,Kintampo,2024-11-07 09_07_43,0.003012243988218,35.028746436692046,1.4971120635082031,0.9821491640417443,8.8.0,
137-0020,Kintampo,2024-11-08 08_34_54,0.0024981723132603,35.643000801073505,1.4981349299257565,0.9845143348950426,8.8.0,
137-0020,Kintampo,2024-11-08 08_34_54,0.0024981723132603,35.643000801073505,1.4981349299257565,0.9845143348950426,8.8.0,
137-0020,Kintampo,2024-10-21 09_24_41,0.0024312673314358,36.041287125865495,1.5033152226060358,0.9847939790100512,8.8.0,20.0
137-0020,Kintampo,2024-10-21 09_24_41,0.0024312673314358,36.041287125865495,1.5033152226060358,0.9847939790100512,8.8.0,20.0
137-0020,Kintampo,2024-11-12 08_13_32,0.0031166438219956,34.713460591508074,1.487898095850818,0.9807636428173078,8.8.0,22.0
137-0020,Kintampo,2024-11-12 08_13_32,0.0031166438219956,34.713460591508074,1.487898095850818,0.9807636428173078,8.8.0,22.0
137-0020,Kintampo,2024-11-14 09_17_58,0.0023286869156574,35.429793076007265,1.4962106607941172,0.9853553334032747,8.8.0,22.0
137-0020,Kintampo,2024-11-14 09_17_58,0.0023286869156574,35.429793076007265,1.4962106607941172,0.9853553334032747,8.8.0,22.0
137-0020,Kintampo,2024-11-15 08_36_30,0.0030077994139474,34.83985523187879,1.495867070974268,0.9834335283777452,8.8.0,22.0
137-0020,Kintampo,2024-11-15 08_36_30,0.0030077994139474,34.83985523187879,1.495867070974268,0.9834335283777452,8.8.0,22.0
137-0020,Kintampo,2024-11-11 08_47_07,0.0026499812276509,35.203168349331534,1.496232476212885,0.9843898180604354,8.8.0,
137-0020,Kintampo,2024-11-11 08_47_07,0.0022950988982569,35.7868503750643,1.5022085922514623,0.9858064427490272,8.8.0,
137-0020,Kintampo,2024-11-26 08_33_48,0.0024021954941873,36.264471718157104,1.5070811234674049,0.9852303212401228,8.8.0,20.0
137-0020,Kintampo,2024-11-27 08_41_37,0.0024014755030727,35.8961215236854,1.502762624951636,0.9851590916989476,8.8.0,22.0
137-0020,Kintampo,2024-11-28 08_38_54,0.0023179350723523,35.89501569555638,1.5027461027906914,0.9852108489598158,8.8.0,22.0
137-0020,Kintampo,2024-11-29 08_32_55,0.0028180842506061,34.79222684336496,1.4911533772864856,0.9821397298163724,8.8.0,22.0
137-0020,Kintampo,2024-11-29 08_32_55,0.0028180842506061,34.79222684336496,1.4911533772864856,0.9821397298163724,8.8.0,22.0
137-0020,Kintampo,2024-11-25 08_40_34,0.002336164696982,36.20138703721234,1.5071517381252442,0.9853951999085284,8.8.0,20.0
137-0020,Kintampo,2024-12-03 08_18_41,0.0023078171250331,36.264798368494205,1.5108985223959597,0.9847135989424078,8.8.0,22.0
137-0020,Kintampo,2024-12-03 08_18_41,0.0023078171250331,36.264798368494205,1.5108985223959597,0.9847135989424078,8.8.0,22.0
137-0020,Kintampo,2024-12-04 08_19_00,0.002318674858712,36.17744193173702,1.5062381904814652,0.985521826122016,8.8.0,22.0
137-0020,Kintampo,2024-12-04 08_19_00,0.002318674858712,36.17744193173702,1.5062381904814652,0.985521826122016,8.8.0,22.0
137-0020,Kintampo,2024-12-05 08_23_37,0.0023191431453066,35.91796695637531,1.5037107205542537,0.9850058021979812,8.8.0,22.0
137-0020,Kintampo,2024-12-05 08_23_37,0.0023191431453066,35.91796695637531,1.5037107205542537,0.9850058021979812,8.8.0,22.0
137-0020,Kintampo,2025-01-09 07_45_59,0.0148887375244939,27.78977510694888,1.4488767318039106,0.9424529823954036,8.8.0,22.0
137-0020,Kintampo,2025-01-09 07_45_59,0.0148887375244939,27.78977510694888,1.4488767318039106,0.9424529823954036,8.8.0,22.0
137-0020,Kintampo,2025-01-10 07_41_44,0.0026934897185293,34.86643392416242,1.4887581310534732,0.9827623198975636,8.8.0,22.0
137-0020,Kintampo,2025-01-10 07_41_44,0.0026934897185293,34.86643392416242,1.4887581310534732,0.9827623198975636,8.8.0,22.0
137-0020,Kintampo,2025-01-28 08_11_15,0.002377523255279,35.123038637932595,1.4906620560625168,0.984969748686406,8.8.0,20.0
137-0020,Kintampo,2025-01-28 08_11_15,0.002377523255279,35.123038637932595,1.4906620560625168,0.984969748686406,8.8.0,20.0
137-0020,Kintampo,2025-01-29 08_09_15,0.0024544794645529,35.745698610444194,1.500600843223048,0.9847286637277388,8.8.0,24.0
137-0020,Kintampo,2025-01-29 08_09_15,0.0024544794645529,35.745698610444194,1.500600843223048,0.9847286637277388,8.8.0,24.0
137-0020,Kintampo,2025-01-30 08_17_14,0.0025384023659609,34.50085335266484,1.4820504021952172,0.983385790601039,8.8.0,20.0
137-0020,Kintampo,2025-01-30 08_17_14,0.0025384023659609,34.50085335266484,1.4820504021952172,0.983385790601039,8.8.0,20.0
137-0020,Kintampo,2025-02-05 10_12_46,0.0030286088379437,34.78831449993186,1.4805737792818532,0.9787403242861707,8.8.0,23.0
137-0020,Kintampo,2025-02-05 10_12_46,0.0030286088379437,34.78831449993186,1.4805737792818532,0.9787403242861707,8.8.0,23.0
137-0020,Kintampo,2025-02-11 08_14_59,0.0024353039899723,35.737741586806415,1.5017403826359053,0.9844622868783756,8.8.0,22.0
137-0020,Kintampo,2025-02-11 08_14_59,0.0024353039899723,35.737741586806415,1.5017403826359053,0.9844622868783756,8.8.0,22.0
137-0020,Kintampo,2025-02-12 08_17_31,0.0024785250936056,35.76527010442782,1.50019658189103,0.9836148867062776,8.8.0,22.0
137-0020,Kintampo,2025-02-12 08_17_31,0.0024785250936056,35.76527010442782,1.50019658189103,0.9836148867062776,8.8.0,22.0
137-0020,Kintampo,2025-02-13 08_00_17,0.002498850689703,34.7023574894513,1.4880662764405357,0.9845664631048052,8.8.0,20.0
137-0020,Kintampo,2025-02-13 08_00_17,0.002498850689703,34.7023574894513,1.4880662764405357,0.9845664631048052,8.8.0,20.0
137-0020,Kintampo,2025-02-10 08_32_11,0.0024709415571861,35.82660877719596,1.50097348772156,0.9840631529853474,8.8.0,20.0
137-0020,Kintampo,2025-02-24 09_18_59,0.0027911675616668,35.924246857174886,1.5037124967955289,0.9828366890044892,8.8.0,20.0
137-0020,Kintampo,2025-02-24 09_18_59,0.0027911675616668,35.924246857174886,1.5037124967955289,0.9828366890044892,8.8.0,20.0
137-0020,Kintampo,2025-02-25 07_44_51,0.0067228979552162,31.400658034126494,1.4260389260026596,0.9528995329093805,8.8.0,20.0
137-0020,Kintampo,2025-02-25 07_44_51,0.0067228979552162,31.400658034126494,1.4260389260026596,0.9528995329093805,8.8.0,20.0
137-0020,Kintampo,2025-02-26 08_32_25,0.002441547942088,36.34402995069615,1.5088819959869562,0.98469922505648,8.8.0,20.0
137-0020,Kintampo,2025-02-26 08_32_25,0.002441547942088,36.34402995069615,1.5088819959869562,0.98469922505648,8.8.0,20.0
137-0020,Kintampo,2025-03-03 08_23_50,0.0028011708237108,35.19114977298672,1.4926858019838394,0.98284845596073,8.8.0,22.0
137-0020,Kintampo,2025-03-03 08_23_50,0.0028011708237108,35.19114977298672,1.4926858019838394,0.98284845596073,8.8.0,22.0
137-0020,Kintampo,2025-03-10 08_37_37,0.0024889270444611,36.060472850944976,1.506599071703072,0.9847304524080718,8.8.0,20.0
137-0020,Kintampo,2025-03-10 08_37_37,0.0024889270444611,36.060472850944976,1.506599071703072,0.9847304524080718,8.8.0,20.0
137-0020,Kintampo,2025-03-12 08_28_12,0.002302633771535,35.848569284036515,1.503806780302431,0.9860215176464784,8.8.0,22.0
137-0020,Kintampo,2025-03-12 08_28_12,0.002302633771535,35.848569284036515,1.503806780302431,0.9860215176464784,8.8.0,22.0
137-0020,Kintampo,2025-03-13 08_28_47,0.0025445882607762,35.36840246833041,1.4970594104956327,0.9847014698475792,8.8.0,22.0
137-0020,Kintampo,2025-03-13 08_28_47,0.0025445882607762,35.36840246833041,1.4970594104956327,0.9847014698475792,8.8.0,22.0
137-0020,Kintampo,2025-03-14 08_07_04,0.0023419959466732,35.57380214587971,1.5010447545997638,0.9851851699350964,8.8.0,24.0
137-0020,Kintampo,2025-03-14 08_07_04,0.0023419959466732,35.57380214587971,1.5010447545997638,0.9851851699350964,8.8.0,24.0
137-0020,Kintampo,2025-03-17 08_10_40,0.0025542954078164,35.690715485872595,1.499219499116284,0.9832108657591409,8.8.0,22.0
137-0020,Kintampo,2025-03-17 08_10_40,0.0025542954078164,35.690715485872595,1.499219499116284,0.9832108657591409,8.8.0,22.0
137-0020,Kintampo,2025-03-20 08_29_55,0.0025070333288829,35.676207007512886,1.5016930938455435,0.9844855730172948,8.8.0,22.0
137-0020,Kintampo,2025-03-20 08_29_55,0.0025070333288829,35.676207007512886,1.5016930938455435,0.9844855730172948,8.8.0,22.0
137-0020,Kintampo,2025-04-07 08_14_43,0.0023444815958882,36.41556086309984,1.5096843498369128,0.9855202985969804,8.8.0,22.0
137-0020,Kintampo,2025-04-07 08_14_43,0.0023444815958882,36.41556086309984,1.5096843498369128,0.9855202985969804,8.8.0,22.0
137-0020,Kintampo,2025-04-09 09_38_38,0.0035936183546118,34.01944252375672,1.4913115127462166,0.9801676436080085,8.8.0,22.0
137-0020,Kintampo,2025-04-09 09_38_38,0.0035936183546118,34.01944252375672,1.4913115127462166,0.9801676436080085,8.8.0,22.0
137-0020,Kintampo,2025-04-10 07_56_00,0.0028927675209627,34.9229721386233,1.4914651675550428,0.9816359971340372,8.8.0,20.0
137-0020,Kintampo,2025-04-10 07_56_00,0.0028927675209627,34.9229721386233,1.4914651675550428,0.9816359971340372,8.8.0,20.0
137-0020,Kintampo,2025-04-11 08_26_33,0.0027359194241412,35.48425951800877,1.502943470752666,0.9832716113880792,8.8.0,20.0
137-0020,Kintampo,2025-04-11 08_26_33,0.0027359194241412,35.48425951800877,1.502943470752666,0.9832716113880792,8.8.0,20.0
137-0020,Kintampo,2025-04-23 07_55_35,0.0026926355435915,34.890354992799324,1.4857038288452484,0.9828396184781986,8.8.0,20.0
137-0020,Kintampo,2025-04-23 07_55_35,0.0026926355435915,34.890354992799324,1.4857038288452484,0.9828396184781986,8.8.0,20.0
137-0020,Kintampo,2025-04-25 08_14_53,0.0027469974906226,34.48224410585996,1.4863591875985185,0.9823173415699472,8.8.0,22.0
137-0020,Kintampo,2025-04-25 08_14_53,0.0027469974906226,34.48224410585996,1.4863591875985185,0.9823173415699472,8.8.0,22.0
137-0020,Kintampo,2025-04-28 08_36_10,0.0023872981875994,35.96292670619109,1.5047010056163763,0.9854655496126958,8.8.0,22.0
137-0020,Kintampo,2025-04-28 08_36_10,0.0023872981875994,35.96292670619109,1.5047010056163763,0.9854655496126958,8.8.0,22.0
137-0020,Kintampo,2025-04-29 11_19_18,0.0027601004507501,35.49419312574068,1.497878334634543,0.9830482686126878,8.8.0,22.0
137-0020,Kintampo,2025-04-29 11_19_18,0.0027601004507501,35.49419312574068,1.497878334634543,0.9830482686126878,8.8.0,22.0
137-0020,Kintampo,2025-04-30 07_41_36,0.0025062643977452,36.58170410983298,1.5113665863732102,0.9832991437401544,8.8.0,22.0
137-0020,Kintampo,2025-04-30 07_41_36,0.0025062643977452,36.58170410983298,1.5113665863732102,0.9832991437401544,8.8.0,22.0
137-0020,Kintampo,2025-05-02 08_20_00,0.0023733842366145,35.981747081919615,1.5032637547803909,0.9850341241168252,8.8.0,20.0
137-0020,Kintampo,2025-05-02 08_20_00,0.0023733842366145,35.981747081919615,1.5032637547803909,0.9850341241168252,8.8.0,20.0
137-0020,Kintampo,2025-04-03 07_58_39,0.0026750826426073,35.950405791097296,1.5070288744458116,0.9845148027089772,8.8.0,20.0
137-0020,Kintampo,2025-04-03 07_58_39,0.0026750826426073,35.950405791097296,1.5070288744458116,0.9845148027089772,8.8.0,20.0
137-0020,Kintampo,2025-05-05 08_42_45,0.0023939496570317,35.75898783387489,1.5027573402695724,0.9852392665865772,8.8.0,
137-0020,Kintampo,2025-05-05 08_42_45,0.0023939496570317,35.75898783387489,1.5027573402695724,0.9852392665865772,8.8.0,
137-0020,Kintampo,2025-05-06 08_02_41,0.0024563775457437,35.24785912146924,1.4935539909314304,0.9837935771758388,8.8.0,22.0
137-0020,Kintampo,2025-05-06 08_02_41,0.0024563775457437,35.24785912146924,1.4935539909314304,0.9837935771758388,8.8.0,22.0
137-0020,Kintampo,2025-05-07 08_11_22,0.0024299187874115,35.92563593785732,1.5064327277672238,0.9854858909771504,8.8.0,22.0
137-0020,Kintampo,2025-05-07 08_11_22,0.0024299187874115,35.92563593785732,1.5064327277672238,0.9854858909771504,8.8.0,22.0
137-0020,Kintampo,2025-05-08 08_31_14,0.0026575393171262,35.633238182793605,1.4978777012795836,0.9830567576587964,8.8.0,22.0
137-0020,Kintampo,2025-05-08 08_31_14,0.0026575393171262,35.633238182793605,1.4978777012795836,0.9830567576587964,8.8.0,22.0
137-0020,Kintampo,2025-05-09 08_01_18,0.0026889037323186,35.31387313137452,1.4998984456427191,0.9834315579548916,8.8.0,22.0
137-0020,Kintampo,2025-05-09 08_01_18,0.0026889037323186,35.31387313137452,1.4998984456427191,0.9834315579548916,8.8.0,22.0
137-0020,Kintampo,2025-05-13 08_09_01,0.0026437841804475,35.61845671822853,1.5021208179074363,0.9840610765676552,8.8.0,22.0
137-0020,Kintampo,2025-05-13 08_09_01,0.0026437841804475,35.61845671822853,1.5021208179074363,0.9840610765676552,8.8.0,22.0
137-0020,Kintampo,2025-05-14 08_10_59,0.0442977028100012,22.58250749198392,1.3538937037587229,0.8138025150986895,8.8.0,22.0
137-0020,Kintampo,2025-05-14 08_10_59,0.0442977028100012,22.58250749198392,1.3538937037587229,0.8138025150986895,8.8.0,22.0
137-0020,Kintampo,2025-05-15 08_14_38,0.0037267672271322,33.588047586186846,1.490221781166591,0.9787350788491108,8.8.0,22.0
137-0020,Kintampo,2025-05-15 08_14_38,0.0037267672271322,33.588047586186846,1.490221781166591,0.9787350788491108,8.8.0,22.0
137-0020,Kintampo,2025-05-16 08_30_37,0.0022958439161381,35.432466475330045,1.4969197717853369,0.9846205889626014,8.8.0,22.0
137-0020,Kintampo,2025-05-16 08_30_37,0.0022958439161381,35.432466475330045,1.4969197717853369,0.9846205889626014,8.8.0,22.0
137-0020,Kintampo,2025-05-12 08_43_05,0.0025327091112646,35.38580441001619,1.4991904968080034,0.9851714574844236,8.8.0,
137-0020,Kintampo,2025-05-12 08_43_05,0.0025327091112646,35.38580441001619,1.4991904968080034,0.9851714574844236,8.8.0,
137-0020,Kintampo,2025-05-19 08_56_19,0.002361174398958,35.966422346131026,1.5011916747660785,0.9848403327116798,8.8.0,
137-0020,Kintampo,2025-05-19 08_56_19,0.002361174398958,35.966422346131026,1.5011916747660785,0.9848403327116798,8.8.0,
137-0020,Kintampo,2025-05-20 07_44_20,0.0028897737077425,34.84865393243563,1.4922330343298358,0.9816798327985016,8.8.0,22.0
137-0020,Kintampo,2025-05-20 07_44_20,0.0028897737077425,34.84865393243563,1.4922330343298358,0.9816798327985016,8.8.0,22.0
137-0020,Kintampo,2025-05-21 08_17_19,0.0023780735850106,35.96019916373693,1.5041291098611118,0.9852777409366515,8.8.0,22.0
137-0020,Kintampo,2025-05-21 08_17_19,0.0023780735850106,35.96019916373693,1.5041291098611118,0.9852777409366515,8.8.0,22.0
137-0020,Kintampo,2025-05-22 07_44_55,0.0025863144369535,35.01556472616774,1.4908493602490056,0.9822321390269978,8.8.0,22.0
137-0020,Kintampo,2025-05-22 07_44_55,0.0025863144369535,35.01556472616774,1.4908493602490056,0.9822321390269978,8.8.0,22.0
137-0020,Kintampo,2025-05-23 08_18_43,0.0024105902711695,35.8521336515328,1.5046178717377947,0.984616960603884,8.8.0,22.0
137-0020,Kintampo,2025-05-23 08_18_43,0.0024105902711695,35.8521336515328,1.5046178717377947,0.984616960603884,8.8.0,22.0
137-0020,Kintampo,2025-05-28 08_00_29,0.0023388052017799,35.8890849132528,1.5020356359469624,0.9847647077724824,8.8.0,22.0
137-0020,Kintampo,2025-05-29 08_19_14,0.0023381496040399,34.871203382316914,1.4896977251583114,0.9852634091420428,8.8.0,22.0
137-0020,Kintampo,2025-05-30 08_25_22,0.0024444661629698,34.599136855455164,1.4842229095354966,0.9839472820806624,8.8.0,22.0
137-0020,Kintampo,2025-06-02 08_23_48,0.0023519924299449,36.12021741966763,1.505372081571558,0.9848369485013058,8.8.0,22.0
137-0020,Kintampo,2025-06-03 08_11_26,0.0024959830654849,35.36948584409648,1.494127843398854,0.9835198877042888,8.8.0,22.0
137-0020,Kintampo,2025-06-04 08_14_23,0.0025363379609898,35.937765674697694,1.5002572297043084,0.9817797708255236,8.8.0,22.0
137-0020,Kintampo,2025-06-09 08_37_01,0.0024177445931289,36.53204084557851,1.5097444904183528,0.9850091046013713,8.8.0,22.0
137-0020,Kintampo,2025-06-11 08_28_52,0.0024148400845471,35.56130115646175,1.496590396955715,0.9844758403464476,8.8.0,22.0
137-0020,Kintampo,2025-06-12 08_31_23,0.0023742173045451,35.94474132195698,1.501619656638186,0.9843857651219476,8.8.0,20.0
137-0020,Kintampo,2025-06-13 07_55_44,0.0023213725647289,36.4209790156863,1.5095667270622275,0.9855270940645507,8.8.0,22.0
137-0020,Kintampo,2025-06-16 08_15_31,0.0026380064941763,35.3775522120675,1.4903101639520666,0.9815885010164728,8.8.0,20.0
137-0020,Kintampo,2025-06-17 08_20_38,0.0024199903712317,36.0419696780103,1.503463425809704,0.9847345627394756,8.8.0,20.0
137-0020,Kintampo,2025-06-18 07_48_32,7.819641905980129e-05,48.60469222218935,1.6631855362888806,0.9959679453333912,8.8.0,18.0
137-0020,Kintampo,2025-06-19 08_39_35,0.0023444269965612,36.12689853181352,1.5057510031591252,0.9847757124408206,8.8.0,20.0
137-0020,Kintampo,2025-06-20 08_11_42,0.002345229608951,35.780523800320715,1.501017450730737,0.9854371227925104,8.8.0,20.0
137-0020,Kintampo,2025-06-23 08_33_16,0.0024783623004578,36.23224349241222,1.505216288510102,0.9840166122045588,8.8.0,20.0
137-0020,Kintampo,2025-06-24 08_20_12,0.0024089480740487,35.67661315682389,1.498443802358842,0.983883517771644,8.8.0,20.0
137-0020,Kintampo,2025-06-25 08_17_16,7.319069303397139e-05,48.39670651712338,1.6561737510258434,0.9961945469235042,8.8.0,22.0
137-0020,Kintampo,2025-06-26 08_30_17,0.0022999378202869,36.21297229720712,1.5068825188921129,0.9856123582389028,8.8.0,22.0
137-0020,Kintampo,2025-06-27 08_37_02,0.00229466678043,36.39365189953149,1.509024837205193,0.9845945874489686,8.8.0,22.0
137-0020,Kintampo,2025-06-30 08_47_30,0.0023927501042674,36.54266293043505,1.5100421071663932,0.9847831050868944,8.8.0,22.0
137-0020,Kintampo,2025-07-01 08_03_47,0.0023980670321995,35.82697387048646,1.5007974907031283,0.9843969599393796,8.8.0,20.0
137-0020,Kintampo,2025-07-02 08_11_21,0.0024220637071757,35.587001419649184,1.496880537365508,0.983766319708949,8.8.0,
137-0020,Kintampo,2025-07-09 09_03_17,0.0024502430299498,36.493667422632505,1.508426252343574,0.984400152069992,8.8.0,
137-0020,Kintampo,2025-07-10 08_23_17,0.0031175328764739,34.12170782167417,1.4693288829446134,0.971088502060514,8.8.0,20.0
137-0020,Kintampo,2025-07-16 08_14_04,0.0023116542518211,36.460272217445294,1.5103459027723003,0.9858491388487846,8.8.1,20.0
137-0020,Kintampo,2025-07-22 08_15_09,0.0024249066563692,36.30882048559344,1.5075754145128129,0.98485106319867,8.8.1,20.0
137-0020,Kintampo,2025-07-23 07_57_00,0.0024117643153448,36.6413124262911,1.5117799208803024,0.9845511417885772,8.8.1,20.0
137-0020,Kintampo,2025-07-24 08_36_05,0.0024609879602637,36.48664032695715,1.5082765169855497,0.9838316570045904,8.8.1,22.0
137-0020,Kintampo,2025-07-25 08_36_02,0.0024849200681007,35.83141239137811,1.50005328458072,0.9841593424903962,8.8.1,20.0
137-0020,Kintampo,2025-07-15 07_56_35,0.0070064923977794,31.49554908776304,1.4340624474379386,0.9638494029921848,8.8.1,22.0
137-0020,Kintampo,2025-07-18 08_32_34,0.0023762376815615,36.3557537125451,1.5082547726745046,0.9850158085252106,8.8.1,22.0
137-0020,Kintampo,2025-04-22 07_48_55,0.0024172256868308,35.84324603349324,1.5013652398740631,0.9845766585921224,8.8.0,22.0
137-0020,Kintampo,2025-07-14 09_03_19,0.0025663132315885,35.69783763837665,1.4960349512134217,0.9822760842723856,8.8.1,
137-0020,Kintampo,2025-07-17 08_11_09,0.0023782289578673,35.95672515837097,1.502672445828441,0.9841979314537048,8.8.1,20.0
137-0020,Kintampo,2025-07-21 08_11_32,0.0027276163752942,35.99827803257703,1.4999712795670244,0.982026168337035,8.8.1,20.0
137-0020,Kintampo,2025-07-28 08_27_41,0.0024170981018769,36.84674756375228,1.5140480000095642,0.9847799515951766,8.8.1,20.0
137-0020,Kintampo,2025-07-29 08_18_01,0.0024443912321079,36.14205687996797,1.5044526829499183,0.984160982567117,8.8.1,22.0
137-0020,Kintampo,2025-07-30 08_26_47,0.0022502975226384,35.51032797365875,1.4980065560990872,0.9858857983800844,8.8.1,
137-0020,Kintampo,2025-07-31 08_09_14,0.0024404572796378,34.419329188494395,1.4818189727806033,0.9829617362912838,8.8.1,22.0
137-0020,Kintampo,2025-08-01 08_27_06,0.0024023463518259,35.48828814378215,1.49588674876404,0.9842626926584752,8.8.1,22.0
137-0020,Kintampo,2025-08-07 08_19_43,0.002436784182188,36.30126925120789,1.5055270249487729,0.9839440603982396,8.8.1,22.0
137-0020,Kintampo,2025-08-08 08_39_26,0.0023321415002571,37.02017712617823,1.517219989807567,0.9848525097597596,8.8.1,20.0
137-0020,Kintampo,2025-08-12 08_36_47,0.0022800395825961,36.1312830079169,1.5059083918894252,0.9853047829850984,8.8.1,20.0
137-0020,Kintampo,2025-08-13 08_25_44,0.0026357781299706,34.7705260827549,1.4829286986583214,0.9792199103434358,8.8.1,20.0
137-0020,Kintampo,2025-08-14 08_13_33,0.0023958889068298,36.22180161935881,1.5059689906889808,0.9847501977084524,8.8.1,22.0
137-0020,Kintampo,2025-08-15 08_53_46,0.0026189045030188,36.02209269945892,1.502155751953285,0.9832708650123996,8.8.1,22.0
137-0020,Kintampo,2025-08-18 08_25_34,0.0024439079167445,36.082588830475466,1.5037232830977008,0.9843354265133408,8.8.1,20.0
137-0020,Kintampo,2025-08-20 08_18_44,0.002412134119744,35.9704351858138,1.5026452764519809,0.9844009000007748,8.8.1,20.0
137-0020,Kintampo,2025-08-21 08_26_54,0.0024425634848166,36.40413413491751,1.508012297919292,0.9840048615679404,8.8.1,22.0
137-0020,Kintampo,2025-08-22 08_49_04,0.0026733438837776,35.861146160033655,1.4992448344272624,0.9827122490000209,8.8.1,20.0
137-0020,Kintampo,2025-08-19 10_07_04,0.0024970816675252,36.19809790244751,1.5044518356271044,0.9839132226293892,8.8.1,
137-0020,Kintampo,2025-08-26 08_21_17,0.0023759484596282,36.66061012194339,1.5111514415218297,0.984507164107844,8.8.1,20.0
137-0020,Kintampo,2025-08-27 08_34_30,0.0024599169063281,35.98983694325139,1.5024522703607626,0.9841640058330512,8.8.1,20.0
137-0020,Kintampo,2025-08-28 08_29_52,0.0027208464743361,35.50677224903482,1.490993214607987,0.9800121882188774,8.8.1,
137-0020,Kintampo,2025-08-29 08_51_55,0.0024951406219088,35.93294099518995,1.5013822579458656,0.9836759736055593,8.8.1,20.0
137-0020,Kintampo,2025-09-01 08_09_42,0.0024981304076858,35.6522833378235,1.4955981072276212,0.9830322375244852,8.8.1,
137-0020,Kintampo,2025-09-03 08_36_28,0.0024150038146415,35.4286836834291,1.4949051885864113,0.9845620763692274,8.8.1,22.0
137-0020,Kintampo,2025-09-04 08_29_56,0.0026304786436772,36.09612571878292,1.5024738418333368,0.982745290798042,8.8.1,
137-0020,Kintampo,2025-09-05 07_54_50,0.002453660455448,35.99412444541423,1.5031179583524812,0.9845235676253078,8.8.1,20.0
137-0020,Kintampo,2025-09-02 11_07_01,0.0026881030714534,34.900207616336225,1.4851490178305395,0.9817358938732336,8.8.1,
137-0020,Kintampo,2025-09-08 09_22_53,0.0022567223000989,35.09655477247826,1.4928681753438489,0.9844950154164837,8.8.1,
137-0020,Kintampo,2025-09-09 08_49_20,0.0024512725990969,35.34831877896264,1.4914214690082914,0.9819479428653666,8.8.1,2.0
137-0020,Kintampo,2025-09-10 09_10_53,0.002518128289236,35.55132402810758,1.4956992642411449,0.9830206275161916,8.8.1,20.0
137-0020,Kintampo,2025-09-15 09_14_43,0.0026210812768407,35.47649222254984,1.4942215358989714,0.9828155694816236,8.8.1,
137-0020,Kintampo,2025-09-15 09_14_43,0.0026210812768407,35.47649222254984,1.4942215358989714,0.9828155694816236,8.8.1,
137-0020,Kintampo,2025-09-15 09_14_43,0.0026210812768407,35.47649222254984,1.4942215358989714,0.9828155694816236,8.8.1,
137-0020,Kintampo,2025-09-16 08_47_52,0.0024197558449626,36.14943578006214,1.5052856791767464,0.984461733966858,8.8.1,
137-0020,Kintampo,2025-09-16 08_47_52,0.0024197558449626,36.14943578006214,1.5052856791767464,0.984461733966858,8.8.1,
137-0020,Kintampo,2025-09-16 08_47_52,0.0024197558449626,36.14943578006214,1.5052856791767464,0.984461733966858,8.8.1,
137-0020,Kintampo,2025-09-17 08_38_15,0.0025717479968284,36.22551522195691,1.504754404511969,0.983181731375178,8.8.1,20.0
137-0020,Kintampo,2025-09-17 08_38_15,0.0025717479968284,36.22551522195691,1.504754404511969,0.983181731375178,8.8.1,20.0
137-0020,Kintampo,2025-09-17 08_38_15,0.0025717479968284,36.22551522195691,1.504754404511969,0.983181731375178,8.8.1,20.0
137-0020,Kintampo,2025-09-18 09_42_14,0.0026694296257555,35.38709551766436,1.4923829331524685,0.9819805476896432,8.8.1,20.0
137-0020,Kintampo,2025-09-18 09_42_14,0.0026694296257555,35.38709551766436,1.4923829331524685,0.9819805476896432,8.8.1,20.0
137-0020,Kintampo,2025-09-18 09_42_14,0.0026694296257555,35.38709551766436,1.4923829331524685,0.9819805476896432,8.8.1,20.0
137-0020,Kintampo,2025-09-19 08_57_22,0.0025511075100894,36.089422687100495,1.50270905940014,0.9833761736238948,8.8.1,20.0
137-0020,Kintampo,2025-09-19 08_57_22,0.0025511075100894,36.089422687100495,1.50270905940014,0.9833761736238948,8.8.1,20.0
137-0020,Kintampo,2025-09-19 08_57_22,0.0025511075100894,36.089422687100495,1.50270905940014,0.9833761736238948,8.8.1,20.0
137-0020,Kintampo,2025-09-23 09_26_10,0.0025668430468958,35.7991574918168,1.498778515745329,0.9827801641976334,8.8.1,20.0
137-0020,Kintampo,2025-09-24 08_55_01,0.0022674074591064,35.343500030282975,1.4958810203307369,0.9857109823456428,8.8.1,
137-0020,Kintampo,2025-09-25 08_13_40,0.0023424429734274,35.30314139479855,1.494739067923687,0.9847928977497472,8.8.1,22.0
137-0020,Kintampo,2025-09-26 09_09_08,0.0024433291905877,34.95078221036726,1.4879757974326748,0.9834493398184287,8.8.1,20.0
137-0020,Kintampo,2025-09-29 13_56_56,0.0025054287500688,35.92414836748031,1.499888737315238,0.983911087958714,8.8.1,20.0
137-0003,,2023-09-27 16_46_42,0.0026264912909971,33.40683562758291,1.4620318879557044,0.9844703713904585,8.6.0,24.0
137-0003,,2023-09-27 16_46_42,0.0026264737524385,33.406864627963245,1.462035578257594,0.984468683397222,8.6.0,24.0
137-0003,,2023-09-27 16_46_42,0.0026263253311271,33.40711005351844,1.4620382819868452,0.9844695853841832,8.6.0,24.0
137-0003,,2023-09-27 16_46_42,0.0026263253311271,33.40711005351844,1.4620382819868452,0.9844695853841832,8.6.0,24.0
137-0003,,2023-09-28 18_05_38,0.0027641413112913,32.801293722063264,1.4544530214007088,0.9836897420940532,8.6.0,24.0
137-0003,,2023-09-28 18_05_38,0.0027640510610812,32.80143552309183,1.4544664084422123,0.9836890002232062,8.6.0,24.0
137-0003,,2023-09-28 18_05_38,0.0027641259565235,32.80131784713031,1.4544549092372054,0.9836893775550124,8.6.0,24.0
137-0003,,2023-09-28 18_05_38,0.0027641259565235,32.80131784713031,1.4544549092372054,0.9836893775550124,8.6.0,24.0
137-0003,,2023-10-03 16_28_34,0.0026951558781991,33.03967408359159,1.4572531017340329,0.9839499969239972,8.6.0,25.0
137-0003,,2023-10-03 16_28_34,0.0026951759907657,33.039641674541734,1.4572501367430954,0.9839511385915668,8.6.0,25.0
137-0003,,2023-10-03 16_28_34,0.002695048459825,33.039847179838794,1.4572583773095351,0.9839499365977994,8.6.0,25.0
137-0003,,2023-10-03 16_28_34,0.002695048459825,33.039847179838794,1.4572583773095351,0.9839499365977994,8.6.0,25.0
137-0003,,2023-10-04 16_15_10,0.0028830126603077,33.50518376356396,1.461046179822066,0.9830703303052798,8.6.0,24.0
137-0003,,2023-10-04 16_15_10,0.0028831631558587,33.50495706431144,1.4610485518049012,0.9830694878490196,8.6.0,24.0
137-0003,,2023-10-04 16_15_10,0.0028832992009653,33.50475214269598,1.4610523382576532,0.9830694996330396,8.6.0,24.0
137-0003,,2023-10-04 16_15_10,0.0028832992009653,33.50475214269598,1.4610523382576532,0.9830694996330396,8.6.0,24.0
137-0003,,2023-10-05 18_33_15,0.0026770233240693,33.25873928389867,1.4599580234786111,0.9840028757215364,8.6.0,22.0
137-0003,,2023-10-05 18_33_15,0.0026768008268638,33.259100256937415,1.4599458849255935,0.9840048601089608,8.6.0,22.0
137-0003,,2023-10-05 18_33_15,0.0026766392352495,33.2593624373135,1.459964079016922,0.984003570946554,8.6.0,22.0
137-0003,,2023-10-05 18_33_15,0.0026766392352495,33.2593624373135,1.459964079016922,0.984003570946554,8.6.0,22.0
137-0003,,2023-10-09 17_05_58,0.0026077451760222,33.27215828684093,1.4614497552207892,0.9846403927206802,8.6.0,24.0
137-0003,,2023-10-09 17_05_58,0.0026072594578422,33.27296727835976,1.461457685000478,0.98463870870787,8.6.0,24.0
137-0003,,2023-10-09 17_05_58,0.0026072629933819,33.2729613891708,1.46144369849838,0.984641015775654,8.6.0,24.0
137-0003,,2023-10-09 17_05_58,0.0026072629933819,33.2729613891708,1.46144369849838,0.984641015775654,8.6.0,24.0
137-0003,,2023-10-10 17_04_50,0.0027572170537383,32.96721439246234,1.4561413047420382,0.9838266056094914,8.6.0,24.0
137-0003,,2023-10-10 17_04_50,0.0027572170537383,32.96721439246234,1.4561413047420382,0.9838266056094914,8.6.0,24.0
137-0003,,2023-10-10 17_04_50,0.0027576673473583,32.96650518436083,1.4561508367038734,0.9838223588137608,8.6.0,24.0
137-0003,,2023-10-10 17_04_50,0.0027576673473583,32.96650518436083,1.4561508367038734,0.9838223588137608,8.6.0,24.0
137-0003,,2023-10-11 15_53_30,0.002619321240537,33.27777767125771,1.4610256638179726,0.984560272516183,8.6.0,24.0
137-0003,,2023-10-11 15_53_30,0.002619321240537,33.27777767125771,1.4610256638179726,0.984560272516183,8.6.0,24.0
137-0003,,2023-10-11 15_53_30,0.0026190822965238,33.278173868556266,1.461035412886077,0.9845602427384514,8.6.0,24.0
137-0003,,2023-10-11 15_53_30,0.0026190822965238,33.278173868556266,1.461035412886077,0.9845602427384514,8.6.0,24.0
137-0003,,2023-10-16 14_50_10,0.0027357304913032,33.6466759856158,1.463895969779856,0.983948331489102,8.6.0,22.0
137-0003,,2023-10-16 14_50_10,0.0027357304913032,33.6466759856158,1.463895969779856,0.983948331489102,8.6.0,22.0
137-0003,,2023-10-16 14_50_10,0.0027358934131268,33.64641735654976,1.463895104471986,0.983946889775581,8.6.0,22.0
137-0003,,2023-10-16 14_50_10,0.0027358934131268,33.64641735654976,1.463895104471986,0.983946889775581,8.6.0,22.0
137-0003,,2023-10-17 15_30_58,0.0031491582313566,32.73194133080779,1.448291972373792,0.9817948114845744,8.6.0,24.0
137-0003,,2023-10-17 15_30_58,0.0031491582313566,32.73194133080779,1.448291972373792,0.9817948114845744,8.6.0,24.0
137-0003,,2023-10-17 15_30_58,0.0031493851346118,32.73162842407367,1.4483036616891978,0.9817936855141406,8.6.0,24.0
137-0003,,2023-10-17 15_30_58,0.0031493851346118,32.73162842407367,1.4483036616891978,0.9817936855141406,8.6.0,24.0
137-0003,,2023-10-18 14_44_55,0.002692600720717,33.27238273996787,1.4599714085250186,0.9845557492545022,8.6.0,24.0
137-0003,,2023-10-18 14_44_55,0.002692600720717,33.27238273996787,1.4599714085250186,0.9845557492545022,8.6.0,24.0
137-0003,,2023-10-18 14_44_55,0.0026922011726432,33.27302722616246,1.4599772645222997,0.9845578449414104,8.6.0,24.0
137-0003,,2023-10-18 14_44_55,0.0026922011726432,33.27302722616246,1.4599772645222997,0.9845578449414104,8.6.0,24.0
137-0003,,2023-10-19 14_04_13,0.0027821206208795,33.27983250983381,1.4589120101460122,0.9839470016959562,8.6.0,24.0
137-0003,,2023-10-19 14_04_13,0.0027821206208795,33.27983250983381,1.4589120101460122,0.9839470016959562,8.6.0,24.0
137-0003,,2023-10-19 14_04_13,0.0027824214010611,33.279363011453675,1.4589140387564965,0.9839459003040948,8.6.0,24.0
137-0003,,2023-10-19 14_04_13,0.0027824214010611,33.279363011453675,1.4589140387564965,0.9839459003040948,8.6.0,24.0
137-0003,,2023-10-23 14_31_53,0.0027247547494106,33.29133774358111,1.4601381107336906,0.9839845751737116,8.6.0,24.0
137-0003,,2023-10-23 14_31_53,0.0027247547494106,33.29133774358111,1.4601381107336906,0.9839845751737116,8.6.0,24.0
137-0003,,2023-10-23 14_31_53,0.0027237736315332,33.29290181393207,1.460110767506501,0.9839881225354136,8.6.0,24.0
137-0003,,2023-10-23 14_31_53,0.0027237736315332,33.29290181393207,1.460110767506501,0.9839881225354136,8.6.0,24.0
137-0003,,2023-10-24 19_47_52,0.0026893833801362,32.99586889469532,1.456753558783501,0.9840620041131036,8.6.0,24.0
137-0003,,2023-10-24 19_47_52,0.0026893833801362,32.99586889469532,1.456753558783501,0.9840620041131036,8.6.0,24.0
137-0003,,2023-10-24 19_47_52,0.0026893758785781,32.995881008586764,1.456745178343283,0.9840618355206286,8.6.0,24.0
137-0003,,2023-10-24 19_47_52,0.0026893758785781,32.995881008586764,1.456745178343283,0.9840618355206286,8.6.0,24.0
137-0003,,2023-10-30 14_32_50,0.0028532346852022,33.64942187990591,1.4634961604695589,0.982588995612325,8.6.0,20.0
137-0003,,2023-10-30 14_32_50,0.0028532346852022,33.64942187990591,1.4634961604695589,0.982588995612325,8.6.0,20.0
137-0003,,2023-10-30 14_32_50,0.0028531905552226,33.64948905122884,1.4634893724706877,0.982590109283584,8.6.0,20.0
137-0003,,2023-10-30 14_32_50,0.0028531905552226,33.64948905122884,1.4634893724706877,0.982590109283584,8.6.0,20.0
137-0003,,2023-10-31 15_05_17,0.0027242606786675,33.895577848221954,1.4674016529758844,0.983711476018394,8.6.0,20.0
137-0003,,2023-10-31 15_05_17,0.0027242606786675,33.895577848221954,1.4674016529758844,0.983711476018394,8.6.0,20.0
137-0003,,2023-10-31 15_05_17,0.0027244623619518,33.89525634192823,1.4673867886571017,0.9837116541054528,8.6.0,20.0
137-0003,,2023-10-31 15_05_17,0.0027244623619518,33.89525634192823,1.4673867886571017,0.9837116541054528,8.6.0,20.0
137-0003,,2023-11-01 14_42_34,0.0026829740171263,33.95561012181992,1.468302966206236,0.98417827071833,8.6.0,20.0
137-0003,,2023-11-01 14_42_34,0.0026829740171263,33.95561012181992,1.468302966206236,0.98417827071833,8.6.0,20.0
137-0003,,2023-11-01 14_42_34,0.0026829847588581,33.955592734154266,1.4683020317016622,0.9841781936358632,8.6.0,20.0
137-0003,,2023-11-01 14_42_34,0.0026829847588581,33.955592734154266,1.4683020317016622,0.9841781936358632,8.6.0,20.0
137-0003,,2023-11-02 15_21_14,0.0026328050770957,33.91257130408766,1.4681366805136828,0.9846032904619356,8.6.0,22.0
137-0003,,2023-11-02 15_21_14,0.0026328050770957,33.91257130408766,1.4681366805136828,0.9846032904619356,8.6.0,22.0
137-0003,,2023-11-02 15_21_14,0.0026324581838316,33.91314355973072,1.468159766935638,0.9846056956987076,8.6.0,22.0
137-0003,,2023-11-02 15_21_14,0.0026324581838316,33.91314355973072,1.468159766935638,0.9846056956987076,8.6.0,22.0
137-0003,,2023-11-06 16_47_46,0.002658921274049,33.27274746584168,1.4610488680166749,0.9844916359790729,8.6.0,22.0
137-0003,,2023-11-06 16_47_46,0.002658921274049,33.27274746584168,1.4610488680166749,0.9844916359790729,8.6.0,22.0
137-0003,,2023-11-06 16_47_46,0.0026587403872951,33.27304292698271,1.4610437674446166,0.9844922816301432,8.6.0,22.0
137-0003,,2023-11-06 16_47_46,0.0026587403872951,33.27304292698271,1.4610437674446166,0.9844922816301432,8.6.0,22.0
137-0003,,2024-02-27 14_34_05,0.0026530110077225,33.15836295654849,1.4591885350250635,0.9844642841164812,8.6.1,29.0
137-0003,,2024-02-27 14_34_05,0.0026530110077225,33.15836295654849,1.4591885350250635,0.9844642841164812,8.6.1,29.0
137-0003,,2024-02-27 14_34_05,0.0026529759363587,33.15842036829832,1.4591875487737092,0.9844645196194765,8.6.1,29.0
137-0003,,2024-02-27 14_34_05,0.0026529759363587,33.15842036829832,1.4591875487737092,0.9844645196194765,8.6.1,29.0
137-0003,,2024-02-26 19_19_14,0.0026869853685171,33.246934238444375,1.46015179512185,0.9842344560625236,8.6.1,29.0
137-0003,,2024-02-26 19_19_14,0.0026869853685171,33.246934238444375,1.46015179512185,0.9842344560625236,8.6.1,29.0
137-0003,,2024-02-26 19_19_14,0.0026866164281246,33.247530593674696,1.4601273231449237,0.9842376171199282,8.6.1,29.0
137-0003,,2024-02-26 19_19_14,0.0026866164281246,33.247530593674696,1.4601273231449237,0.9842376171199282,8.6.1,29.0
137-0003,,2024-02-28 14_47_38,0.002858846013926,33.14123813390218,1.4567365499290097,0.9831621270995377,8.6.1,29.0
137-0003,,2024-02-28 14_47_38,0.002858846013926,33.14123813390218,1.4567365499290097,0.9831621270995377,8.6.1,29.0
137-0003,,2024-02-28 14_47_38,0.0028582893137721,33.142083913446854,1.456725941515914,0.983165757980841,8.6.1,29.0
137-0003,,2024-02-28 14_47_38,0.0028582893137721,33.142083913446854,1.456725941515914,0.983165757980841,8.6.1,29.0
